temperature,humidity,wind_speed,rainfall,weather_severity_score,heavy_rain,high_humidity
20.7,71.3,28.9,53.8,50.76,1,0
28.9,84.4,25.3,67.0,60.07000000000001,1,0
25.3,54.7,12.1,8.0,24.560000000000002,0,0
18.2,91.0,22.4,48.7,53.08,0,1
26.9,78.1,32.6,23.3,41.96,0,0
38.8,32.7,13.3,0.4,16.51,0,0
31.0,41.9,11.9,1.9,18.81,0,0
28.5,77.8,32.3,67.2,59.53,1,0
30.0,47.2,11.8,19.4,27.28,0,0
23.9,82.1,31.9,23.9,42.96,0,0
42.7,27.8,12.8,0.3,15.29,0,0
27.9,75.6,18.9,51.4,49.809999999999995,1,0
34.7,25.6,7.4,4.4,14.39,0,0
42.4,28.4,12.5,2.8,16.38,0,0
23.6,73.9,16.4,40.9,44.17,0,0
44.6,41.8,8.5,3.3,20.02,0,0
20.9,73.9,32.5,24.6,40.60000000000001,0,0
36.8,22.6,14.4,4.6,15.180000000000001,0,0
24.2,67.2,11.8,8.2,28.22,0,0
24.6,79.1,17.0,32.6,42.629999999999995,0,0
20.1,92.7,30.7,60.8,60.279999999999994,1,1
28.1,70.1,20.5,37.5,42.940000000000005,0,0
42.8,39.8,17.8,1.8,20.5,0,0
20.9,97.1,47.2,63.5,66.06,1,1
31.4,30.5,17.9,1.7,16.55,0,0
31.5,57.8,15.8,18.1,30.89,0,0
21.1,90.5,40.0,64.5,63.06,1,1
19.7,96.8,45.6,79.6,71.97,1,1
37.5,33.8,10.9,1.6,16.71,0,0
22.5,84.9,23.8,67.7,59.56,1,0
34.2,31.5,10.9,1.8,15.77,0,0
24.1,94.1,28.0,67.0,63.040000000000006,1,1
29.5,93.1,24.1,57.7,58.78,1,1
39.7,28.1,5.6,2.0,14.32,0,0
20.3,93.3,47.0,80.0,71.42,1,1
40.2,24.3,10.1,4.0,14.93,0,0
23.2,48.2,18.1,11.7,25.080000000000002,0,0
24.7,65.9,24.7,8.7,30.66,0,0
23.6,98.7,46.2,88.5,76.60999999999999,1,1
21.1,75.9,16.5,63.7,53.66,1,0
18.1,73.8,22.6,59.7,52.35,1,0
15.3,93.2,38.5,89.6,73.03,1,1
24.8,81.1,23.9,50.0,51.59,1,0
19.2,92.9,30.3,59.2,59.53000000000001,1,1
28.7,59.9,14.7,10.7,28.060000000000002,0,0
21.2,84.7,15.7,41.4,47.23,0,0
28.0,59.2,21.8,9.7,28.8,0,0
18.0,91.9,26.5,29.5,46.47,0,1
26.4,57.0,20.7,15.5,30.08,0,0
44.1,43.3,8.3,1.4,19.619999999999997,0,0
29.4,45.5,13.1,16.6,25.85,0,0
29.3,72.7,19.7,21.3,37.199999999999996,0,0
29.8,77.8,21.2,49.0,50.16,0,0
33.4,28.9,12.1,0.3,14.549999999999999,0,0
36.8,38.5,16.2,2.2,19.35,0,0
26.1,54.4,19.9,15.4,29.07,0,0
36.8,32.3,14.5,2.8,17.39,0,0
34.6,39.3,6.0,2.5,17.45,0,0
33.3,27.3,6.8,0.8,13.2,0,0
31.5,52.9,16.4,15.2,28.380000000000003,0,0
36.8,27.8,5.8,0.1,13.219999999999999,0,0
24.1,72.5,26.3,25.4,39.58,0,0
26.3,57.7,24.9,10.9,29.279999999999998,0,0
26.3,88.8,34.8,91.8,72.94999999999999,1,1
16.4,99.5,33.8,86.6,72.89,1,1
18.4,78.8,28.7,49.0,50.81999999999999,0,0
22.2,63.8,20.9,8.6,28.979999999999997,0,0
27.9,58.2,24.7,19.8,33.11000000000001,0,0
26.8,91.3,23.2,40.2,50.79,0,1
23.5,83.1,46.4,96.5,75.16,1,0
36.8,29.5,7.5,2.3,14.95,0,0
25.9,90.8,24.5,34.2,48.41,0,1
21.7,82.7,19.1,53.6,52.24,1,0
18.2,93.3,48.2,96.4,78.00999999999999,1,1
20.0,85.8,30.4,30.5,46.019999999999996,0,1
38.4,20.4,14.6,1.2,13.36,0,0
23.7,59.4,18.5,14.2,29.57,0,0
30.1,24.3,11.5,2.2,13.48,0,0
17.5,96.7,30.1,83.6,70.22,1,1
26.1,86.0,46.5,61.0,62.11,1,1
38.8,30.2,8.3,4.4,16.36,0,0
31.1,49.7,19.7,9.8,25.880000000000003,0,0
27.6,81.9,18.6,50.9,51.41,1,0
44.5,24.4,10.7,3.2,15.190000000000001,0,0
20.6,86.1,30.8,80.0,66.05,1,1
37.9,24.5,10.5,0.1,13.280000000000001,0,0
40.8,30.2,13.2,0.9,16.14,0,0
33.0,28.2,8.0,2.7,14.44,0,0
40.4,36.8,10.6,2.3,18.119999999999997,0,0
24.9,93.1,22.3,68.8,62.4,1,1
36.2,34.3,6.9,1.7,15.97,0,0
27.2,47.9,13.1,13.7,25.19,0,0
23.3,57.0,12.2,13.3,27.189999999999998,0,0
23.6,82.8,40.0,69.8,63.120000000000005,1,0
21.6,84.1,23.1,55.1,54.05,1,0
30.3,30.2,11.5,0.7,14.669999999999998,0,0
42.5,24.9,7.4,4.0,14.799999999999999,0,0
35.2,41.0,16.4,4.8,21.02,0,0
33.8,33.9,6.2,1.7,15.469999999999999,0,0
22.1,75.2,17.9,63.9,53.910000000000004,1,0
26.0,62.4,14.5,10.8,28.54,0,0
27.1,53.7,19.2,18.1,29.900000000000002,0,0
25.5,58.6,17.8,16.5,30.290000000000003,0,0
22.2,78.3,23.3,36.2,44.849999999999994,0,0
37.8,26.6,7.6,4.1,14.92,0,0
24.9,86.2,39.1,66.2,62.650000000000006,1,1
18.1,86.7,43.9,81.5,69.2,1,1
28.0,80.2,31.4,99.4,72.9,1,0
18.8,91.5,34.1,57.2,59.03,1,1
23.9,67.0,24.7,15.9,33.79,0,0
30.0,64.1,20.9,13.4,31.769999999999996,0,0
34.3,38.9,14.5,4.2,19.68,0,0
23.5,72.8,33.1,49.8,50.73000000000001,0,0
19.8,88.8,23.4,31.4,45.85999999999999,0,1
24.4,93.7,40.3,90.3,74.72999999999999,1,1
33.9,23.8,5.4,2.1,12.45,0,0
22.9,45.2,24.8,11.1,25.25,0,0
30.7,47.4,12.6,12.7,24.889999999999997,0,0
36.2,40.6,13.4,1.3,19.0,0,0
34.2,35.2,16.5,4.3,19.000000000000004,0,0
20.7,85.5,20.3,39.5,47.580000000000005,0,1
26.4,83.2,15.8,67.3,57.68000000000001,1,0
40.4,44.0,7.2,2.7,19.759999999999998,0,0
37.4,42.7,8.4,2.2,19.11,0,0
28.9,70.1,27.5,56.7,52.1,1,0
18.5,81.1,33.6,69.5,60.699999999999996,1,0
26.7,61.3,10.3,12.3,28.04,0,0
23.4,87.4,28.0,54.7,56.040000000000006,1,1
18.7,70.7,16.6,31.2,38.879999999999995,0,0
42.7,40.1,5.8,3.1,18.7,0,0
33.9,26.1,5.7,4.9,14.320000000000002,0,0
20.5,77.6,33.5,24.5,41.83,0,0
23.7,65.1,17.3,16.2,31.84,0,0
36.1,35.5,6.7,0.7,15.879999999999999,0,0
30.8,58.0,17.6,10.2,28.08,0,0
31.3,57.7,22.3,9.2,28.58,0,0
32.2,22.8,13.5,4.5,14.56,0,0
36.5,27.4,17.0,3.4,16.63,0,0
20.5,72.3,22.8,51.4,48.86,1,0
27.6,55.6,21.3,17.2,30.580000000000002,0,0
25.6,90.3,33.4,59.4,60.09,1,1
20.0,86.1,44.2,72.5,65.67,1,1
32.7,42.8,7.2,3.2,18.83,0,0
24.8,75.4,17.4,30.2,40.66,0,0
26.4,76.9,33.5,57.8,55.53,1,0
25.7,78.1,23.3,21.9,39.419999999999995,0,0
18.1,87.6,41.3,64.4,62.11000000000001,1,1
30.3,47.4,14.7,13.3,25.51,0,0
22.5,91.5,44.2,76.7,69.22,1,1
20.8,95.7,30.3,92.1,73.69,1,1
26.3,80.4,27.1,49.7,52.050000000000004,0,0
23.5,94.0,24.2,24.4,45.15,0,1
37.2,26.9,8.2,4.5,15.23,0,0
44.8,36.0,16.2,1.3,19.04,0,0
36.3,29.7,5.5,3.5,15.04,0,0
42.8,29.5,6.3,2.5,15.39,0,0
27.9,65.2,12.9,11.7,29.61,0,0
37.1,24.2,5.7,5.0,14.110000000000001,0,0
39.1,42.0,11.7,3.8,20.37,0,0
25.4,83.6,31.2,66.0,60.260000000000005,1,0
31.2,34.2,15.6,0.7,16.78,0,0
20.0,75.7,15.2,58.3,51.07,1,0
19.9,80.2,49.3,71.1,64.35,1,0
35.9,43.2,13.1,1.9,19.93,0,0
23.1,61.2,20.8,14.3,30.549999999999997,0,0
26.8,79.0,24.7,42.6,48.36,0,0
41.5,44.4,11.6,1.1,20.229999999999997,0,0
20.5,77.7,24.4,65.9,56.6,1,0
39.7,33.6,7.9,2.9,16.79,0,0
21.7,80.0,31.8,42.3,49.45,0,0
27.5,89.9,19.1,44.8,51.46,0,1
29.1,56.9,12.2,18.1,29.660000000000004,0,0
22.3,84.4,20.3,41.5,48.21,0,0
26.5,79.3,32.0,44.6,50.67999999999999,0,0
38.3,36.4,15.8,3.0,19.11,0,0
23.8,63.6,21.4,11.7,30.419999999999998,0,0
41.7,40.8,14.7,2.6,20.39,0,0
25.2,98.4,37.2,71.5,68.08,1,1
24.9,76.3,32.3,53.8,53.36,1,0
27.9,78.3,23.9,59.1,54.699999999999996,1,0
23.4,60.4,17.5,11.8,28.679999999999996,0,0
35.6,21.4,14.7,3.3,14.24,0,0
20.6,94.7,40.6,84.6,72.43,1,1
39.4,28.2,13.1,1.8,15.74,0,0
27.5,70.1,16.8,46.0,45.54,0,0
28.8,72.3,17.3,45.3,46.150000000000006,0,0
44.7,30.1,10.5,1.6,16.240000000000002,0,0
26.9,89.8,18.7,39.5,49.169999999999995,0,1
18.1,95.6,41.8,72.2,67.73,1,1
22.0,82.5,24.2,63.7,57.27000000000001,1,0
31.7,33.8,6.5,4.6,16.45,0,0
30.8,38.5,8.7,1.3,16.89,0,0
27.9,66.2,16.7,11.9,30.75,0,0
23.5,90.0,28.0,33.2,48.230000000000004,0,1
29.4,71.2,28.5,41.5,46.6,0,0
23.1,98.2,48.5,83.8,74.99000000000001,1,1
38.7,31.0,16.3,2.5,17.43,0,0
18.6,84.5,32.9,32.1,46.629999999999995,0,0
36.9,27.2,10.5,5.0,15.95,0,0
15.5,92.4,34.9,71.8,64.97,1,1
21.9,81.4,35.3,60.3,57.790000000000006,1,0
44.4,27.1,8.0,3.3,15.490000000000002,0,0
19.1,92.1,22.0,36.2,48.42,0,1
18.1,70.1,16.8,49.4,45.96,0,0
29.6,47.2,23.7,6.4,24.42,0,0
38.0,26.5,10.6,1.5,14.469999999999999,0,0
19.4,90.1,40.2,64.9,62.97,1,1
42.4,20.9,11.8,3.5,14.270000000000001,0,0
27.6,68.3,13.9,5.3,28.150000000000002,0,0
22.8,94.1,22.7,21.9,43.809999999999995,0,1
22.8,90.6,32.6,69.5,63.78,1,1
27.6,45.1,23.3,10.1,24.990000000000002,0,0
42.7,26.7,9.7,1.0,14.620000000000001,0,0
28.3,47.3,24.6,10.2,26.020000000000003,0,0
41.5,23.4,7.4,4.2,14.33,0,0
22.2,65.1,15.4,5.2,26.909999999999997,0,0
36.7,20.7,9.7,4.9,13.78,0,0
26.5,91.9,18.4,27.0,44.7,0,1
27.7,75.5,26.0,61.9,55.38,1,0
32.1,41.2,5.8,1.2,17.21,0,0
30.8,22.4,13.0,2.9,13.56,0,0
24.7,53.1,24.9,11.0,27.779999999999998,0,0
28.2,93.2,33.2,34.5,51.220000000000006,0,1
26.7,83.7,26.3,55.2,55.12,1,0
40.3,40.5,12.0,2.2,19.46,0,0
18.1,96.2,33.9,88.5,72.85,1,1
24.6,73.5,29.7,37.5,45.449999999999996,0,0
25.8,70.5,18.3,28.9,38.95,0,0
31.8,53.9,12.1,18.2,29.049999999999997,0,0
22.8,54.6,14.2,9.9,25.46,0,0
44.0,27.7,12.1,2.7,16.21,0,0
39.7,21.7,6.2,4.0,13.32,0,0
34.7,34.1,6.5,0.8,15.320000000000002,0,0
18.2,88.2,40.0,60.4,60.440000000000005,1,1
27.6,71.0,22.9,38.4,43.99999999999999,0,0
43.6,22.8,14.7,4.7,16.02,0,0
23.5,96.6,42.8,90.4,76.05,1,1
27.8,61.0,24.1,17.5,32.9,0,0
24.9,50.3,12.4,16.7,26.739999999999995,0,0
29.6,58.6,12.2,14.9,28.94,0,0
23.8,80.3,16.2,36.7,44.39000000000001,0,0
30.1,64.0,10.6,16.1,30.770000000000003,0,0
28.1,86.0,24.4,31.8,46.21000000000001,0,1
40.8,30.0,12.6,2.6,16.64,0,0
37.9,25.9,14.2,4.7,16.28,0,0
20.6,74.4,22.2,35.6,43.06,0,0
27.8,63.3,19.1,18.5,32.99,0,0
20.2,97.9,34.1,89.6,74.05,1,1
37.6,29.7,12.4,4.9,17.110000000000003,0,0
20.7,74.0,24.6,68.2,56.470000000000006,1,0
18.1,78.5,19.3,35.4,43.38,0,0
31.5,68.9,24.2,13.0,33.86,0,0
25.6,45.3,21.1,16.2,26.85,0,0
42.7,39.9,13.3,2.3,19.82,0,0
40.8,35.0,14.9,4.9,19.520000000000003,0,0
19.2,92.0,26.7,43.8,52.379999999999995,0,1
22.2,74.0,28.1,57.7,53.120000000000005,1,0
22.1,72.9,34.3,27.0,41.74,0,0
35.1,39.7,11.9,4.4,19.560000000000002,0,0
23.4,88.1,17.3,58.9,55.78999999999999,1,1
16.0,81.6,42.2,62.6,59.559999999999995,1,0
30.6,20.9,11.6,3.3,12.97,0,0
22.4,93.2,42.2,91.7,75.32,1,1
44.0,31.3,8.8,4.3,17.270000000000003,0,0
30.4,29.7,11.4,2.7,15.309999999999999,0,0
17.4,92.8,31.7,66.2,62.40000000000001,1,1
31.6,29.7,14.4,3.4,16.310000000000002,0,0
26.7,57.0,14.6,13.2,27.97,0,0
19.7,76.7,22.4,32.7,42.54,0,0
27.9,57.9,21.1,6.0,26.779999999999994,0,0
25.7,92.1,45.7,65.5,65.53999999999999,1,1
26.8,86.8,35.4,99.5,75.60000000000001,1,1
22.5,46.8,12.2,11.4,23.290000000000003,0,0
25.2,90.4,39.0,93.1,74.67999999999999,1,1
33.9,27.9,15.4,3.5,16.24,0,0
23.4,76.6,16.8,66.4,55.239999999999995,1,0
27.3,87.0,33.2,80.0,67.47,1,1
27.6,83.5,18.9,51.9,52.35,1,0
18.9,92.1,49.0,75.4,69.48,1,1
28.6,68.3,12.9,19.7,33.809999999999995,0,0
21.6,73.1,29.9,42.7,47.14999999999999,0,0
24.9,65.0,18.8,16.2,32.230000000000004,0,0
28.4,72.4,25.0,33.7,43.040000000000006,0,0
18.3,77.2,17.6,27.1,39.35,0,0
22.2,52.4,18.3,15.0,27.599999999999998,0,0
41.1,44.5,8.5,2.4,20.119999999999997,0,0
44.6,30.0,7.2,2.2,15.780000000000001,0,0
18.0,99.6,38.8,87.2,74.32,1,1
44.4,41.6,11.6,4.9,21.200000000000003,0,0
34.5,43.0,10.3,2.5,19.41,0,0
40.0,32.3,11.7,3.6,17.47,0,0
21.3,71.0,15.2,28.4,37.83,0,0
25.1,70.6,23.4,27.6,39.41,0,0
19.3,80.1,43.4,96.3,73.16,1,0
26.0,83.9,24.8,42.8,49.85000000000001,0,0
22.3,66.8,24.3,15.8,33.449999999999996,0,0
28.7,79.0,23.2,47.3,50.129999999999995,0,0
25.9,94.9,33.1,60.1,61.72000000000001,1,1
38.9,23.9,15.6,4.3,15.899999999999999,0,0
21.8,83.4,19.2,54.3,52.76,1,0
43.9,34.7,15.9,4.8,19.9,0,0
34.5,31.6,6.1,3.0,15.350000000000001,0,0
26.0,55.5,13.4,17.2,28.81,0,0
25.8,93.5,44.7,91.8,76.28999999999999,1,1
37.6,40.4,12.9,2.0,19.26,0,0
29.3,68.1,20.0,18.2,34.64,0,0
25.2,89.9,31.4,29.1,47.410000000000004,0,1
18.6,75.0,31.3,29.7,42.5,0,0
25.5,71.3,19.3,47.6,46.839999999999996,0,0
27.7,62.8,18.6,18.1,32.57000000000001,0,0
30.4,69.6,11.2,6.5,28.759999999999998,0,0
27.5,92.0,27.7,46.1,54.33,0,1
16.5,83.9,36.5,71.9,62.88,1,0
27.0,82.3,40.9,65.6,61.809999999999995,1,0
20.1,88.1,31.9,32.8,47.94,0,1
37.4,29.2,11.1,2.3,15.64,0,0
42.6,20.4,7.5,1.6,12.52,0,0
31.3,66.9,12.0,9.8,29.52,0,0
21.8,82.4,18.7,39.1,46.28,0,0
32.6,38.8,12.0,4.4,19.06,0,0
34.6,26.6,6.6,0.8,13.080000000000002,0,0
25.7,83.9,34.7,43.3,52.00000000000001,0,0
38.1,25.9,13.0,4.2,15.86,0,0
22.8,53.3,14.3,16.0,27.53,0,0
41.0,34.8,12.9,1.5,17.72,0,0
22.4,90.0,42.8,68.9,65.36,1,1
29.5,69.9,22.0,17.5,35.32000000000001,0,0
20.4,88.1,34.3,36.5,49.93,0,1
19.5,83.7,44.7,89.1,71.64,1,0
31.4,45.9,21.3,11.7,25.85,0,0
26.5,65.0,16.7,8.5,28.89,0,0
38.2,21.1,8.9,3.3,13.25,0,0
25.9,99.3,35.4,79.2,71.14,1,1
40.0,40.8,11.7,2.4,19.54,0,0
25.6,86.0,36.3,72.4,64.58,1,1
22.6,54.5,24.8,9.0,27.17,0,0
16.2,94.8,44.6,87.3,73.9,1,1
38.0,33.7,9.7,1.2,16.330000000000002,0,0
20.9,86.5,29.3,59.5,57.7,1,1
26.6,50.8,21.3,10.6,26.4,0,0
26.9,47.3,11.7,13.3,24.54,0,0
27.0,86.5,18.5,54.4,54.11000000000001,1,1
19.7,93.9,22.4,48.5,54.02,0,1
27.3,87.2,23.9,46.7,52.35000000000001,0,1
23.3,84.9,29.8,66.7,60.440000000000005,1,0
23.6,93.9,46.2,74.4,69.53,1,1
20.3,87.6,33.5,23.7,44.49,0,1
22.8,89.2,24.6,50.5,54.16000000000001,1,1
25.1,80.1,24.8,52.0,52.3,1,0
27.9,73.5,29.7,37.8,45.9,0,0
31.3,45.5,13.7,12.9,24.680000000000003,0,0
19.2,73.8,30.7,58.5,53.6,1,0
27.3,54.8,20.3,19.9,31.19,0,0
20.6,89.4,39.9,73.5,66.26,1,1
18.9,91.7,39.1,86.8,71.94000000000001,1,1
35.4,39.0,12.0,1.1,18.08,0,0
24.2,46.4,18.5,15.9,26.4,0,0
21.7,83.8,38.5,93.2,72.29,1,0
37.1,27.0,12.2,2.1,15.09,0,0
18.1,88.4,21.8,43.2,49.97,0,1
30.6,69.9,24.4,18.7,36.39000000000001,0,0
34.3,35.9,15.8,2.9,18.52,0,0
25.0,82.8,46.8,91.7,73.38,1,0
20.2,94.1,18.2,69.4,61.650000000000006,1,1
19.0,81.2,38.8,79.7,65.9,1,0
18.6,98.9,30.5,87.8,72.74999999999999,1,1
29.4,68.1,19.1,11.4,31.749999999999996,0,0
25.7,92.0,17.8,55.8,56.050000000000004,1,1
20.8,94.9,29.1,43.6,53.81,0,1
16.8,83.8,35.0,97.0,72.62,1,0
22.2,90.1,32.9,57.7,58.91,1,1
24.3,79.8,21.2,64.3,56.33,1,0
22.4,66.5,10.3,11.6,28.889999999999997,0,0
37.1,35.7,15.8,0.9,17.94,0,0
26.6,45.3,18.9,9.2,23.709999999999997,0,0
24.7,63.9,12.8,7.0,27.0,0,0
27.6,48.1,17.5,16.1,27.130000000000003,0,0
31.4,66.6,23.5,12.8,32.94,0,0
39.3,33.0,11.9,3.0,17.410000000000004,0,0
32.1,39.3,8.0,1.2,17.08,0,0
20.6,75.9,28.9,39.7,46.49000000000001,0,0
24.0,92.5,30.0,35.3,50.269999999999996,0,1
40.5,35.7,16.3,0.0,18.02,0,0
42.9,26.6,11.3,0.3,14.649999999999999,0,0
20.3,81.0,25.8,62.2,56.370000000000005,1,0
24.6,72.4,34.6,33.3,44.42000000000001,0,0
23.9,47.8,14.1,18.3,26.869999999999997,0,0
26.7,46.8,15.8,9.4,23.630000000000003,0,0
16.2,90.9,43.0,72.4,66.45,1,1
15.3,88.5,32.9,86.2,69.14,1,1
15.8,92.7,49.4,75.4,69.42999999999999,1,1
35.4,21.1,16.5,2.0,13.969999999999999,0,0
24.0,99.3,38.7,87.8,75.05,1,1
20.4,90.3,28.9,22.8,44.03,0,1
28.3,62.1,12.7,12.7,29.08,0,0
42.4,21.5,12.1,4.3,14.83,0,0
20.5,76.4,18.5,55.9,51.03,1,0
44.7,37.8,13.8,0.7,18.849999999999998,0,0
43.8,33.1,10.1,3.4,17.689999999999998,0,0
23.8,56.5,17.9,6.2,25.389999999999997,0,0
29.8,77.9,24.4,47.3,50.150000000000006,0,0
27.7,49.2,13.1,14.4,25.91,0,0
44.3,26.3,10.9,2.6,15.54,0,0
27.2,55.6,16.7,6.0,25.139999999999997,0,0
23.0,98.3,42.4,82.4,73.23,1,1
30.3,63.6,11.6,10.2,28.509999999999998,0,0
25.2,74.1,19.1,25.0,38.57,0,0
25.1,74.9,21.7,54.5,51.12,1,0
37.4,35.0,5.1,3.6,16.7,0,0
27.8,56.8,13.9,8.7,26.080000000000002,0,0
27.3,85.4,30.4,42.6,51.47,0,1
21.3,85.1,29.4,30.2,45.620000000000005,0,1
27.2,91.4,15.2,67.2,60.06,1,1
33.1,27.6,10.5,1.4,14.25,0,0
39.9,22.1,14.6,1.1,13.98,0,0
30.0,31.6,15.5,1.3,16.1,0,0
29.0,78.6,23.6,20.8,39.519999999999996,0,0
29.6,73.2,19.5,42.9,45.980000000000004,0,0
29.4,74.6,16.6,38.4,43.99999999999999,0,0
24.2,78.8,17.9,34.9,43.599999999999994,0,0
21.6,85.6,24.3,49.6,52.53999999999999,0,1
28.7,79.6,16.2,31.0,42.39,0,0
27.3,89.5,30.2,77.2,66.5,1,1
24.6,48.4,14.5,20.0,27.880000000000003,0,0
23.6,45.4,19.3,14.8,25.759999999999998,0,0
33.5,37.7,14.1,2.3,18.400000000000002,0,0
31.5,63.8,21.8,17.9,33.809999999999995,0,0
24.0,94.5,34.9,37.0,52.529999999999994,0,1
19.7,94.3,46.4,60.8,63.86,1,1
45.0,31.5,17.3,3.2,18.69,0,0
28.1,59.4,21.9,15.3,31.130000000000003,0,0
41.1,25.3,9.8,4.1,15.3,0,0
32.0,41.5,15.8,2.9,19.97,0,0
22.1,94.8,26.8,48.8,55.529999999999994,0,1
31.0,35.8,17.9,3.4,18.779999999999998,0,0
27.3,62.7,13.3,12.7,29.28,0,0
30.5,41.2,17.3,3.3,20.19,0,0
43.7,32.6,10.6,1.0,16.67,0,0
22.6,72.4,33.9,46.3,49.28,0,0
25.9,91.7,31.9,48.6,55.92,0,1
26.0,96.8,44.7,64.1,66.22,1,1
28.7,89.7,34.8,23.3,46.06,0,1
22.0,84.2,32.5,67.3,60.88000000000001,1,0
31.2,42.0,7.1,1.3,17.66,0,0
34.2,43.9,11.4,3.8,20.39,0,0
28.2,56.3,13.5,7.6,25.449999999999996,0,0
28.0,64.9,20.0,19.1,33.910000000000004,0,0
27.0,57.5,13.5,12.7,27.729999999999997,0,0
30.7,44.1,17.1,0.7,20.0,0,0
36.5,28.5,13.5,2.1,15.74,0,0
28.2,65.7,22.9,7.2,29.990000000000002,0,0
40.8,21.5,14.3,1.3,13.910000000000002,0,0
22.1,61.7,21.5,13.2,30.300000000000004,0,0
28.5,57.4,24.7,11.1,29.450000000000003,0,0
35.1,26.9,8.1,2.3,14.12,0,0
23.0,62.4,15.7,14.6,30.0,0,0
22.6,96.3,36.7,90.1,74.53,1,1
44.0,25.7,5.2,3.5,14.549999999999999,0,0
39.7,24.7,10.1,0.2,13.48,0,0
22.8,96.2,49.4,74.6,70.86,1,1
24.6,89.6,34.0,59.4,59.9,1,1
42.1,23.3,13.5,2.9,15.060000000000002,0,0
36.3,30.6,17.1,2.5,17.23,0,0
33.7,23.9,10.1,3.1,13.8,0,0
21.7,78.5,15.1,63.5,54.14000000000001,1,0
27.8,93.1,45.8,91.2,76.35,1,1
23.7,87.5,41.5,62.0,61.71999999999999,1,1
26.6,79.3,19.6,58.0,53.57000000000001,1,0
22.8,68.5,15.2,16.6,32.51,0,0
16.3,83.4,39.6,86.0,68.97,1,0
21.7,81.0,26.6,56.6,54.43,1,0
35.3,34.7,10.9,4.9,18.080000000000002,0,0
35.8,34.6,15.6,1.8,17.800000000000004,0,0
43.2,22.3,10.2,1.0,13.450000000000001,0,0
29.1,61.4,10.9,17.7,30.59,0,0
31.3,61.4,14.9,19.5,32.33,0,0
21.9,81.4,18.0,46.0,48.61000000000001,0,0
27.2,68.7,14.1,16.7,32.83,0,0
18.9,90.9,32.4,21.5,44.239999999999995,0,1
31.9,37.4,15.4,3.8,19.009999999999998,0,0
28.7,55.9,21.7,6.2,26.46,0,0
19.5,70.2,20.3,26.7,37.75,0,0
37.9,25.7,15.5,1.1,15.04,0,0
21.3,90.8,33.3,47.7,55.11000000000001,0,1
21.3,87.5,31.5,71.4,63.24,1,1
31.7,43.6,12.9,4.6,20.67,0,0
27.9,61.0,11.2,12.4,28.29,0,0
30.9,22.1,6.7,4.4,12.82,0,0
35.9,29.2,17.4,2.0,16.630000000000003,0,0
22.9,88.6,33.1,43.9,53.050000000000004,0,1
24.1,72.9,22.0,55.6,50.92,1,0
33.6,39.0,8.5,3.6,18.2,0,0
36.1,25.1,12.9,2.5,14.720000000000002,0,0
34.5,21.1,11.1,2.5,13.0,0,0
23.5,88.0,25.9,46.9,52.69,0,1
19.8,89.7,25.8,24.8,43.96999999999999,0,1
38.6,36.9,16.3,0.2,18.27,0,0
20.0,82.0,26.2,59.9,55.800000000000004,1,0
15.7,89.8,45.7,72.3,66.57,1,1
25.5,84.6,21.5,23.9,41.78999999999999,0,0
34.1,27.2,16.7,4.5,16.71,0,0
23.4,60.9,20.5,14.6,30.55,0,0
24.2,85.0,21.0,34.3,45.84,0,1
31.5,66.9,14.0,12.5,31.020000000000003,0,0
25.1,65.6,24.9,15.2,33.25,0,0
41.4,36.8,12.5,1.3,18.2,0,0
39.4,30.2,12.5,2.6,16.54,0,0
20.3,99.0,39.2,68.5,66.97,1,1
23.1,90.8,49.4,77.7,70.51,1,1
30.9,57.4,16.0,12.6,28.549999999999997,0,0
26.3,80.2,15.1,67.6,56.75,1,0
42.2,29.6,9.5,3.5,16.400000000000002,0,0
38.9,34.8,7.0,3.7,17.21,0,0
30.8,25.9,14.7,0.2,13.87,0,0
22.6,98.5,42.6,87.3,75.25,1,1
39.6,22.0,7.9,1.4,12.7,0,0
20.3,93.2,26.5,33.1,48.53,0,1
40.0,43.0,9.4,3.9,20.34,0,0
41.0,43.8,10.9,3.0,20.62,0,0
26.9,88.4,32.2,46.0,54.05,0,1
28.9,58.4,14.9,13.9,28.95,0,0
31.5,39.0,15.9,4.2,19.71,0,0
21.0,92.6,33.1,81.6,69.14,1,1
25.8,92.2,16.1,46.5,52.06,0,1
19.0,78.7,25.6,66.4,57.190000000000005,1,0
30.8,67.0,14.9,9.3,29.880000000000003,0,0
29.3,56.1,15.8,10.5,27.119999999999997,0,0
17.4,91.5,47.3,88.2,73.92999999999999,1,1
18.5,92.2,21.6,31.9,46.59,0,1
30.7,67.1,11.1,16.7,32.099999999999994,0,0
31.0,48.1,12.0,13.0,25.130000000000003,0,0
35.7,39.8,5.8,2.3,17.59,0,0
25.6,84.1,25.5,52.0,53.690000000000005,1,0
15.0,84.2,34.4,62.4,58.6,1,0
22.4,87.3,43.7,90.5,73.36999999999999,1,1
27.2,83.7,17.3,25.7,41.57,0,0
27.0,54.8,20.3,7.6,26.24,0,0
29.9,57.0,23.9,6.3,27.39,0,0
30.2,49.2,18.3,14.6,27.28,0,0
44.4,40.5,13.7,3.7,20.810000000000002,0,0
39.8,41.5,16.1,2.3,20.57,0,0
25.1,76.3,24.1,21.8,38.94,0,0
41.4,42.5,10.2,4.8,20.85,0,0
42.1,33.1,9.5,0.5,16.24,0,0
29.8,66.8,12.8,17.2,32.459999999999994,0,0
27.2,74.4,24.1,32.4,42.82,0,0
27.3,46.8,15.7,11.2,24.39,0,0
44.4,33.3,16.1,4.9,19.61,0,0
29.0,45.5,20.2,8.8,24.11,0,0
38.5,27.0,5.6,2.4,14.029999999999998,0,0
22.5,82.7,43.5,89.2,71.44,1,0
24.4,64.9,21.0,5.0,28.110000000000003,0,0
31.0,48.2,18.7,18.7,28.78,0,0
26.3,83.6,18.8,49.5,51.269999999999996,0,0
32.1,41.0,5.1,1.5,17.13,0,0
42.8,25.4,9.7,4.5,15.64,0,0
25.1,74.2,22.3,52.5,50.230000000000004,1,0
24.3,98.7,42.7,68.0,67.78000000000002,1,1
23.8,82.9,27.3,29.5,44.510000000000005,0,0
36.3,29.8,9.8,3.5,15.93,0,0
27.2,94.2,18.0,64.5,60.38,1,1
42.0,26.6,13.9,1.1,15.399999999999999,0,0
31.9,27.6,7.2,2.4,13.869999999999997,0,0
40.6,31.6,6.9,4.0,16.520000000000003,0,0
26.9,75.1,19.1,60.1,53.08,1,0
22.2,48.2,11.2,19.2,26.599999999999998,0,0
24.8,65.4,12.4,11.4,29.14,0,0
34.0,35.7,11.6,0.1,16.47,0,0
39.0,39.0,7.3,0.9,17.42,0,0
21.8,88.6,23.3,41.8,50.13999999999999,0,1
30.2,68.0,16.6,8.8,30.259999999999998,0,0
28.1,90.9,20.1,69.9,62.06000000000001,1,1
31.0,62.8,13.1,6.6,27.200000000000003,0,0
21.1,83.7,19.7,43.6,48.599999999999994,0,0
35.2,28.1,5.9,0.2,13.21,0,0
23.8,59.8,19.9,14.6,30.139999999999997,0,0
28.4,63.2,10.5,8.8,27.42,0,0
28.3,72.8,32.7,58.9,54.77,1,0
39.1,25.1,10.1,4.8,15.379999999999999,0,0
21.0,74.5,31.7,42.6,47.830000000000005,0,0
32.7,24.6,16.2,0.9,14.25,0,0
29.3,51.7,19.8,19.7,30.28,0,0
20.1,86.1,47.8,82.9,70.56,1,1
17.4,97.3,33.4,84.0,71.21,1,1
23.7,63.7,10.3,10.0,27.54,0,0
29.0,57.5,11.2,15.0,28.39,0,0
40.8,23.2,17.1,4.0,16.060000000000002,0,0
40.6,43.0,6.0,1.9,18.92,0,0
36.0,43.8,6.0,0.3,18.06,0,0
26.6,84.9,22.0,37.5,47.53,0,0
22.5,74.7,24.6,44.6,47.42,0,0
21.1,82.7,27.0,57.4,55.279999999999994,1,0
38.0,42.9,14.7,1.4,20.17,0,0
26.2,90.1,22.3,22.1,42.949999999999996,0,1
21.2,91.1,29.8,61.1,59.849999999999994,1,1
18.5,87.1,39.0,93.9,73.33999999999999,1,1
24.8,48.5,23.9,13.7,27.290000000000003,0,0
32.4,33.8,12.2,0.5,16.019999999999996,0,0
40.7,42.2,15.9,2.3,20.830000000000002,0,0
25.3,64.8,13.5,9.7,28.549999999999997,0,0
38.4,28.4,6.3,0.5,13.819999999999999,0,0
32.5,32.6,5.1,0.0,14.049999999999999,0,0
15.5,91.2,45.1,65.1,63.97,1,1
22.1,49.6,23.9,18.0,29.07,0,0
16.6,81.2,35.8,63.1,58.42,1,0
25.2,91.2,22.8,63.1,59.68000000000001,1,1
26.4,87.0,17.4,28.0,43.419999999999995,0,1
31.9,51.6,21.9,8.1,26.29,0,0
25.8,54.8,23.5,11.4,28.28,0,0
23.2,51.0,21.6,14.3,27.66,0,0
42.8,24.1,15.1,1.4,15.09,0,0
26.8,77.9,18.0,42.9,46.81,0,0
40.5,44.1,11.1,4.3,21.220000000000002,0,0
26.8,73.2,22.7,50.0,49.18,1,0
32.2,43.1,15.3,0.3,19.33,0,0
29.5,94.1,34.9,64.2,63.84,1,1
26.9,87.1,25.5,52.3,54.839999999999996,1,1
41.7,22.3,10.7,4.5,14.8,0,0
23.0,52.5,19.1,13.6,27.310000000000002,0,0
30.3,36.2,7.9,3.9,17.03,0,0
24.6,79.0,24.1,45.6,49.22,0,0
23.4,95.2,32.2,91.4,73.9,1,1
33.0,23.4,17.2,3.7,15.24,0,0
42.5,33.4,15.0,4.0,18.869999999999997,0,0
36.2,27.6,15.6,3.5,16.42,0,0
22.1,93.3,37.1,70.3,65.74,1,1
29.9,57.8,24.2,10.7,29.450000000000003,0,0
21.3,89.6,42.1,80.1,69.47,1,1
30.5,46.4,19.6,5.9,23.250000000000004,0,0
20.2,82.9,33.8,30.8,45.97,0,0
23.5,56.3,15.0,7.2,25.119999999999997,0,0
29.0,53.0,14.5,17.2,28.58,0,0
30.2,63.8,20.1,8.4,29.539999999999996,0,0
21.8,93.1,41.2,60.7,62.629999999999995,1,1
34.9,24.1,10.8,4.1,14.520000000000001,0,0
45.0,40.6,10.3,3.4,20.1,0,0
27.2,92.3,17.8,58.5,57.370000000000005,1,1
29.6,52.8,25.0,7.9,26.96,0,0
40.6,26.4,13.6,4.4,16.46,0,0
16.0,93.7,37.5,72.5,66.21,1,1
28.1,48.4,12.8,17.7,26.970000000000006,0,0
24.7,65.9,24.3,9.8,31.02,0,0
21.8,95.0,29.9,34.8,50.580000000000005,0,1
30.4,43.0,8.5,1.5,18.24,0,0
25.6,61.4,10.6,7.5,26.1,0,0
18.2,76.1,34.5,20.2,39.629999999999995,0,0
26.3,90.6,16.5,56.2,55.589999999999996,1,1
41.8,41.5,8.4,2.7,19.39,0,0
29.4,46.3,18.7,19.2,28.250000000000004,0,0
28.4,79.2,34.4,23.2,42.760000000000005,0,0
28.2,46.4,15.2,10.6,24.02,0,0
35.0,43.3,11.3,4.1,20.39,0,0
26.8,81.0,22.0,43.3,48.7,0,0
24.9,69.4,21.8,14.2,33.35,0,0
35.6,34.1,16.7,5.0,19.130000000000003,0,0
32.7,29.4,5.0,3.6,14.529999999999998,0,0
31.6,57.9,10.1,17.5,29.549999999999997,0,0
26.8,77.1,19.0,63.8,55.129999999999995,1,0
41.2,24.2,10.7,4.9,15.48,0,0
20.9,86.0,32.5,68.9,61.95,1,1
37.7,20.5,12.3,0.0,12.379999999999999,0,0
34.5,31.6,11.2,0.1,15.21,0,0
18.4,73.3,24.7,64.3,54.489999999999995,1,0
41.2,27.8,5.5,0.2,13.64,0,0
38.3,42.2,17.9,2.5,21.07,0,0
27.3,48.9,24.3,8.2,25.54,0,0
18.0,86.2,40.4,69.3,63.459999999999994,1,1
20.2,95.5,30.6,70.9,65.15,1,1
31.7,52.7,12.8,8.0,24.740000000000002,0,0
25.8,57.2,15.4,13.7,28.299999999999997,0,0
24.8,56.0,22.3,14.5,29.540000000000003,0,0
29.5,63.9,23.0,5.6,28.959999999999997,0,0
44.5,23.0,17.8,2.9,16.07,0,0
35.6,40.4,10.1,0.6,17.939999999999998,0,0
25.6,91.5,43.9,98.6,78.23,1,1
33.1,44.2,7.8,3.5,19.53,0,0
29.0,95.0,18.5,43.1,52.34,0,1
39.0,20.2,16.8,0.0,13.32,0,0
35.7,35.0,11.8,0.8,16.75,0,0
39.2,41.6,14.8,0.4,19.520000000000003,0,0
22.8,46.5,15.1,17.9,26.41,0,0
23.6,48.0,23.6,13.9,27.04,0,0
29.5,56.6,17.3,6.7,26.07,0,0
24.8,95.3,38.6,71.1,67.23,1,1
38.5,25.0,5.7,2.1,13.33,0,0
37.0,42.4,11.0,2.1,19.459999999999997,0,0
29.1,58.0,25.0,6.5,27.91,0,0
36.3,40.3,7.2,3.9,18.72,0,0
29.1,94.5,15.7,69.4,62.16,1,1
23.6,84.5,27.9,29.2,44.97,0,0
20.6,91.8,42.2,70.3,66.16,1,1
27.1,96.5,38.1,88.0,74.48,1,1
29.5,72.3,19.4,22.9,37.68,0,0
24.5,61.7,11.9,11.0,27.740000000000002,0,0
32.1,26.8,17.5,1.0,15.15,0,0
25.6,79.0,25.1,43.2,48.56000000000001,0,0
35.0,22.7,7.0,4.2,13.39,0,0
19.2,92.9,48.2,63.6,64.87,1,1
25.6,52.0,22.9,14.8,28.660000000000004,0,0
38.7,40.5,8.1,4.0,19.240000000000002,0,0
17.5,92.2,30.3,92.5,72.47,1,1
40.5,32.6,17.4,0.7,17.59,0,0
27.5,85.0,46.8,79.5,69.41,1,1
33.4,23.6,13.3,2.8,14.2,0,0
25.2,87.4,27.2,20.7,42.46,0,1
40.4,25.1,6.1,1.1,13.23,0,0
23.7,60.2,24.2,8.2,28.55,0,0
17.3,93.0,31.4,76.9,66.67,1,1
26.2,88.6,24.5,23.0,43.3,0,1
26.9,91.3,23.9,60.6,59.099999999999994,1,1
37.1,31.3,11.5,2.9,16.560000000000002,0,0
23.0,89.7,31.3,62.6,60.51,1,1
19.9,90.7,26.1,31.6,47.06,0,1
33.2,30.3,6.8,4.1,15.41,0,0
30.8,30.4,17.0,2.1,16.439999999999998,0,0
23.2,86.7,31.9,72.1,63.550000000000004,1,1
42.2,31.9,16.4,3.9,18.63,0,0
40.7,20.6,17.9,2.8,14.950000000000001,0,0
23.6,83.8,33.6,55.4,56.379999999999995,1,0
25.3,83.4,31.7,80.6,66.13000000000001,1,0
42.6,20.0,15.3,0.9,13.680000000000003,0,0
28.7,65.1,23.4,14.1,32.72,0,0
19.5,74.1,16.5,63.2,52.76,1,0
22.4,94.7,39.7,71.7,67.27,1,1
36.5,30.5,11.3,0.4,15.22,0,0
23.7,91.9,41.7,96.5,76.88000000000001,1,1
23.9,79.5,27.5,35.6,45.980000000000004,0,0
26.1,47.4,14.8,10.9,24.15,0,0
31.8,57.2,11.0,5.7,24.82,0,0
29.6,66.5,24.6,10.2,31.910000000000004,0,0
22.7,65.6,20.5,9.5,29.849999999999998,0,0
18.3,87.6,32.2,97.6,73.58999999999999,1,1
38.2,23.3,7.2,0.2,12.33,0,0
25.7,74.5,27.8,64.2,56.160000000000004,1,0
21.0,87.2,19.3,48.0,51.32,0,1
38.8,24.2,7.1,0.9,12.919999999999998,0,0
35.1,39.2,6.7,1.9,17.37,0,0
22.3,88.9,27.0,60.7,58.58,1,1
37.7,24.2,14.8,0.8,14.310000000000002,0,0
22.8,53.8,19.4,16.1,28.74,0,0
20.8,73.3,31.3,69.9,58.29,1,0
30.0,58.5,23.7,16.9,32.050000000000004,0,0
24.7,89.9,16.6,28.4,44.12,0,1
20.6,97.2,30.4,69.1,64.94,1,1
22.1,80.1,47.7,69.5,63.58,1,0
20.9,90.6,31.7,56.6,58.25,1,1
43.7,37.9,15.1,2.7,19.84,0,0
41.8,44.7,6.2,4.0,20.43,0,0
29.7,67.2,12.7,10.2,29.75,0,0
25.8,92.9,34.9,49.6,57.27000000000001,0,1
21.0,82.3,46.6,79.9,68.07,1,0
22.3,87.9,43.0,88.5,72.6,1,1
39.3,35.0,12.6,2.4,17.91,0,0
35.6,27.4,8.3,3.9,15.0,0,0
25.8,74.4,15.8,39.2,43.739999999999995,0,0
29.6,68.6,20.8,12.5,32.699999999999996,0,0
18.1,71.2,15.4,65.2,52.33,1,0
30.4,66.1,12.6,13.9,30.95,0,0
36.2,44.0,7.6,0.2,18.419999999999998,0,0
17.0,81.8,48.2,91.6,72.52,1,0
27.8,87.6,20.9,50.7,53.52,1,1
28.0,84.5,23.2,44.1,50.42999999999999,0,0
35.8,26.8,5.2,1.6,13.299999999999999,0,0
24.6,66.7,18.7,15.6,32.45,0,0
24.2,49.1,17.4,12.3,25.550000000000004,0,0
25.2,86.5,28.6,56.1,56.63,1,1
29.9,84.4,31.3,40.1,50.61,0,0
20.2,72.2,32.2,53.3,51.440000000000005,1,0
22.5,73.8,33.5,23.4,40.449999999999996,0,0
27.0,92.5,22.5,54.4,56.71000000000001,1,1
32.0,37.8,11.2,1.6,17.419999999999998,0,0
18.4,78.1,30.2,60.4,55.47,1,0
42.4,31.4,7.0,2.8,16.18,0,0
23.9,78.4,18.3,59.4,53.33,1,0
19.9,72.2,29.0,36.1,43.89000000000001,0,0
30.0,81.1,29.3,32.7,46.269999999999996,0,0
36.3,42.9,6.4,3.0,18.98,0,0
26.2,75.0,17.7,47.7,47.739999999999995,0,0
29.4,85.4,34.4,20.1,43.480000000000004,0,1
27.6,50.8,12.2,7.0,23.240000000000002,0,0
27.2,73.3,28.0,53.7,51.79,1,0
23.9,76.7,33.3,65.9,58.42,1,0
31.2,63.4,20.9,16.9,33.08,0,0
29.5,93.6,27.3,28.5,47.89,0,1
20.1,87.2,26.9,24.4,43.31,0,1
18.8,81.7,16.0,29.8,41.51000000000001,0,0
28.5,58.8,11.5,8.1,26.029999999999998,0,0
38.9,23.3,9.0,0.4,12.840000000000002,0,0
23.7,69.1,11.3,15.4,31.52,0,0
30.7,58.2,15.4,14.1,29.25,0,0
44.1,22.6,10.2,2.4,14.190000000000001,0,0
40.0,20.7,9.2,1.6,12.69,0,0
34.5,25.4,15.8,2.9,15.39,0,0
30.1,68.1,19.1,19.2,34.94,0,0
37.0,35.3,9.9,0.1,16.31,0,0
22.7,93.5,17.1,60.5,57.940000000000005,1,1
31.2,63.3,13.5,10.9,29.169999999999998,0,0
27.2,98.3,36.1,63.5,64.83,1,1
30.1,43.4,10.1,2.2,18.93,0,0
40.1,43.7,8.6,3.8,20.360000000000003,0,0
41.4,34.4,17.5,4.5,19.759999999999998,0,0
24.0,56.5,10.4,5.3,23.549999999999997,0,0
26.6,60.6,10.8,19.7,30.88,0,0
28.0,86.4,25.5,55.1,55.86000000000001,1,1
30.5,65.2,16.1,19.3,33.55,0,0
26.2,62.1,16.1,16.7,31.150000000000002,0,0
31.3,45.3,15.1,10.2,23.819999999999997,0,0
36.4,24.5,12.7,3.0,14.73,0,0
30.6,22.9,8.3,0.1,11.63,0,0
27.1,74.2,29.9,65.9,57.31000000000001,1,0
19.6,92.0,29.9,34.1,49.18,0,1
25.3,49.3,19.8,13.6,26.720000000000002,0,0
19.8,93.3,19.9,20.4,42.10999999999999,0,1
22.4,59.6,13.9,8.5,26.3,0,0
28.5,73.6,21.5,59.4,52.99,1,0
26.8,94.0,49.6,99.9,80.76000000000002,1,1
44.0,26.8,7.7,0.3,14.1,0,0
29.9,60.7,21.4,8.7,28.96,0,0
23.7,51.5,15.0,15.6,27.06,0,0
24.4,94.6,42.4,64.6,65.14,1,1
27.7,64.0,17.2,7.0,28.21,0,0
34.9,43.0,10.8,1.5,19.15,0,0
23.5,65.9,18.3,8.7,29.26,0,0
26.9,69.8,11.9,8.1,29.25,0,0
17.7,99.5,42.6,60.5,64.34,1,1
29.5,87.3,22.9,48.9,53.28,0,1
36.6,21.5,8.4,0.4,11.950000000000001,0,0
28.0,89.8,30.7,35.3,49.99999999999999,0,1
23.8,69.6,15.0,19.6,34.1,0,0
18.7,73.0,21.1,40.3,44.10999999999999,0,0
24.2,55.4,11.1,7.7,24.339999999999996,0,0
27.9,76.6,15.8,23.5,38.32999999999999,0,0
29.3,65.4,14.2,12.8,30.51,0,0
24.6,78.1,31.5,35.9,46.54999999999999,0,0
25.0,52.7,19.3,12.5,27.17,0,0
31.8,56.9,12.0,17.4,29.61,0,0
20.8,90.5,24.8,43.5,51.589999999999996,0,1
22.5,57.1,16.3,16.3,29.16,0,0
32.2,43.1,15.3,1.0,19.61,0,0
17.8,87.3,49.6,98.2,77.17,1,1
27.1,96.8,38.5,76.8,70.16999999999999,1,1
24.2,72.7,29.6,69.6,57.99,1,0
19.5,80.4,43.3,95.7,73.01,1,0
22.7,62.7,14.3,10.1,27.979999999999997,0,0
40.3,24.9,5.0,0.1,12.54,0,0
18.5,80.3,47.5,81.7,68.11999999999999,1,0
26.0,63.6,14.9,9.7,28.54,0,0
31.5,51.7,21.2,9.0,26.5,0,0
33.3,22.1,13.3,4.6,14.459999999999999,0,0
24.3,92.3,31.7,35.4,50.62,0,1
39.3,28.7,12.6,3.2,16.34,0,0
39.6,28.9,17.4,2.0,16.91,0,0
35.4,40.2,9.6,1.0,17.92,0,0
20.4,87.3,40.4,90.1,72.35000000000001,1,1
41.1,24.3,7.6,3.9,14.48,0,0
32.3,33.4,14.2,2.3,17.009999999999998,0,0
18.1,71.6,29.0,44.1,46.730000000000004,0,0
25.6,73.3,16.8,38.0,43.11,0,0
23.7,48.4,20.1,16.6,27.55,0,0
21.0,89.7,27.9,28.1,45.830000000000005,0,1
36.5,34.3,17.9,4.3,19.240000000000002,0,0
16.1,87.9,34.4,65.4,61.02,1,1
37.7,22.3,12.4,0.2,13.02,0,0
38.8,24.6,5.0,3.3,13.579999999999998,0,0
25.1,68.5,13.8,10.1,29.860000000000003,0,0
22.4,57.7,23.3,14.8,30.13,0,0
27.2,59.6,21.6,12.1,29.759999999999998,0,0
31.7,27.5,11.4,1.9,14.459999999999999,0,0
39.8,31.8,8.8,0.5,15.479999999999999,0,0
31.1,57.3,12.1,19.6,30.559999999999995,0,0
31.9,60.8,16.0,5.2,26.71,0,0
21.8,93.6,26.9,46.4,54.2,0,1
23.5,86.7,20.4,37.6,47.480000000000004,0,1
28.7,84.8,18.0,48.7,51.39,0,0
22.8,52.1,19.4,7.1,24.63,0,0
35.8,23.8,15.2,2.2,14.639999999999999,0,0
23.0,92.1,28.7,57.1,58.51,1,1
22.6,80.8,23.7,49.0,50.84,0,0
30.9,30.0,15.6,2.9,16.37,0,0
42.2,28.3,10.7,1.6,15.490000000000002,0,0
25.8,45.8,11.0,18.3,25.839999999999996,0,0
21.9,80.9,40.5,99.3,74.27999999999999,1,0
24.9,85.8,37.0,67.4,62.59,1,1
32.5,41.6,13.9,0.2,18.59,0,0
22.8,52.2,21.2,16.0,28.580000000000005,0,0
30.8,54.4,13.2,15.0,28.04,0,0
25.5,57.6,23.7,14.8,30.490000000000006,0,0
27.0,92.6,41.3,78.8,70.26,1,1
25.9,54.9,16.0,7.7,25.339999999999996,0,0
25.5,91.6,48.0,91.7,76.30999999999999,1,1
33.5,37.1,15.1,0.3,17.62,0,0
41.3,25.8,6.5,0.5,13.370000000000001,0,0
26.3,81.7,41.9,96.5,74.11999999999999,1,0
44.0,42.0,16.4,1.8,21.0,0,0
19.9,81.7,20.7,46.4,49.2,0,0
29.9,53.2,10.8,16.9,27.869999999999997,0,0
18.9,73.2,16.4,31.2,39.61,0,0
18.5,88.3,47.5,72.8,66.96,1,1
33.7,33.6,9.4,2.0,16.130000000000003,0,0
26.9,79.8,23.0,22.0,40.029999999999994,0,0
28.3,57.4,22.0,15.6,30.689999999999998,0,0
21.5,70.9,33.5,57.5,53.12,1,0
40.0,42.3,6.4,2.4,18.93,0,0
38.5,25.5,15.0,1.1,14.94,0,0
23.3,83.5,34.3,82.5,67.24,1,0
41.3,20.2,12.6,4.9,14.669999999999998,0,0
32.8,21.4,12.6,4.7,14.099999999999998,0,0
26.6,96.5,38.2,68.8,66.77,1,1
37.2,24.0,17.0,0.2,14.4,0,0
26.5,74.6,34.7,59.9,55.93,1,0
19.8,89.1,49.7,99.2,78.33,1,1
25.8,76.2,17.8,67.4,55.96000000000001,1,0
30.4,49.2,14.6,18.0,27.92,0,0
25.5,75.8,33.5,55.3,54.11,1,0
31.7,33.1,9.5,0.4,15.16,0,0
31.8,27.1,5.4,3.0,13.590000000000002,0,0
31.7,52.9,13.4,18.8,29.240000000000002,0,0
23.5,99.2,47.5,88.4,76.97,1,1
38.6,44.8,13.6,2.4,20.979999999999997,0,0
28.1,58.3,12.5,11.8,27.520000000000003,0,0
45.0,28.3,11.5,0.0,15.290000000000001,0,0
27.1,48.4,22.8,18.2,29.07,0,0
29.1,70.2,33.6,34.5,44.489999999999995,0,0
32.8,40.5,18.0,0.1,19.07,0,0
41.2,42.2,15.3,2.8,20.96,0,0
25.7,67.3,15.3,18.6,33.26,0,0
29.1,49.7,13.0,14.8,26.340000000000003,0,0
29.0,75.5,16.3,61.2,53.29,1,0
22.8,71.9,27.6,22.7,38.45,0,0
31.2,54.0,12.8,13.2,27.16,0,0
22.9,66.6,23.4,15.3,33.07,0,0
27.7,85.4,17.5,45.3,50.010000000000005,0,1
30.2,41.3,9.2,2.7,18.33,0,0
22.4,86.8,34.6,49.2,54.88,0,1
44.3,22.7,9.5,3.9,14.7,0,0
25.6,89.3,29.4,69.9,63.190000000000005,1,1
42.0,28.1,17.7,2.1,17.009999999999998,0,0
26.9,85.3,44.6,70.7,65.48,1,1
26.2,65.4,11.2,15.5,30.68,0,0
26.2,81.4,34.8,86.8,68.72,1,0
26.0,71.0,18.8,44.7,45.540000000000006,0,0
28.5,55.1,12.3,18.5,29.240000000000002,0,0
24.8,46.3,15.4,14.3,25.169999999999998,0,0
16.0,93.1,30.8,99.5,75.49,1,1
27.8,53.5,18.5,14.6,28.37,0,0
23.8,98.5,41.9,95.9,78.66999999999999,1,1
24.9,96.6,38.8,83.6,72.66999999999999,1,1
18.1,94.7,48.6,68.5,67.34,1,1
36.3,29.0,8.9,2.4,15.07,0,0
30.8,24.0,13.6,0.1,13.04,0,0
18.7,75.0,31.7,46.7,49.39000000000001,0,0
20.2,84.8,34.3,58.3,57.64,1,0
20.8,75.6,24.8,62.9,54.879999999999995,1,0
36.9,23.2,16.2,3.8,15.41,0,0
23.5,96.7,49.0,85.5,75.36,1,1
26.7,54.1,11.8,7.0,24.060000000000002,0,0
20.9,90.2,16.4,67.1,59.269999999999996,1,1
37.8,39.6,7.5,3.4,18.52,0,0
40.1,20.4,14.8,1.3,13.61,0,0
34.7,26.4,14.6,2.8,15.43,0,0
27.0,50.9,16.7,15.3,27.43,0,0
19.7,97.1,40.1,74.0,68.72,1,1
21.8,86.7,15.0,21.4,39.75,0,1
24.1,91.1,31.8,63.8,61.61999999999999,1,1
30.2,67.0,14.1,12.5,30.939999999999998,0,0
32.9,29.2,10.8,3.9,15.77,0,0
32.0,37.9,11.5,4.3,18.59,0,0
37.1,28.2,10.7,1.5,14.91,0,0
37.2,38.8,16.8,3.1,19.96,0,0
21.8,87.5,40.6,67.9,63.71,1,1
26.0,53.7,22.2,17.7,30.23,0,0
40.5,34.4,9.7,2.3,17.229999999999997,0,0
22.4,51.0,24.0,8.6,25.779999999999998,0,0
37.3,34.2,10.4,0.3,16.189999999999998,0,0
28.9,61.1,15.2,12.2,29.139999999999997,0,0
22.5,90.5,48.8,92.5,76.16000000000001,1,1
29.4,72.3,21.9,29.2,40.69,0,0
34.9,28.7,16.6,3.2,16.700000000000003,0,0
25.9,68.2,15.8,15.9,32.57,0,0
44.9,22.0,8.1,2.8,13.83,0,0
21.9,80.0,16.7,69.8,57.45,1,0
29.1,86.7,23.3,55.6,55.81999999999999,1,1
41.9,30.2,17.6,3.3,18.09,0,0
26.8,54.5,20.2,15.4,29.229999999999997,0,0
23.1,49.8,13.7,17.4,26.95,0,0
27.2,50.1,21.4,15.5,28.23,0,0
21.6,80.0,21.8,41.3,47.03999999999999,0,0
23.4,80.6,22.9,40.9,47.459999999999994,0,0
26.2,55.4,13.5,5.7,24.22,0,0
28.9,50.2,24.8,16.1,29.35,0,0
27.7,67.8,14.6,19.1,33.67,0,0
22.8,63.2,21.8,15.6,31.840000000000003,0,0
26.6,92.1,25.6,65.0,61.41,1,1
27.8,85.7,42.2,72.7,66.01,1,1
30.6,21.5,12.3,2.5,12.97,0,0
19.6,88.5,23.1,27.1,43.97,0,1
41.4,37.5,15.6,4.1,20.150000000000002,0,0
22.9,53.9,21.2,9.6,26.54,0,0
23.4,74.2,28.1,67.6,57.260000000000005,1,0
20.8,93.1,23.7,59.5,58.55,1,1
38.6,24.4,17.5,2.2,15.559999999999999,0,0
22.6,60.7,24.6,8.4,28.750000000000004,0,0
32.9,31.2,10.5,1.4,15.309999999999999,0,0
28.5,63.4,12.9,14.2,30.130000000000003,0,0
33.8,26.9,11.3,1.4,14.27,0,0
39.0,27.2,15.1,2.2,15.96,0,0
27.8,88.9,29.3,44.7,53.190000000000005,0,1
30.0,93.8,22.9,41.6,52.36,0,1
31.3,67.4,24.0,9.1,31.790000000000003,0,0
28.3,60.7,16.2,18.5,31.68,0,0
34.1,27.4,10.0,2.3,14.549999999999999,0,0
18.3,86.2,26.4,33.3,46.29,0,1
27.5,47.0,18.8,9.7,24.490000000000002,0,0
37.7,30.4,16.9,0.4,16.43,0,0
24.9,55.6,12.5,17.2,28.549999999999997,0,0
22.2,46.4,15.1,13.8,24.68,0,0
40.0,20.5,5.8,1.1,11.75,0,0
26.5,74.0,23.7,29.1,41.230000000000004,0,0
24.3,71.4,20.9,24.1,37.67,0,0
22.2,80.9,46.4,97.8,74.89,1,0
17.9,89.0,42.7,77.6,68.07000000000001,1,1
29.5,69.0,13.3,8.5,29.71,0,0
29.3,69.3,14.6,7.7,29.72,0,0
24.1,86.7,30.9,87.3,69.52000000000001,1,1
27.2,68.9,23.3,19.7,35.93,0,0
21.0,79.3,21.8,53.9,51.81,1,0
38.0,34.1,15.3,0.8,17.41,0,0
24.6,48.4,13.4,6.2,22.14,0,0
29.0,89.9,27.9,44.1,53.089999999999996,0,1
25.1,47.3,11.2,15.9,25.3,0,0
24.9,93.8,17.8,67.9,61.35,1,1
41.2,36.6,11.1,2.7,18.400000000000002,0,0
39.5,22.6,11.7,4.0,14.670000000000002,0,0
21.9,82.7,20.5,51.5,51.699999999999996,1,0
20.1,81.8,19.6,40.2,46.550000000000004,0,0
27.6,46.2,13.5,11.8,24.040000000000003,0,0
28.4,72.6,17.7,50.5,48.36,1,0
22.1,85.4,22.3,41.8,49.010000000000005,0,1
31.1,63.8,13.3,5.6,27.149999999999995,0,0
33.2,33.1,13.4,0.4,16.09,0,0
24.8,63.6,10.8,10.8,28.04,0,0
19.3,89.7,20.7,31.8,45.7,0,1
39.5,40.1,9.0,1.7,18.46,0,0
20.3,96.1,36.9,94.4,76.0,1,1
26.6,93.1,24.1,57.5,58.41,1,1
28.8,68.8,14.6,18.0,33.64,0,0
29.1,87.5,24.8,46.9,52.88000000000001,0,1
35.4,20.0,14.7,4.0,14.079999999999998,0,0
26.3,80.7,23.2,39.7,47.36000000000001,0,0
28.6,54.2,22.3,16.8,30.300000000000004,0,0
26.1,87.3,23.9,36.9,48.339999999999996,0,1
17.0,99.4,43.3,67.7,67.26,1,1
33.3,39.9,9.5,2.2,18.08,0,0
28.0,56.8,22.7,7.5,27.38,0,0
39.3,44.8,5.6,0.7,18.769999999999996,0,0
36.2,20.7,9.2,4.7,13.55,0,0
21.1,81.3,19.4,30.0,42.38,0,0
25.5,84.5,16.7,23.0,40.44,0,0
19.3,83.2,48.2,68.5,63.93,1,0
35.7,44.2,9.9,0.5,19.009999999999998,0,0
37.9,37.1,13.3,3.9,19.14,0,0
24.5,62.2,12.2,13.3,28.87,0,0
19.6,91.4,18.9,42.9,50.32,0,1
22.1,83.2,48.7,82.6,69.95,1,0
18.4,81.6,17.9,44.5,47.7,0,0
24.1,69.0,13.5,11.6,30.45,0,0
22.5,57.4,20.0,6.3,25.99,0,0
23.2,86.2,15.7,28.0,42.52,0,1
24.3,72.1,23.2,36.9,43.46,0,0
27.2,96.4,34.9,60.3,62.74000000000001,1,1
19.4,87.4,16.2,67.1,58.24,1,1
28.8,86.6,19.2,68.8,60.220000000000006,1,1
28.2,66.1,13.1,14.2,30.95,0,0
22.1,67.8,19.2,5.7,28.67,0,0
25.2,82.6,25.2,65.0,58.34,1,0
23.9,84.4,27.7,56.7,55.93,1,0
28.8,79.0,31.6,28.2,44.18000000000001,0,0
19.4,82.3,23.6,60.3,55.47,1,0
24.4,45.1,19.6,13.5,25.290000000000003,0,0
36.2,25.7,8.8,2.7,14.17,0,0
20.9,86.7,25.6,51.9,53.980000000000004,1,1
30.0,28.3,15.4,3.4,15.93,0,0
21.2,80.9,31.5,97.0,71.49000000000001,1,0
18.6,78.8,24.1,28.3,41.63999999999999,0,0
37.4,38.1,11.5,3.1,18.71,0,0
25.0,62.2,21.9,10.7,29.82,0,0
29.0,89.2,24.0,35.9,48.82,0,1
22.1,94.3,20.0,42.3,51.419999999999995,0,1
34.7,30.9,14.5,1.2,16.12,0,0
22.3,60.4,12.5,12.6,27.889999999999997,0,0
26.4,63.6,21.1,10.7,30.22,0,0
27.1,65.9,13.0,13.5,30.480000000000004,0,0
25.4,69.8,11.6,5.6,28.039999999999996,0,0
19.0,72.3,34.0,20.2,38.46999999999999,0,0
31.2,34.9,7.0,4.4,16.75,0,0
34.9,29.4,6.1,0.4,13.69,0,0
25.6,52.6,16.2,8.3,24.900000000000006,0,0
22.8,95.8,42.8,84.5,73.38000000000001,1,1
28.1,82.6,21.5,43.0,49.089999999999996,0,0
23.6,83.9,46.0,98.2,76.01,1,0
33.4,22.0,16.3,1.6,13.84,0,0
33.8,33.6,11.4,3.7,17.22,0,0
30.3,41.4,15.1,1.2,18.95,0,0
18.2,88.5,38.8,63.9,61.69,1,1
24.6,91.3,35.4,67.7,64.00999999999999,1,1
29.9,65.3,23.0,7.8,30.300000000000004,0,0
37.4,33.7,5.9,4.7,16.910000000000004,0,0
24.1,92.5,21.5,25.4,44.61999999999999,0,1
36.2,41.3,13.0,3.0,19.810000000000002,0,0
38.6,35.9,10.8,3.7,18.27,0,0
41.7,26.7,16.5,3.9,17.040000000000003,0,0
16.1,94.0,48.0,93.2,76.69000000000001,1,1
31.9,56.7,21.4,16.3,31.000000000000004,0,0
30.7,55.9,10.9,10.8,26.34,0,0
26.7,51.3,17.6,19.6,29.42,0,0
27.1,93.7,19.0,21.0,43.019999999999996,0,1
22.7,96.5,32.0,67.7,64.7,1,1
21.8,82.6,20.3,35.2,45.1,0,0
18.6,91.2,16.1,61.4,57.0,1,1
28.9,65.0,15.9,17.3,32.49,0,0
40.2,32.2,13.7,0.2,16.5,0,0
24.0,98.6,45.7,68.9,68.68,1,1
26.7,67.0,18.6,19.3,34.21,0,0
23.1,64.4,13.8,6.2,26.87,0,0
23.9,68.4,11.3,17.1,32.01,0,0
18.3,76.9,23.8,22.4,38.62,0,0
35.6,21.5,5.8,0.7,11.450000000000001,0,0
37.7,37.8,11.2,2.4,18.31,0,0
23.0,87.1,49.6,72.8,67.47,1,1
32.6,36.5,5.3,0.1,15.309999999999999,0,0
33.2,41.0,12.6,2.5,19.14,0,0
25.5,85.4,49.1,75.5,68.19000000000001,1,1
22.3,86.8,24.7,56.8,55.92999999999999,1,1
19.2,80.4,43.4,72.1,63.56,1,0
18.3,99.6,39.5,82.3,72.53,1,1
25.1,92.3,18.3,36.3,48.37999999999999,0,1
18.1,89.3,27.9,65.8,60.5,1,1
33.9,20.1,16.6,1.7,13.420000000000002,0,0
23.9,69.1,10.8,17.4,32.239999999999995,0,0
27.9,70.2,18.0,40.9,43.81,0,0
43.5,35.3,10.1,4.6,18.799999999999997,0,0
23.2,87.2,31.7,28.0,46.02,0,1
32.0,46.0,20.1,19.2,28.699999999999996,0,0
25.1,66.2,20.8,9.5,30.330000000000002,0,0
20.9,77.3,27.1,43.9,48.260000000000005,0,0
39.2,39.0,8.4,3.4,18.66,0,0
25.5,98.6,49.2,90.0,77.97,1,1
41.1,43.6,7.0,2.2,19.470000000000002,0,0
23.6,88.3,19.1,57.9,55.83,1,1
23.3,82.9,17.4,31.2,43.16,0,0
36.7,26.9,7.6,2.5,14.259999999999998,0,0
41.3,32.9,6.4,4.3,17.0,0,0
18.3,81.1,31.8,87.9,67.68,1,0
27.3,91.2,30.3,72.8,65.27000000000001,1,1
30.8,43.2,6.0,4.4,19.0,0,0
18.5,85.3,33.9,38.0,49.42,0,1
29.7,56.3,17.4,12.4,28.299999999999997,0,0
30.8,28.7,15.7,2.7,15.91,0,0
24.3,73.4,22.2,64.1,54.529999999999994,1,0
31.7,48.7,17.0,10.0,25.18,0,0
24.5,69.3,13.4,15.6,32.160000000000004,0,0
22.5,77.0,28.1,34.9,44.93000000000001,0,0
29.5,53.7,22.1,13.7,28.96,0,0
22.9,81.3,47.0,77.4,67.04,1,0
30.7,22.0,9.2,2.6,12.55,0,0
26.4,66.9,19.8,10.2,30.75,0,0
36.4,40.6,14.6,2.7,19.82,0,0
19.2,72.6,21.3,69.7,55.839999999999996,1,0
41.3,26.0,10.1,2.1,14.79,0,0
23.8,83.0,34.8,97.8,73.36,1,0
43.0,20.4,14.7,3.3,14.68,0,0
24.0,76.4,24.1,68.9,57.7,1,0
27.9,91.9,39.6,70.6,66.52000000000001,1,1
36.0,41.9,11.6,0.6,18.73,0,0
44.2,37.9,7.0,0.0,17.19,0,0
19.0,88.4,40.4,83.8,70.02000000000001,1,1
30.4,68.4,24.1,15.3,34.5,0,0
41.0,39.8,12.4,3.8,20.04,0,0
32.8,35.1,16.8,1.5,17.77,0,0
44.2,43.6,16.7,1.1,21.28,0,0
23.5,50.9,18.4,11.3,25.82,0,0
37.0,38.6,9.8,0.6,17.48,0,0
27.2,49.5,16.6,15.4,27.049999999999997,0,0
28.6,81.9,28.7,31.1,45.61000000000001,0,0
24.2,70.5,25.1,22.8,37.71,0,0
24.4,99.6,49.3,92.2,79.05999999999999,1,1
40.7,44.0,6.9,0.2,18.73,0,0
21.0,80.9,17.2,47.7,48.89,0,0
15.9,88.3,35.2,88.6,70.56,1,1
16.3,95.1,46.9,92.8,76.65999999999998,1,1
24.1,67.7,19.7,10.4,30.82,0,0
18.2,83.4,24.1,53.6,53.1,1,0
23.1,81.5,49.5,66.4,63.220000000000006,1,0
31.3,61.1,22.4,5.5,28.139999999999997,0,0
20.7,80.6,23.5,67.8,58.07,1,0
45.0,21.7,7.3,1.3,12.989999999999998,0,0
18.5,85.2,44.9,89.0,71.99,1,1
39.9,31.9,15.9,0.5,16.939999999999998,0,0
27.2,77.8,30.9,67.7,59.32,1,0
33.9,21.5,10.6,4.4,13.720000000000002,0,0
21.4,71.3,25.3,26.2,39.07,0,0
39.7,37.8,17.4,1.6,19.43,0,0
28.3,58.1,14.4,11.6,27.78,0,0
21.5,85.9,34.6,49.3,54.559999999999995,0,1
20.9,83.6,41.2,86.9,70.17,1,0
25.7,84.3,22.1,21.0,40.68,0,0
22.0,85.7,29.2,48.4,53.11,0,1
36.5,21.5,18.0,2.6,14.74,0,0
21.6,94.2,18.0,60.9,58.38000000000001,1,1
40.7,38.9,16.2,3.2,20.259999999999998,0,0
30.2,47.9,23.4,11.2,26.549999999999997,0,0
17.3,95.8,35.1,96.0,75.89,1,1
20.3,98.7,47.6,79.1,72.8,1,1
27.3,60.3,11.8,7.5,26.18,0,0
21.3,95.2,31.1,73.1,66.14999999999999,1,1
15.4,87.4,38.9,98.0,74.74000000000001,1,1
24.1,55.5,23.6,13.8,29.3,0,0
32.1,41.8,17.9,3.0,20.53,0,0
21.3,89.8,20.3,55.9,55.49,1,1
26.1,77.0,34.0,60.3,56.629999999999995,1,0
20.6,92.2,34.0,72.9,65.68,1,1
38.0,37.7,5.3,4.6,18.01,0,0
26.2,48.5,19.1,8.3,24.31,0,0
19.3,89.5,22.6,27.6,44.34,0,1
23.9,94.6,21.0,69.9,62.93000000000001,1,1
26.9,89.0,32.3,61.1,60.29,1,1
25.0,94.2,23.8,24.6,45.36,0,1
17.2,84.6,41.6,90.8,71.74000000000001,1,0
20.5,97.2,43.8,65.2,66.05,1,1
30.9,69.9,15.1,18.5,34.480000000000004,0,0
33.8,34.4,16.9,4.8,18.999999999999996,0,0
20.0,75.8,34.5,32.7,44.72,0,0
27.0,92.4,26.6,33.1,48.98000000000001,0,1
25.1,91.8,30.3,42.6,53.15,0,1
23.7,51.8,17.7,7.1,24.29,0,0
26.2,82.4,19.3,65.2,57.28,1,0
23.1,56.1,16.8,12.2,27.379999999999995,0,0
18.2,71.0,20.7,49.7,47.14000000000001,0,0
43.7,32.9,10.2,3.7,17.76,0,0
28.1,83.8,25.5,65.8,59.37,1,0
18.3,76.9,19.5,56.8,51.519999999999996,1,0
20.9,88.7,41.3,93.5,74.36,1,1
37.7,43.6,12.5,1.4,19.91,0,0
35.5,22.0,16.2,4.9,15.350000000000001,0,0
39.1,33.0,9.2,2.5,16.65,0,0
20.2,94.0,33.0,23.6,46.260000000000005,0,1
17.4,88.4,44.0,62.2,61.940000000000005,1,1
24.6,50.4,14.8,17.9,27.700000000000003,0,0
26.2,84.1,40.4,80.3,68.05,1,0
41.5,25.2,7.8,4.3,14.99,0,0
27.1,50.1,22.7,10.0,26.28,0,0
17.0,97.9,37.0,90.6,74.71000000000001,1,1
25.8,93.5,25.4,63.0,60.91,1,1
27.3,75.4,22.4,52.5,50.83,1,0
22.5,92.5,24.0,51.9,55.56,1,1
26.1,77.6,33.0,27.4,43.449999999999996,0,0
27.6,83.8,18.3,57.7,54.63999999999999,1,0
33.6,38.7,11.2,2.4,18.17,0,0
18.4,73.3,27.8,61.1,53.83,1,0
26.6,54.2,23.7,16.4,30.220000000000002,0,0
20.6,84.0,25.6,66.3,58.900000000000006,1,0
40.1,29.4,11.5,0.1,15.169999999999998,0,0
33.6,33.9,16.2,0.2,16.85,0,0
38.3,43.3,11.5,0.1,19.159999999999997,0,0
40.5,35.9,5.0,0.3,15.939999999999998,0,0
20.7,75.5,27.8,37.3,45.2,0,0
19.4,79.2,32.1,67.7,59.2,1,0
27.8,66.0,24.4,19.2,35.14,0,0
36.2,41.6,17.9,0.0,19.680000000000003,0,0
24.2,85.7,25.1,43.1,50.39000000000001,0,1
20.7,81.5,18.3,28.7,41.660000000000004,0,0
20.8,86.3,28.0,33.3,46.88999999999999,0,1
21.5,79.0,16.2,37.4,44.05,0,0
33.9,43.1,16.1,0.8,19.86,0,0
16.1,82.1,44.0,75.0,65.03999999999999,1,0
21.6,86.4,47.8,83.6,71.08,1,1
30.1,25.0,13.7,4.4,15.01,0,0
26.8,82.1,45.7,96.9,75.21000000000001,1,0
31.9,54.6,17.3,5.4,25.19,0,0
28.7,82.3,17.5,20.1,39.099999999999994,0,0
36.8,39.0,9.6,3.7,18.78,0,0
38.2,20.4,7.1,4.5,13.16,0,0
31.9,61.6,11.6,19.2,31.67,0,0
42.7,24.7,5.4,1.6,13.399999999999999,0,0
19.4,89.1,17.4,62.0,56.949999999999996,1,1
33.5,34.4,10.1,1.2,16.169999999999998,0,0
26.4,63.8,13.2,14.9,30.38,0,0
21.7,84.5,24.5,46.5,51.02,0,0
38.4,42.5,7.0,2.1,18.83,0,0
22.1,94.9,18.2,62.5,59.32,1,1
39.9,24.6,13.7,3.0,15.31,0,0
24.5,85.7,32.4,47.8,53.760000000000005,0,1
19.7,73.4,27.7,46.0,47.93,0,0
38.2,24.3,13.5,1.8,14.530000000000001,0,0
28.5,72.0,23.9,55.2,51.31,1,0
27.1,89.9,20.7,36.6,48.46,0,1
23.5,93.5,33.7,20.0,45.14,0,1
38.3,24.5,13.5,1.2,14.360000000000001,0,0
27.5,94.6,30.6,37.1,52.09,0,1
28.0,88.6,33.4,75.1,66.1,1,1
24.9,62.4,12.8,7.8,26.89,0,0
27.4,55.1,17.9,19.4,30.61,0,0
18.5,90.7,31.7,35.2,49.48000000000001,0,1
24.0,82.0,43.6,62.7,60.8,1,0
26.7,61.8,20.9,8.2,28.67,0,0
20.8,94.3,48.2,62.7,65.09,1,1
33.6,29.1,11.1,1.3,14.830000000000002,0,0
20.0,93.3,22.4,27.2,45.349999999999994,0,1
19.1,79.6,34.2,50.6,52.870000000000005,1,0
31.2,48.0,22.6,16.7,28.72,0,0
22.9,95.4,41.6,63.2,64.51,1,1
41.4,33.1,13.2,1.5,17.31,0,0
27.1,71.6,25.9,51.3,49.89,1,0
39.0,35.5,13.1,0.8,17.490000000000002,0,0
26.8,84.1,23.9,23.1,41.93,0,0
32.3,35.0,15.4,2.9,17.97,0,0
22.3,92.8,22.1,50.7,54.77,1,1
27.2,96.1,36.2,71.7,67.47,1,1
16.1,92.1,46.0,60.6,62.68000000000001,1,1
27.3,58.1,20.9,10.0,28.34,0,0
43.6,33.9,13.8,2.1,18.13,0,0
31.7,56.4,18.2,20.0,31.729999999999997,0,0
21.7,83.3,49.5,75.1,67.10000000000001,1,0
30.1,50.3,12.9,14.6,26.52,0,0
29.1,91.8,31.6,69.0,64.37,1,1
20.3,88.6,24.0,29.3,45.129999999999995,0,1
26.8,91.0,42.8,83.1,71.78000000000002,1,1
19.5,79.7,33.3,42.1,49.36,0,0
20.5,87.1,25.7,25.0,43.31999999999999,0,1
39.1,23.0,6.3,1.0,12.47,0,0
27.9,95.1,48.5,86.7,75.7,1,1
32.4,30.0,5.9,1.9,14.18,0,0
23.2,84.2,31.9,64.6,59.800000000000004,1,0
29.4,66.0,22.7,11.7,31.96,0,0
43.2,44.8,11.7,4.9,22.060000000000002,0,0
21.1,71.5,16.0,52.0,47.56,1,0
21.1,92.0,22.7,67.9,61.410000000000004,1,1
40.5,32.3,11.3,1.4,16.56,0,0
19.0,75.2,24.5,63.4,54.72,1,0
29.8,58.3,14.0,9.7,27.15,0,0
24.5,92.5,28.3,26.6,46.5,0,1
29.1,52.6,20.4,10.7,27.05,0,0
30.9,24.0,12.9,2.5,13.87,0,0
15.8,97.7,40.6,67.6,66.05,1,1
23.5,79.3,24.3,49.9,50.96,0,0
22.2,85.7,21.8,27.4,43.25,0,1
32.6,23.9,15.8,4.9,15.549999999999999,0,0
30.1,57.6,14.5,15.2,29.27,0,0
27.3,63.6,21.0,6.7,28.689999999999998,0,0
41.4,26.4,8.5,0.5,13.96,0,0
30.3,58.7,23.5,16.2,31.82,0,0
15.2,95.2,30.4,81.6,68.8,1,1
21.7,94.0,33.6,68.7,64.57000000000001,1,1
27.5,80.1,30.4,35.8,47.17999999999999,0,0
25.9,88.3,25.4,63.1,59.400000000000006,1,1
32.9,26.5,8.9,2.6,14.059999999999999,0,0
24.5,79.7,25.5,44.9,49.42000000000001,0,0
25.5,85.4,41.4,84.9,70.41,1,1
44.2,37.6,15.1,0.9,19.08,0,0
41.1,22.4,15.2,0.1,13.91,0,0
19.6,80.9,15.9,40.2,45.49,0,0
21.8,93.2,20.7,26.8,45.0,0,1
25.0,52.8,12.3,17.9,27.96,0,0
27.6,94.5,39.3,95.1,77.01,1,1
33.3,34.2,15.2,1.8,17.35,0,0
26.7,73.2,15.2,41.8,44.39,0,0
40.1,35.8,9.2,1.5,17.189999999999998,0,0
41.5,44.9,8.8,3.1,20.619999999999997,0,0
39.6,39.1,11.8,3.1,19.290000000000003,0,0
18.1,94.2,22.7,63.2,59.89000000000001,1,1
27.0,72.8,20.3,30.1,40.64000000000001,0,0
40.1,20.2,9.6,1.9,12.75,0,0
28.3,56.2,22.9,10.1,28.309999999999995,0,0
41.2,40.6,12.4,3.6,20.220000000000002,0,0
24.3,76.5,20.3,69.4,57.20000000000001,1,0
24.6,81.7,27.6,40.4,48.650000000000006,0,0
25.9,68.3,23.9,16.9,34.620000000000005,0,0
26.2,58.4,11.4,8.3,25.740000000000002,0,0
35.4,28.0,16.2,2.8,16.3,0,0
28.2,71.4,16.7,41.7,44.26000000000001,0,0
34.5,36.5,12.9,2.6,18.02,0,0
28.4,83.6,25.9,26.1,43.53999999999999,0,0
39.5,30.8,17.1,4.1,18.25,0,0
31.1,32.5,15.2,1.7,16.58,0,0
26.5,77.9,33.5,41.7,49.400000000000006,0,0
36.1,37.2,13.8,1.5,18.13,0,0
25.0,48.8,13.1,5.6,22.0,0,0
33.7,43.8,10.1,1.6,19.169999999999998,0,0
31.6,58.9,15.5,5.3,26.05,0,0
35.9,42.1,6.1,4.4,19.200000000000003,0,0
40.4,27.5,17.9,2.3,16.79,0,0
30.2,22.8,5.2,4.9,12.86,0,0
30.9,39.5,17.4,0.7,18.7,0,0
26.3,52.2,19.3,11.8,26.87,0,0
43.0,34.1,17.4,3.4,19.37,0,0
30.6,27.9,6.6,1.3,13.27,0,0
21.6,81.8,46.8,68.5,63.459999999999994,1,0
25.0,62.6,22.9,16.2,32.34,0,0
22.3,74.6,26.9,49.9,49.95,0,0
17.6,83.8,30.8,75.8,63.37999999999999,1,0
22.4,59.9,17.3,11.4,28.23,0,0
27.7,88.5,31.6,65.6,61.88,1,1
20.8,91.0,33.8,90.4,72.30000000000001,1,1
30.7,28.6,6.5,2.1,13.790000000000001,0,0
24.5,92.8,25.2,32.1,48.17,0,1
27.5,55.9,14.9,15.1,28.54,0,0
26.2,99.2,42.8,64.5,66.74000000000001,1,1
38.5,25.3,14.5,2.4,15.3,0,0
19.1,89.6,28.8,55.3,56.67,1,1
30.8,62.3,14.8,12.4,29.689999999999998,0,0
18.3,86.7,31.3,99.2,73.78000000000002,1,1
31.9,61.3,23.6,7.8,29.419999999999998,0,0
29.6,71.8,22.9,60.3,53.199999999999996,1,0
16.4,90.5,39.9,72.7,65.85000000000001,1,1
22.6,60.8,21.3,11.3,29.28,0,0
16.1,88.5,45.5,93.1,74.5,1,1
25.2,94.7,24.6,31.1,48.290000000000006,0,1
26.3,62.9,21.2,6.2,28.219999999999995,0,0
25.4,77.6,19.9,45.6,48.03999999999999,0,0
40.2,41.3,12.7,4.8,20.869999999999997,0,0
24.4,91.6,43.8,68.5,66.08,1,1
22.3,45.1,13.9,19.3,26.26,0,0
28.4,90.0,23.8,25.3,44.72,0,1
21.0,84.9,27.3,20.9,41.39,0,0
39.4,44.9,18.0,3.8,22.53,0,0
18.2,93.5,25.0,68.2,62.15,1,1
31.2,49.6,11.6,12.7,25.400000000000002,0,0
32.0,37.4,15.9,2.9,18.759999999999998,0,0
30.4,67.6,16.7,8.3,29.979999999999997,0,0
25.3,80.7,15.1,33.2,43.040000000000006,0,0
29.5,58.1,19.3,14.0,29.84,0,0
23.7,91.9,36.9,82.2,70.2,1,1
25.3,85.8,49.4,80.0,70.14999999999999,1,1
26.7,84.1,32.3,39.8,50.28,0,0
41.1,34.1,8.9,2.0,16.92,0,0
39.9,24.5,7.4,2.0,13.620000000000001,0,0
25.5,92.7,29.4,64.6,62.08,1,1
34.8,35.1,17.3,4.5,19.27,0,0
23.8,89.9,38.9,92.0,73.93,1,1
27.7,79.1,29.8,36.9,47.22,0,0
22.1,92.8,44.8,81.4,71.57,1,1
42.7,42.9,5.9,4.9,20.28,0,0
31.0,48.0,24.0,7.7,25.38,0,0
25.4,93.3,23.4,46.7,53.89,0,1
35.6,25.6,8.7,4.4,14.74,0,0
26.4,77.5,28.1,32.9,44.67,0,0
28.5,67.7,22.4,6.1,30.080000000000002,0,0
18.3,90.8,30.1,66.2,61.57,1,1
37.1,32.0,5.0,4.4,16.07,0,0
34.6,37.2,10.0,0.8,16.94,0,0
25.9,71.8,18.5,36.0,42.230000000000004,0,0
40.5,26.6,11.4,2.9,15.470000000000002,0,0
28.5,55.7,11.9,7.2,24.82,0,0
19.5,87.1,45.1,68.8,64.62,1,1
23.1,48.3,15.1,19.8,27.74,0,0
24.3,50.8,16.9,13.5,26.45,0,0
30.0,72.1,30.6,56.5,53.35000000000001,1,0
36.3,20.4,11.7,3.6,13.529999999999998,0,0
27.1,83.5,30.7,52.5,54.9,1,0
38.3,29.0,14.7,0.6,15.709999999999999,0,0
38.9,31.1,17.4,2.1,17.54,0,0
19.1,93.6,30.9,32.3,49.09,0,1
29.9,81.1,19.3,22.1,40.02,0,0
25.3,80.5,18.1,69.6,58.13999999999999,1,0
28.6,75.7,23.3,67.5,57.230000000000004,1,0
19.7,76.5,20.7,35.7,43.34,0,0
19.6,93.2,41.9,85.5,72.5,1,1
26.5,90.0,27.0,57.9,58.209999999999994,1,1
28.0,94.5,33.2,51.7,58.47,1,1
33.0,35.8,13.7,4.2,18.459999999999997,0,0
42.3,26.4,13.3,0.6,15.049999999999997,0,0
24.1,57.6,23.1,5.9,26.67,0,0
39.5,37.9,12.5,3.0,19.02,0,0
24.3,78.6,31.9,53.4,53.75,1,0
37.2,20.2,10.2,2.7,12.9,0,0
30.9,66.0,23.5,13.4,32.95,0,0
23.9,95.4,37.4,73.8,68.01,1,1
37.4,37.1,17.1,4.2,19.97,0,0
37.5,31.6,6.0,3.9,15.990000000000002,0,0
31.4,59.4,20.1,5.3,27.1,0,0
21.1,81.7,15.6,25.8,40.059999999999995,0,0
24.5,96.0,43.1,83.4,73.23,1,1
29.4,57.8,19.4,14.7,30.04,0,0
36.0,37.0,12.2,1.5,17.74,0,0
28.6,89.2,23.1,21.7,42.919999999999995,0,1
18.2,90.4,26.1,67.9,61.32,1,1
31.6,58.0,20.6,18.8,32.2,0,0
37.5,21.8,10.6,1.4,12.969999999999999,0,0
25.0,60.3,19.9,19.5,32.370000000000005,0,0
23.7,89.5,25.3,25.5,44.48,0,1
25.8,46.8,11.2,16.7,25.54,0,0
25.4,92.6,15.5,65.9,59.78,1,1
37.4,29.6,5.6,2.3,14.66,0,0
25.1,65.2,17.0,17.5,32.47,0,0
24.6,90.6,38.1,68.5,64.66,1,1
38.9,34.4,6.4,3.8,17.009999999999998,0,0
34.8,25.5,11.5,3.3,14.75,0,0
30.4,43.1,10.1,0.3,18.11,0,0
26.0,51.8,15.5,5.5,23.44,0,0
24.6,89.5,30.7,69.2,63.13,1,1
43.9,36.6,15.1,1.3,18.91,0,0
22.7,55.5,14.6,19.1,29.48,0,0
20.3,81.8,37.6,95.7,72.37,1,0
44.9,43.3,10.5,1.8,20.299999999999997,0,0
27.7,80.3,26.5,21.6,40.800000000000004,0,0
29.5,47.6,15.2,8.9,23.83,0,0
27.7,78.4,22.8,60.0,54.85,1,0
15.6,94.6,41.4,91.9,74.98,1,1
19.3,85.8,33.1,50.9,54.65,1,1
33.6,42.8,11.9,2.2,19.459999999999997,0,0
34.7,39.3,5.9,0.7,16.72,0,0
42.7,41.3,8.7,3.8,19.919999999999998,0,0
27.6,70.7,33.8,37.2,45.61,0,0
33.5,44.1,13.5,2.3,20.200000000000003,0,0
16.9,92.8,48.7,86.6,73.91,1,1
19.0,81.3,38.9,87.1,68.91,1,0
40.0,33.5,8.7,2.6,16.83,0,0
18.1,83.3,21.9,58.3,54.50000000000001,1,0
31.1,49.6,14.4,17.5,27.869999999999997,0,0
31.2,54.7,21.4,19.5,31.610000000000003,0,0
25.7,82.5,19.5,66.1,57.66,1,0
30.9,23.4,16.5,3.6,14.85,0,0
40.1,35.8,17.6,3.2,19.55,0,0
28.7,58.0,12.2,18.4,30.07,0,0
28.6,84.7,25.5,57.4,56.330000000000005,1,0
28.3,61.1,18.7,8.9,28.46,0,0
35.5,34.1,11.9,3.3,17.48,0,0
22.6,75.2,35.0,21.7,40.49999999999999,0,0
19.4,86.1,18.5,62.4,56.43,1,1
17.0,98.7,39.4,60.6,63.43000000000001,1,1
40.4,26.9,11.9,2.6,15.530000000000001,0,0
29.8,60.3,13.4,11.7,28.43,0,0
22.1,69.2,16.1,17.2,33.07,0,0
42.6,32.9,10.7,4.6,18.11,0,0
41.0,35.8,12.3,2.0,18.1,0,0
23.6,93.0,34.0,25.8,47.379999999999995,0,1
31.2,37.4,6.7,3.1,16.919999999999998,0,0
20.5,83.5,32.1,25.8,43.84,0,0
23.5,52.3,13.9,14.3,26.54,0,0
32.9,39.6,5.9,0.2,16.43,0,0
36.4,35.1,15.9,1.1,17.79,0,0
29.4,50.3,20.5,15.1,28.17,0,0
33.0,32.3,15.9,3.3,17.49,0,0
37.3,42.8,8.3,4.6,20.069999999999997,0,0
23.0,93.1,15.7,20.5,41.56999999999999,0,1
20.7,79.2,18.3,51.6,50.13,1,0
42.3,39.0,7.8,2.0,18.29,0,0
20.5,82.1,40.8,88.1,70.08,1,0
25.9,65.0,15.8,17.3,32.17,0,0
43.1,43.0,12.2,4.4,21.410000000000004,0,0
19.9,88.1,22.1,31.9,45.6,0,1
25.7,57.6,15.1,17.7,29.95,0,0
27.9,86.4,38.8,61.3,60.989999999999995,1,1
31.9,39.1,6.7,3.9,17.82,0,0
23.8,91.3,39.6,89.0,73.28999999999999,1,1
24.0,78.7,29.1,37.9,46.989999999999995,0,0
42.7,22.5,15.0,4.2,15.7,0,0
23.2,87.4,23.0,22.9,42.300000000000004,0,1
40.6,39.0,15.8,1.8,19.64,0,0
19.8,93.1,18.0,22.0,42.309999999999995,0,1
22.7,47.4,16.8,15.5,26.049999999999997,0,0
23.8,85.6,31.4,30.4,46.5,0,1
24.0,84.4,23.7,56.2,54.940000000000005,1,0
35.2,28.5,9.7,2.6,15.05,0,0
41.5,23.4,9.0,4.8,14.89,0,0
31.1,64.9,18.5,19.5,34.080000000000005,0,0
16.5,84.7,47.6,79.7,68.46000000000001,1,0
18.5,88.6,29.1,60.6,58.49,1,1
35.4,25.4,5.4,3.4,13.599999999999998,0,0
18.7,96.0,42.1,74.1,68.73,1,1
31.3,32.7,12.2,3.1,16.62,0,0
29.6,49.0,10.4,16.9,26.5,0,0
30.1,24.2,15.8,0.5,13.63,0,0
18.2,80.5,34.9,26.7,43.63,0,0
20.0,79.5,17.8,35.1,43.45,0,0
42.1,34.9,10.4,3.7,18.24,0,0
22.9,87.7,30.8,31.5,47.35999999999999,0,1
23.3,60.7,20.3,11.0,29.0,0,0
22.1,94.4,36.9,84.0,71.50999999999999,1,1
30.7,28.7,8.8,2.4,14.4,0,0
37.5,44.4,7.1,4.2,20.169999999999998,0,0
28.5,89.6,18.9,50.7,53.79,1,1
42.6,39.1,12.5,0.9,18.85,0,0
28.5,82.5,18.7,40.1,47.38000000000001,0,0
26.3,88.2,31.7,65.4,61.59000000000001,1,1
21.9,86.0,17.2,46.2,49.91,0,1
24.4,77.2,28.4,52.6,52.32,1,0
41.0,21.0,10.9,4.5,14.379999999999999,0,0
24.7,85.2,30.3,63.7,59.57000000000001,1,1
43.7,25.2,14.9,1.8,15.629999999999999,0,0
35.7,26.7,14.0,2.1,15.22,0,0
38.9,29.6,8.6,3.4,15.850000000000001,0,0
26.0,50.1,12.7,17.4,27.13,0,0
43.5,24.8,16.8,0.3,15.27,0,0
21.5,71.8,26.6,37.6,44.05,0,0
31.1,21.0,7.6,1.0,11.330000000000002,0,0
37.7,27.0,17.2,1.8,16.03,0,0
24.0,74.5,24.3,68.7,57.089999999999996,1,0
31.1,59.9,11.4,9.4,27.12,0,0
40.7,42.3,13.0,4.4,21.12,0,0
30.0,48.7,11.9,12.6,25.029999999999998,0,0
32.1,44.5,9.6,3.8,20.0,0,0
43.9,41.1,8.9,3.6,19.94,0,0
39.5,25.2,9.6,4.3,15.149999999999999,0,0
25.3,93.4,49.2,72.8,69.51,1,1
44.7,31.1,9.9,4.9,17.740000000000002,0,0
37.4,26.4,11.8,3.8,15.540000000000001,0,0
43.0,32.6,16.0,1.3,17.8,0,0
36.0,27.5,14.7,3.8,16.31,0,0
23.1,54.4,19.4,9.7,26.389999999999997,0,0
43.7,23.4,5.0,0.8,12.71,0,0
22.9,66.4,22.0,15.2,32.69,0,0
26.1,79.6,26.0,41.8,48.41,0,0
28.0,46.6,20.7,19.6,28.76,0,0
19.3,81.9,27.4,44.2,49.660000000000004,0,0
20.4,94.5,44.0,61.4,63.74999999999999,1,1
23.9,54.0,21.3,14.4,28.610000000000003,0,0
42.5,24.6,9.5,0.1,13.57,0,0
38.1,31.1,13.7,0.4,16.04,0,0
38.1,29.8,5.4,0.0,13.83,0,0
23.0,66.8,11.3,18.8,32.12,0,0
26.2,99.9,35.5,70.6,67.92999999999999,1,1
26.2,78.3,25.1,65.4,57.290000000000006,1,0
27.0,72.8,18.4,40.6,44.46,0,0
31.9,63.8,16.7,13.6,31.11,0,0
25.3,93.8,42.5,74.3,68.89,1,1
31.1,59.2,18.1,18.6,31.930000000000003,0,0
22.1,93.8,21.7,58.3,58.01,1,1
23.6,79.0,30.2,64.2,57.78,1,0
20.3,72.6,19.2,49.5,47.45,0,0
24.8,94.4,28.4,36.9,51.239999999999995,0,1
35.8,25.3,8.9,3.2,14.230000000000002,0,0
36.6,34.6,10.9,2.1,17.060000000000002,0,0
18.8,93.1,39.2,68.1,64.89,1,1
22.0,84.8,24.0,31.4,45.0,0,0
28.6,81.2,20.3,32.5,44.28,0,0
30.2,62.1,14.1,15.6,30.709999999999997,0,0
32.2,35.4,9.6,2.9,16.92,0,0
25.2,83.4,31.6,39.5,49.660000000000004,0,0
23.3,91.8,16.4,32.3,46.07,0,1
29.4,45.6,24.1,11.0,25.84,0,0
22.6,83.5,20.4,64.1,57.029999999999994,1,0
28.8,91.7,15.5,27.5,44.49000000000001,0,1
26.6,68.7,22.0,17.1,34.510000000000005,0,0
42.5,24.6,16.9,1.9,15.77,0,0
28.5,79.2,33.9,35.7,47.67000000000001,0,0
27.1,78.1,19.8,67.5,57.099999999999994,1,0
35.2,44.5,12.3,3.6,20.77,0,0
17.4,87.1,37.6,68.6,62.83,1,1
19.5,82.9,23.7,66.8,58.28000000000001,1,0
20.5,92.8,34.8,37.9,52.01,0,1
19.8,86.7,21.0,60.9,56.550000000000004,1,1
23.1,52.2,14.5,5.7,23.150000000000002,0,0
28.0,80.1,39.6,60.2,58.83,1,0
44.0,28.9,17.1,1.0,16.89,0,0
24.9,78.6,27.6,66.2,58.07000000000001,1,0
38.9,35.3,11.2,4.1,18.36,0,0
22.6,50.5,11.2,5.6,21.889999999999997,0,0
43.3,44.8,11.2,2.6,21.049999999999997,0,0
19.3,92.4,46.1,73.2,68.15,1,1
43.5,40.4,13.7,0.0,19.21,0,0
31.2,47.2,20.1,11.4,25.86,0,0
30.4,61.0,20.2,11.6,30.02,0,0
20.5,74.0,20.8,31.1,40.849999999999994,0,0
20.1,98.2,37.9,99.1,78.69,1,1
44.4,21.8,13.5,4.9,15.64,0,0
39.6,36.1,17.7,1.7,19.01,0,0
40.0,41.5,9.2,2.4,19.25,0,0
22.3,46.8,11.2,6.8,21.229999999999997,0,0
28.8,80.0,19.4,69.9,58.72000000000001,1,0
29.7,77.2,27.1,29.7,43.43,0,0
30.6,66.6,13.5,15.5,31.939999999999998,0,0
27.9,48.2,18.7,13.5,26.39,0,0
18.5,81.0,24.7,56.4,53.65,1,0
23.6,90.9,26.8,47.2,53.870000000000005,0,1
29.5,70.6,30.7,49.4,50.03,0,0
24.7,65.9,14.4,8.7,28.599999999999998,0,0
30.3,25.7,9.5,2.9,13.8,0,0
29.4,66.6,22.4,9.3,31.119999999999997,0,0
35.0,29.8,11.2,3.9,16.240000000000002,0,0
23.2,85.8,49.4,96.4,76.49999999999999,1,1
35.7,24.5,13.0,4.1,15.16,0,0
28.7,80.6,24.0,58.3,55.169999999999995,1,0
27.0,45.1,20.3,7.5,23.290000000000003,0,0
27.0,57.2,18.1,17.0,30.28,0,0
21.5,89.6,38.0,89.7,72.51,1,1
36.0,43.6,16.1,1.4,20.46,0,0
24.9,81.9,32.1,45.3,51.6,0,0
35.8,29.9,9.2,1.4,14.95,0,0
30.5,67.0,21.1,7.4,30.330000000000002,0,0
35.6,39.4,5.6,1.0,16.9,0,0
40.4,34.8,14.3,0.9,17.7,0,0
19.6,71.4,21.2,23.5,37.02,0,0
31.9,42.6,15.9,2.6,20.19,0,0
36.5,31.5,7.0,4.1,16.14,0,0
25.1,53.2,19.9,18.9,30.01,0,0
24.5,86.1,20.4,36.2,46.84,0,1
25.4,78.6,34.8,42.7,50.16,0,0
28.5,81.8,16.9,26.8,41.49,0,0
30.5,51.4,17.5,18.4,29.33,0,0
26.2,73.4,27.1,21.4,38.62,0,0
29.9,87.4,18.9,38.6,48.43000000000001,0,1
26.5,66.1,17.4,13.9,31.520000000000003,0,0
40.5,23.3,7.2,0.2,12.559999999999999,0,0
23.0,63.8,19.4,6.2,27.799999999999997,0,0
22.4,97.0,46.1,69.0,68.16,1,1
29.2,73.7,19.8,35.6,43.230000000000004,0,0
24.0,47.7,19.1,13.6,25.97,0,0
42.8,26.0,10.9,4.9,16.22,0,0
21.0,90.6,25.7,20.1,42.46,0,1
23.9,90.4,34.1,66.9,63.09000000000001,1,1
25.0,73.7,17.5,35.4,42.269999999999996,0,0
38.3,40.2,17.5,0.3,19.509999999999998,0,0
18.1,99.4,41.6,85.8,74.27000000000001,1,1
33.5,35.0,9.3,1.1,16.150000000000002,0,0
33.9,24.5,5.2,2.7,12.86,0,0
22.2,87.8,39.4,85.4,70.6,1,1
26.0,74.8,31.4,31.7,44.0,0,0
44.3,28.9,13.0,0.6,15.94,0,0
30.2,42.7,5.7,0.2,17.05,0,0
25.4,48.3,23.9,8.3,25.13,0,0
29.5,78.5,16.7,35.8,44.16000000000001,0,0
28.7,93.3,16.2,29.7,45.98,0,1
37.9,27.9,12.6,1.2,15.16,0,0
24.3,85.9,30.3,40.2,50.34,0,1
27.0,88.4,40.2,62.7,62.34,1,1
25.2,74.8,18.6,30.5,40.88,0,0
43.5,39.0,8.2,0.0,17.69,0,0
37.7,34.4,14.5,4.3,18.71,0,0
22.3,45.8,16.0,13.4,24.529999999999998,0,0
17.6,94.5,41.5,74.8,68.33,1,1
32.0,32.4,17.9,3.6,17.939999999999998,0,0
23.3,80.8,34.6,54.2,55.17,1,0
25.4,54.5,20.5,12.6,28.029999999999998,0,0
25.0,48.6,22.7,8.0,24.82,0,0
31.7,64.2,23.7,19.2,34.85,0,0
24.0,79.8,31.3,67.2,59.48,1,0
40.5,29.7,10.8,4.8,17.04,0,0
31.1,57.6,15.8,7.7,26.63,0,0
31.3,46.8,23.7,19.6,29.749999999999996,0,0
26.6,87.7,29.7,32.8,48.03,0,1
36.7,23.4,13.2,0.5,13.53,0,0
24.5,78.3,16.2,43.4,46.54,0,0
27.0,85.6,31.0,35.2,48.660000000000004,0,1
24.0,81.2,49.9,72.6,65.78,1,0
40.7,32.3,7.5,2.8,16.38,0,0
28.5,55.6,19.4,10.6,27.650000000000002,0,0
22.4,92.5,28.2,29.3,47.35,0,1
35.1,23.6,9.0,4.1,14.030000000000001,0,0
24.3,89.9,39.9,76.7,68.06000000000002,1,1
23.4,61.4,13.0,10.5,27.56,0,0
22.8,71.9,18.2,32.0,40.290000000000006,0,0
22.9,48.5,10.7,8.3,22.299999999999997,0,0
25.4,78.8,34.4,44.5,50.86,0,0
23.8,91.9,33.5,40.6,52.89000000000001,0,1
24.7,64.2,11.2,10.1,28.009999999999998,0,0
33.0,39.3,5.2,4.2,17.81,0,0
29.0,68.6,24.8,8.2,31.72,0,0
24.6,71.0,26.8,30.4,41.28,0,0
23.0,70.3,21.2,27.9,38.79,0,0
18.1,79.7,20.4,62.6,54.84,1,0
38.7,25.2,14.0,0.5,14.430000000000001,0,0
29.1,58.3,18.9,5.4,26.34,0,0
15.8,96.3,44.4,96.7,78.03,1,1
24.5,59.0,15.4,14.2,28.91,0,0
27.1,85.4,22.5,28.4,44.190000000000005,0,1
28.2,72.8,24.2,34.4,43.26,0,0
21.3,91.3,33.4,24.0,45.8,0,1
29.2,91.6,19.7,47.5,53.339999999999996,0,1
22.3,70.9,29.8,32.4,42.42,0,0
37.6,27.5,13.9,3.1,16.03,0,0
21.4,98.6,30.2,94.1,75.4,1,1
44.5,40.6,15.3,2.2,20.57,0,0
18.4,71.2,15.2,25.3,36.36,0,0
39.2,35.1,16.9,4.4,19.59,0,0
40.7,32.2,6.4,3.4,16.37,0,0
30.2,51.6,12.7,14.4,26.8,0,0
28.9,66.3,18.9,19.4,34.32,0,0
24.7,62.1,17.4,6.6,27.22,0,0
42.8,38.5,15.4,1.9,19.669999999999998,0,0
31.6,33.7,17.5,3.5,18.17,0,0
24.5,92.9,45.3,60.5,63.58000000000001,1,1
33.9,24.7,7.4,0.9,12.64,0,0
23.8,92.7,25.7,32.2,48.21,0,1
20.5,83.5,33.4,73.9,63.339999999999996,1,0
23.8,93.6,36.1,72.3,66.6,1,1
27.2,58.6,10.3,13.8,27.879999999999995,0,0
19.2,83.6,38.3,99.5,74.46,1,0
37.9,40.4,9.7,2.9,19.009999999999998,0,0
31.7,33.9,13.9,2.5,17.119999999999997,0,0
30.4,63.4,23.8,6.8,29.54,0,0
31.6,21.9,12.8,4.2,13.97,0,0
22.5,54.5,23.5,16.8,30.02,0,0
43.9,24.3,8.6,5.0,15.399999999999999,0,0
30.2,34.3,7.5,1.7,15.489999999999998,0,0
19.4,88.0,33.6,43.7,52.53999999999999,0,1
36.8,39.7,16.7,2.4,19.89,0,0
26.7,97.4,39.8,99.4,79.61,1,1
23.0,75.1,33.2,25.6,41.709999999999994,0,0
26.1,80.4,33.1,30.2,45.43000000000001,0,0
27.7,72.5,28.5,36.8,44.940000000000005,0,0
33.2,20.1,9.9,1.7,12.01,0,0
25.7,81.1,21.0,43.3,48.42,0,0
29.0,91.5,27.5,54.6,57.690000000000005,1,1
22.5,87.7,15.5,27.0,42.46,0,1
27.7,88.5,30.7,79.0,67.06,1,1
25.2,97.0,31.9,95.9,76.36,1,1
23.7,60.4,21.2,16.1,31.169999999999998,0,0
26.1,94.3,28.9,36.6,51.32,0,1
25.9,83.1,49.9,86.8,72.22,1,0
22.3,59.5,15.8,10.9,27.599999999999998,0,0
39.9,31.3,8.5,4.6,16.92,0,0
16.5,94.1,46.6,90.7,75.47999999999999,1,1
20.8,91.5,45.2,93.3,75.89,1,1
24.3,91.0,41.0,97.7,77.01000000000002,1,1
23.7,64.2,19.1,6.9,28.210000000000004,0,0
24.2,52.5,21.2,13.8,27.93,0,0
19.4,96.2,44.8,95.0,77.75999999999999,1,1
41.3,39.9,5.8,1.1,17.7,0,0
34.8,31.3,16.9,2.1,17.09,0,0
26.1,79.2,31.0,53.4,53.93000000000001,1,0
28.3,70.9,29.5,21.0,38.4,0,0
22.5,66.3,10.7,9.6,28.119999999999997,0,0
26.1,67.3,13.9,12.2,30.459999999999997,0,0
41.9,26.9,16.0,1.6,16.1,0,0
24.3,55.1,22.6,10.3,27.6,0,0
28.8,85.8,22.2,24.2,42.74,0,1
30.8,35.1,9.2,1.5,16.049999999999997,0,0
38.5,22.7,11.7,1.8,13.719999999999999,0,0
22.8,84.9,32.9,98.2,73.61,1,0
31.7,45.7,10.3,12.3,23.86,0,0
30.2,43.0,9.0,3.3,19.04,0,0
37.4,21.5,12.8,0.3,12.870000000000001,0,0
30.9,31.0,17.4,2.0,16.67,0,0
23.6,50.0,19.1,10.0,25.18,0,0
36.0,28.5,12.2,3.5,15.989999999999998,0,0
26.5,45.6,24.9,13.9,26.870000000000005,0,0
22.4,59.6,24.8,14.2,30.759999999999998,0,0
26.6,88.6,20.7,24.4,43.14,0,1
27.8,72.0,30.3,55.8,52.760000000000005,1,0
29.9,92.8,22.7,33.4,48.730000000000004,0,1
30.9,42.5,17.1,3.1,20.5,0,0
19.3,71.3,27.8,26.6,39.52,0,0
26.7,83.4,28.2,65.7,59.61,1,0
19.5,72.9,24.0,38.1,43.86,0,0
26.8,91.5,34.5,26.5,47.629999999999995,0,1
30.4,34.2,9.4,4.6,17.02,0,0
40.6,30.0,15.5,1.2,16.64,0,0
28.1,66.6,21.7,18.0,34.33,0,0
44.8,34.4,14.3,3.8,19.18,0,0
24.8,71.6,17.6,23.3,36.8,0,0
23.0,68.4,19.4,8.7,30.18,0,0
30.9,41.6,12.9,1.6,18.79,0,0
22.7,92.7,34.6,65.3,63.120000000000005,1,1
40.4,35.5,8.8,0.9,16.81,0,0
31.5,41.0,17.6,0.6,19.21,0,0
21.6,96.7,47.5,74.9,70.63,1,1
24.6,87.9,26.8,62.3,59.11000000000001,1,1
25.3,79.1,18.2,66.1,56.339999999999996,1,0
24.0,77.3,23.9,53.3,51.69,1,0
23.9,62.2,15.4,7.0,26.93,0,0
22.6,80.9,48.4,68.6,63.64999999999999,1,0
15.8,98.8,39.3,86.3,73.6,1,1
29.5,51.8,22.6,7.0,25.81,0,0
42.5,36.2,5.2,1.2,16.630000000000003,0,0
18.3,72.0,17.1,32.1,39.69,0,0
35.0,43.5,13.6,3.8,20.79,0,0
25.5,56.1,16.6,18.8,30.22,0,0
23.9,49.4,11.0,5.8,21.729999999999997,0,0
27.9,50.8,11.3,6.5,22.89,0,0
21.6,85.3,47.1,85.2,71.25,1,1
35.0,42.2,7.4,1.1,18.08,0,0
23.1,91.4,34.1,60.7,60.830000000000005,1,1
35.8,29.8,6.8,3.9,15.44,0,0
34.6,23.5,5.9,3.8,13.21,0,0
30.8,20.1,10.1,2.7,12.21,0,0
26.4,78.1,34.6,24.9,42.95,0,0
28.8,86.2,19.2,29.3,44.300000000000004,0,1
20.8,72.5,24.7,65.4,54.93,1,0
27.4,93.7,35.4,85.4,72.09,1,1
28.0,59.3,24.1,11.3,29.93,0,0
29.5,72.8,21.2,45.7,47.31000000000001,0,0
29.0,74.3,17.3,66.2,55.13,1,0
21.3,99.4,34.7,80.3,71.00999999999999,1,1
26.4,62.8,20.5,12.2,30.46,0,0
22.0,81.3,31.6,49.7,52.79,0,0
27.9,63.8,13.9,17.1,31.549999999999997,0,0
44.0,34.3,11.1,3.9,18.47,0,0
36.6,36.2,6.0,3.2,17.0,0,0
31.7,59.3,17.2,8.3,27.72,0,0
25.2,77.2,34.8,62.1,57.480000000000004,1,0
31.1,55.6,14.1,8.2,25.89,0,0
31.2,45.7,15.5,15.5,26.130000000000003,0,0
27.3,72.9,15.4,39.8,43.599999999999994,0,0
18.2,78.6,19.3,49.4,49.02,0,0
22.5,86.3,17.8,46.2,50.18,0,1
23.5,48.5,16.4,18.1,27.42,0,0
19.2,82.2,24.7,50.1,51.56,1,0
19.9,98.7,49.2,70.0,69.44,1,1
25.4,57.8,16.6,20.0,31.2,0,0
18.1,83.2,20.5,68.9,58.43000000000001,1,0
15.6,89.8,39.5,62.0,61.199999999999996,1,1
25.7,70.7,33.6,61.5,55.1,1,0
28.2,63.1,21.3,10.3,30.130000000000003,0,0
35.1,36.2,5.0,4.5,17.17,0,0
26.8,65.4,12.9,5.1,26.92,0,0
21.2,81.9,46.8,73.5,65.45,1,0
29.6,52.0,19.2,11.8,27.12,0,0
39.8,42.0,7.7,3.4,19.48,0,0
35.3,35.4,16.2,0.2,17.47,0,0
31.9,27.0,12.0,3.7,15.17,0,0
32.4,30.3,7.7,1.5,14.47,0,0
34.1,26.8,5.0,0.4,12.61,0,0
42.9,20.4,10.0,0.4,12.57,0,0
24.7,90.1,24.6,39.3,50.14,0,1
36.7,22.3,9.5,0.8,12.58,0,0
31.4,61.0,23.5,18.0,33.339999999999996,0,0
18.2,87.5,32.5,56.2,57.050000000000004,1,1
43.4,30.0,10.1,1.0,15.76,0,0
19.8,71.6,32.7,42.0,46.8,0,0
30.8,53.4,18.6,15.1,28.86,0,0
26.4,48.3,17.1,15.1,26.59,0,0
40.0,44.1,8.6,3.2,20.23,0,0
23.2,84.3,17.0,23.2,40.29,0,0
25.2,92.0,18.0,61.3,58.24,1,1
26.6,57.8,21.9,7.3,27.299999999999997,0,0
30.6,21.7,5.5,0.7,10.950000000000001,0,0
18.5,77.9,33.9,20.4,40.160000000000004,0,0
20.2,81.6,28.6,35.3,46.339999999999996,0,0
27.3,96.7,44.2,93.6,78.02,1,1
25.5,62.5,16.0,7.3,27.42,0,0
35.7,44.1,9.9,3.8,20.3,0,0
32.6,25.3,17.9,0.5,14.63,0,0
41.7,30.5,17.0,2.4,17.68,0,0
33.0,43.0,16.9,3.8,21.1,0,0
33.5,26.6,14.1,2.5,15.15,0,0
21.8,93.5,39.5,97.7,77.21000000000002,1,1
23.8,65.2,13.8,11.6,29.34,0,0
20.4,82.6,34.5,99.5,73.52000000000001,1,0
31.6,63.9,14.7,18.3,32.59,0,0
20.8,80.1,35.4,85.9,67.55,1,0
20.0,79.5,26.1,48.4,50.42999999999999,0,0
24.3,80.6,21.3,23.2,40.14999999999999,0,0
42.2,35.8,13.8,3.5,19.119999999999997,0,0
26.1,83.2,37.4,95.0,73.05,1,0
15.2,91.2,49.2,96.8,77.44,1,1
25.0,88.0,23.7,26.1,44.080000000000005,0,1
21.5,93.0,37.9,88.4,72.99000000000001,1,1
22.5,78.8,20.2,57.1,52.77,1,0
19.6,77.2,21.6,26.8,40.160000000000004,0,0
28.0,59.2,13.1,8.6,26.620000000000005,0,0
35.0,25.9,16.8,5.0,16.63,0,0
19.4,74.9,25.2,59.0,53.050000000000004,1,0
34.1,23.1,12.5,4.1,14.48,0,0
18.2,71.1,18.9,69.5,54.73,1,0
41.2,23.0,17.6,0.4,14.7,0,0
27.1,99.9,39.2,82.0,73.32,1,1
21.8,80.2,28.7,25.7,42.260000000000005,0,0
39.2,33.3,15.3,0.6,17.21,0,0
29.3,47.5,19.7,10.0,25.12,0,0
19.1,90.5,23.0,30.0,45.66,0,1
27.6,50.9,12.2,9.0,24.070000000000004,0,0
23.2,54.5,15.1,18.3,29.009999999999998,0,0
23.9,55.4,21.9,13.1,28.63,0,0
25.5,93.9,18.6,61.9,59.2,1,1
21.2,91.3,31.6,24.3,45.55,0,1
41.2,24.4,9.9,3.5,14.82,0,0
31.5,65.9,16.5,17.7,33.300000000000004,0,0
18.8,72.2,28.3,57.7,52.28000000000001,1,0
25.0,53.8,14.5,19.8,29.46,0,0
40.9,27.8,14.4,1.2,15.790000000000001,0,0
41.1,28.9,9.6,2.9,15.86,0,0
27.1,79.0,26.8,26.0,42.17,0,0
29.4,80.0,15.6,45.6,48.3,0,0
19.9,75.8,29.5,38.4,45.989999999999995,0,0
29.0,88.5,23.4,36.1,48.57,0,1
30.3,46.1,11.4,17.5,26.14,0,0
44.7,35.3,17.8,1.4,19.18,0,0
20.8,76.6,27.5,26.7,41.239999999999995,0,0
31.6,68.4,22.7,11.1,32.66,0,0
23.3,95.4,47.0,60.3,64.47,1,1
20.9,75.6,25.4,51.6,50.489999999999995,1,0
21.8,71.6,32.5,20.4,38.32,0,0
28.4,65.9,13.2,10.3,29.37,0,0
22.2,48.5,21.9,5.2,23.229999999999997,0,0
29.9,88.9,16.3,66.4,59.480000000000004,1,1
26.3,46.2,11.7,12.8,23.950000000000003,0,0
32.3,25.1,5.1,3.5,13.18,0,0
23.9,88.7,20.9,67.4,60.14000000000001,1,1
35.6,38.6,16.5,3.3,19.759999999999998,0,0
31.1,24.4,14.1,0.5,13.45,0,0
31.2,41.1,9.0,2.0,18.05,0,0
22.2,59.2,17.5,18.0,30.68,0,0
21.8,91.9,32.7,81.6,68.93,1,1
25.2,54.7,10.2,11.5,25.57,0,0
38.6,39.1,8.4,2.7,18.35,0,0
27.3,77.2,34.4,31.0,45.17,0,0
38.4,25.2,11.9,1.2,14.26,0,0
37.2,36.2,13.8,1.7,18.020000000000003,0,0
25.1,87.3,33.4,64.8,61.3,1,1
28.3,47.0,21.4,11.9,25.97,0,0
19.4,87.1,29.6,21.0,42.39,0,1
33.2,33.4,5.8,3.3,15.82,0,0
44.4,39.6,16.9,5.0,21.700000000000003,0,0
24.1,62.1,22.3,15.8,31.82,0,0
31.2,69.9,22.8,12.5,33.65,0,0
31.0,33.7,15.3,2.3,17.19,0,0
26.6,83.1,33.3,92.3,71.16999999999999,1,0
25.0,67.1,17.8,9.9,30.15,0,0
30.7,32.5,17.2,0.5,16.46,0,0
24.9,65.3,20.0,20.0,34.08,0,0
26.6,49.3,23.6,10.8,26.49,0,0
28.9,59.1,16.8,19.7,31.86,0,0
23.7,84.8,32.1,21.1,42.669999999999995,0,0
21.1,71.4,24.8,51.1,48.93,1,0
44.6,38.8,11.1,1.9,19.08,0,0
31.2,48.8,11.5,12.1,24.9,0,0
29.4,47.0,25.0,15.7,28.32,0,0
19.4,91.3,20.8,59.6,57.33,1,1
31.5,46.9,12.6,10.6,23.979999999999997,0,0
34.8,39.8,8.8,2.0,17.98,0,0
30.0,50.9,17.4,6.1,24.19,0,0
24.5,47.7,22.3,13.5,26.62,0,0
40.4,36.0,11.2,3.8,18.599999999999998,0,0
31.4,43.2,17.4,2.3,20.5,0,0
30.9,54.2,15.3,15.0,28.41,0,0
20.2,92.9,34.7,75.6,67.07,1,1
28.7,86.9,23.2,68.1,60.82,1,1
43.6,21.0,13.8,3.0,14.620000000000001,0,0
21.4,83.0,40.8,73.8,64.72,1,0
31.6,25.2,6.9,3.6,13.540000000000001,0,0
28.0,70.9,31.9,30.2,42.53,0,0
18.4,83.9,20.6,27.6,42.17,0,0
22.2,86.5,21.5,60.3,56.589999999999996,1,1
26.8,75.7,16.7,45.7,47.01,0,0
23.9,60.5,13.8,19.4,31.06,0,0
18.4,77.1,26.3,48.4,49.58999999999999,0,0
26.6,84.3,46.4,79.6,69.07,1,0
34.0,37.3,7.2,3.6,17.47,0,0
32.2,39.3,8.7,4.6,18.59,0,0
23.9,90.6,31.4,73.5,65.25,1,1
28.5,57.0,14.7,17.7,29.970000000000002,0,0
27.9,82.6,15.6,34.8,44.60999999999999,0,0
24.4,90.3,20.8,52.9,54.849999999999994,1,1
26.4,71.7,24.5,69.6,56.89,1,0
31.0,33.4,16.1,5.0,18.34,0,0
23.5,46.7,24.7,9.7,25.180000000000003,0,0
29.0,72.4,15.8,56.5,50.38,1,0
23.1,73.0,17.6,34.1,41.370000000000005,0,0
26.4,50.6,21.1,14.0,27.64,0,0
34.7,23.9,8.4,2.9,13.479999999999999,0,0
26.9,59.8,19.2,15.2,30.549999999999997,0,0
24.9,84.7,32.3,32.3,47.28,0,0
37.0,31.3,9.9,3.0,16.27,0,0
28.1,69.2,19.1,10.9,31.75,0,0
28.8,92.7,18.7,45.7,52.71000000000001,0,1
42.3,32.0,5.6,0.6,15.189999999999998,0,0
18.2,90.8,29.0,64.1,60.49999999999999,1,1
23.3,84.7,17.9,56.0,53.72,1,0
23.0,93.5,30.7,42.7,53.57,0,1
19.8,93.0,43.2,61.8,63.239999999999995,1,1
31.2,47.8,12.0,16.2,26.34,0,0
22.9,79.4,22.5,35.7,44.89,0,0
25.2,49.7,17.0,6.7,23.51,0,0
39.4,26.8,12.3,2.4,15.4,0,0
29.8,48.1,14.8,5.2,22.45,0,0
21.1,81.2,34.6,45.0,51.39,0,0
29.5,61.3,13.9,8.8,27.639999999999997,0,0
39.7,35.4,10.3,2.5,17.65,0,0
27.7,66.3,20.8,19.6,34.66,0,0
22.1,48.0,21.4,11.4,25.450000000000003,0,0
23.3,96.6,44.1,77.4,71.08999999999999,1,1
27.3,99.4,44.5,94.0,79.05000000000001,1,1
29.2,56.5,12.0,18.0,29.47,0,0
23.9,76.7,32.0,22.1,40.64,0,0
23.9,73.0,21.5,55.7,50.87,1,0
27.9,64.4,18.8,10.0,29.87,0,0
22.9,65.1,12.6,18.2,31.619999999999997,0,0
29.9,57.5,23.7,13.5,30.380000000000003,0,0
21.0,83.9,30.7,35.2,47.49,0,0
31.5,48.6,17.6,15.8,27.57,0,0
19.3,78.9,33.5,67.8,59.42000000000001,1,0
22.5,45.4,11.4,9.4,21.91,0,0
19.6,82.6,41.3,80.8,67.32,1,0
22.1,88.0,34.3,37.6,50.51,0,1
26.6,86.7,27.0,69.4,61.83000000000001,1,1
41.9,33.8,5.6,2.5,16.45,0,0
40.0,26.8,16.1,4.9,17.22,0,0
25.4,83.4,27.5,61.9,57.82,1,0
40.0,31.5,12.4,0.5,16.13,0,0
29.9,48.3,18.5,17.9,28.339999999999996,0,0
35.6,31.3,6.1,4.9,16.130000000000003,0,0
24.9,83.4,32.4,33.6,47.43,0,0
22.6,58.3,13.4,8.9,25.99,0,0
22.0,91.2,25.5,41.4,51.220000000000006,0,1
37.8,38.0,5.4,3.0,17.46,0,0
31.3,62.6,20.7,17.4,33.010000000000005,0,0
37.1,32.0,6.3,1.9,15.33,0,0
28.4,49.6,22.3,14.9,28.14,0,0
22.9,90.1,31.5,78.1,66.86,1,1
23.6,46.5,22.4,15.3,26.91,0,0
42.7,35.7,8.2,2.2,17.500000000000004,0,0
31.6,20.0,10.0,3.7,12.64,0,0
28.8,67.8,16.2,12.3,31.38,0,0
29.3,78.1,20.0,48.5,49.76,0,0
26.0,83.5,21.8,49.4,51.77,0,0
23.7,83.3,26.3,66.4,59.17999999999999,1,0
27.3,81.1,15.6,33.1,43.42,0,0
20.6,71.2,28.1,64.5,54.84,1,0
25.3,49.8,11.5,13.9,25.330000000000002,0,0
28.5,47.5,23.7,9.6,25.68,0,0
41.1,29.7,9.9,1.3,15.52,0,0
19.7,88.3,34.7,69.2,63.08,1,1
43.5,28.5,12.3,3.7,16.84,0,0
24.4,84.7,49.1,78.1,68.91,1,0
25.3,70.6,20.9,45.6,46.13,0,0
33.8,21.7,13.7,3.8,14.149999999999999,0,0
30.4,61.5,23.2,5.5,28.33,0,0
27.9,81.3,19.8,47.9,50.3,0,0
21.6,90.2,25.0,47.4,53.17999999999999,0,1
25.3,77.9,19.5,51.2,50.28000000000001,1,0
15.5,82.8,43.1,78.8,66.53,1,0
22.5,91.5,30.9,79.8,67.80000000000001,1,1
29.4,88.1,31.6,33.3,49.01,0,1
23.7,65.9,16.7,9.7,29.36,0,0
39.3,32.9,7.7,1.8,16.06,0,0
21.6,89.2,21.4,40.3,49.32000000000001,0,1
35.3,30.2,14.8,0.5,15.749999999999998,0,0
33.3,31.4,12.3,3.1,16.450000000000003,0,0
44.7,38.8,9.4,3.7,19.47,0,0
27.1,91.4,16.8,46.1,51.93,0,1
25.7,86.4,27.3,46.0,52.35000000000001,0,1
40.3,29.0,13.9,2.4,16.470000000000002,0,0
28.6,81.3,15.6,43.8,47.88999999999999,0,0
18.2,77.5,30.6,65.6,57.43,1,0
22.5,93.7,26.1,47.8,54.7,0,1
25.5,69.7,16.7,14.5,32.6,0,0
29.2,47.6,17.4,14.8,26.6,0,0
20.6,73.4,28.2,36.5,44.32000000000001,0,0
43.6,33.8,17.4,2.5,18.98,0,0
32.2,21.9,11.1,1.3,12.530000000000001,0,0
26.3,55.9,24.8,5.9,26.72,0,0
40.7,40.7,12.6,3.2,20.080000000000002,0,0
43.9,36.8,7.5,3.2,18.21,0,0
25.5,77.1,30.0,53.4,53.03999999999999,1,0
26.1,86.3,32.2,36.7,49.620000000000005,0,1
23.5,94.8,28.9,61.6,61.21,1,1
27.2,66.2,23.4,5.1,29.299999999999997,0,0
20.2,88.3,17.7,66.4,58.61,1,1
35.2,21.6,17.9,4.7,15.46,0,0
39.4,25.4,10.8,1.9,14.479999999999999,0,0
20.2,83.9,45.4,91.3,72.79,1,0
27.8,68.6,23.1,5.7,30.26,0,0
43.3,40.0,14.4,1.1,19.65,0,0
22.8,87.1,16.5,27.4,42.67,0,1
29.0,70.8,35.0,66.5,57.74,1,0
19.4,93.9,30.3,39.6,52.010000000000005,0,1
24.6,80.7,18.9,39.2,46.13,0,0
19.9,86.9,25.8,25.9,43.580000000000005,0,1
30.2,53.8,23.1,8.0,26.979999999999997,0,0
34.2,29.6,15.8,0.4,15.620000000000001,0,0
40.9,43.5,8.5,2.4,19.799999999999997,0,0
22.0,54.6,10.4,18.6,28.099999999999998,0,0
32.1,28.1,8.2,1.3,13.8,0,0
38.1,32.5,5.9,0.9,15.1,0,0
19.0,79.8,28.2,41.1,47.919999999999995,0,0
31.8,44.5,7.3,3.8,19.509999999999998,0,0
23.9,48.7,17.0,7.5,23.4,0,0
18.4,93.7,17.2,20.9,41.75,0,1
28.5,70.9,16.4,51.6,48.04,1,0
27.1,84.6,29.4,54.9,55.93000000000001,1,0
36.6,30.2,16.0,5.0,17.919999999999998,0,0
24.1,80.0,32.3,36.8,47.59,0,0
25.4,58.2,17.7,7.4,26.5,0,0
27.9,74.4,34.1,23.5,41.33,0,0
19.8,92.4,20.3,49.1,53.4,0,1
35.1,23.3,13.3,0.8,13.48,0,0
27.6,75.8,25.1,38.7,46.0,0,0
26.3,67.9,22.4,5.9,29.84,0,0
37.0,34.6,15.5,3.2,18.46,0,0
27.3,90.2,18.3,41.9,50.21000000000001,0,1
25.2,50.5,21.7,17.1,28.849999999999998,0,0
32.0,56.8,21.6,10.5,28.759999999999998,0,0
31.9,23.6,12.3,1.6,13.370000000000001,0,0
25.0,51.9,10.8,12.6,25.27,0,0
41.8,43.1,13.9,2.0,20.69,0,0
19.5,88.9,17.4,44.5,49.9,0,1
29.9,80.3,34.1,20.1,41.940000000000005,0,0
31.2,42.3,15.7,1.1,19.39,0,0
26.5,71.0,21.6,39.2,43.95,0,0
28.4,53.8,19.5,7.7,25.959999999999997,0,0
24.1,82.6,20.1,30.8,43.53,0,0
26.9,92.8,15.2,35.0,47.57,0,1
23.7,57.5,11.7,10.3,26.080000000000002,0,0
32.9,27.6,13.2,1.7,14.89,0,0
29.4,88.2,27.6,31.1,47.36000000000001,0,1
31.2,64.8,19.7,5.1,28.54,0,0
41.4,21.1,16.1,3.3,15.010000000000002,0,0
29.8,72.3,26.2,24.4,39.67,0,0
31.6,36.2,11.1,3.1,17.480000000000004,0,0
44.8,44.1,12.5,0.8,20.53,0,0
18.4,94.8,40.1,82.3,71.22,1,1
26.2,59.9,24.9,14.4,31.330000000000002,0,0
33.9,38.1,6.5,1.5,16.72,0,0
39.4,34.1,6.0,3.2,16.650000000000002,0,0
31.3,27.7,10.3,0.8,13.82,0,0
23.5,78.5,23.6,47.9,49.78,0,0
19.7,74.8,29.4,49.6,50.13,0,0
40.9,37.8,5.1,0.4,16.61,0,0
19.8,80.4,46.1,65.8,61.63999999999999,1,0
29.9,46.2,11.8,18.5,26.61,0,0
27.8,65.7,21.2,7.0,29.53,0,0
42.8,24.0,6.3,0.5,12.940000000000001,0,0
24.6,89.5,15.9,20.2,40.57,0,1
27.9,46.0,24.4,11.8,26.189999999999998,0,0
28.3,74.0,30.0,46.5,49.629999999999995,0,0
31.5,45.5,21.3,6.2,23.540000000000006,0,0
16.0,82.9,42.4,60.6,59.190000000000005,1,0
27.1,74.4,25.0,27.8,41.15,0,0
35.4,42.7,13.3,1.1,19.45,0,0
19.6,84.0,15.8,54.4,52.080000000000005,1,0
32.1,21.8,13.0,3.4,13.71,0,0
36.6,34.8,6.3,0.6,15.6,0,0
42.4,39.4,10.7,1.1,18.64,0,0
43.4,37.5,7.8,4.5,18.950000000000003,0,0
23.3,92.7,39.3,66.3,64.52,1,1
41.2,33.1,6.4,2.1,16.17,0,0
18.9,89.3,48.9,75.2,68.54,1,1
29.4,82.1,27.4,25.1,43.09,0,0
37.4,42.1,13.5,2.4,20.03,0,0
22.3,56.4,15.4,14.5,28.029999999999998,0,0
32.3,24.1,9.2,3.5,13.700000000000001,0,0
44.2,44.2,11.4,4.0,21.560000000000002,0,0
25.2,94.6,22.1,46.1,53.760000000000005,0,1
40.2,21.8,15.8,0.5,13.920000000000002,0,0
26.6,65.2,19.8,14.2,31.86,0,0
30.3,47.0,10.5,15.8,25.550000000000004,0,0
20.0,85.5,20.4,32.5,44.73,0,1
25.6,80.8,44.4,63.8,61.2,1,0
22.6,77.6,15.8,47.0,47.49999999999999,0,0
39.6,27.6,7.9,3.6,15.26,0,0
31.4,54.8,11.7,9.0,25.52,0,0
31.7,22.2,6.2,3.7,12.549999999999999,0,0
20.6,98.6,42.1,84.7,73.94,1,1
42.5,37.7,16.1,3.6,20.22,0,0
27.1,93.0,20.7,27.2,45.63,0,1
19.1,86.7,45.5,85.4,71.17999999999999,1,1
26.6,70.3,33.4,66.8,57.150000000000006,1,0
22.8,67.2,11.3,12.1,29.540000000000003,0,0
22.9,90.8,18.0,40.3,49.25,0,1
36.1,31.4,17.8,4.0,18.19,0,0
27.2,87.6,18.5,67.8,59.82,1,1
26.4,94.5,26.0,40.4,52.35,0,1
29.2,79.1,24.8,65.6,57.85,1,0
25.6,57.5,18.5,10.5,27.71,0,0
32.4,34.4,16.4,0.5,17.04,0,0
33.0,26.4,16.0,2.7,15.5,0,0
42.4,27.2,13.1,0.2,15.1,0,0
16.6,99.9,44.1,79.1,72.09,1,1
24.5,80.6,46.1,60.1,59.89,1,0
37.0,44.0,15.9,0.9,20.439999999999998,0,0
22.8,87.5,31.0,76.5,65.33,1,1
40.6,34.8,15.0,1.0,17.9,0,0
19.0,80.6,39.8,68.1,61.279999999999994,1,0
37.1,28.1,13.7,0.8,15.200000000000001,0,0
17.2,83.9,43.0,63.0,60.690000000000005,1,0
35.7,21.5,10.2,4.8,13.98,0,0
24.1,92.9,24.7,21.4,43.78,0,1
39.9,42.4,12.0,2.8,20.229999999999997,0,0
34.8,38.1,9.7,4.1,18.49,0,0
42.0,23.3,8.1,3.9,14.370000000000001,0,0
25.1,56.8,23.0,17.6,31.19,0,0
16.4,95.7,36.0,63.5,62.95,1,1
22.4,90.1,26.0,50.6,54.71,1,1
18.9,74.3,35.0,69.0,58.78,1,0
23.7,46.5,10.8,8.8,22.0,0,0
39.5,40.0,9.1,0.3,17.89,0,0
31.9,28.0,13.2,4.9,16.19,0,0
28.2,91.7,16.5,44.6,51.47,0,1
28.8,78.6,20.2,63.2,55.78,1,0
30.8,32.9,13.1,1.2,16.049999999999997,0,0
36.1,26.9,5.3,0.8,13.059999999999999,0,0
39.1,31.6,5.1,1.8,15.13,0,0
25.9,98.3,45.4,62.1,66.0,1,1
36.6,29.6,18.0,0.7,16.42,0,0
40.4,23.4,17.5,2.5,15.559999999999999,0,0
26.2,60.3,10.8,12.8,27.990000000000002,0,0
28.8,52.8,14.8,14.4,27.439999999999998,0,0
26.7,86.1,30.3,43.2,51.84,0,1
23.5,87.5,25.1,46.3,52.14,0,1
42.2,36.8,16.7,4.7,20.479999999999997,0,0
30.5,25.2,5.7,4.7,13.63,0,0
22.6,67.4,16.6,17.3,32.720000000000006,0,0
24.5,52.3,13.5,14.0,26.439999999999998,0,0
34.4,41.3,11.1,4.3,19.77,0,0
27.9,92.2,42.2,77.4,69.85000000000001,1,1
37.0,25.7,8.5,0.3,13.23,0,0
34.5,27.8,12.3,3.4,15.61,0,0
32.2,28.1,8.9,2.7,14.51,0,0
23.7,46.1,14.0,14.8,24.92,0,0
24.2,65.4,23.5,14.4,32.5,0,0
35.7,35.4,7.4,2.9,16.83,0,0
25.3,90.0,18.8,50.9,53.65,1,1
18.2,77.8,32.9,25.9,42.1,0,0
21.4,77.1,31.5,64.6,57.41,1,0
22.9,84.0,16.0,39.3,46.410000000000004,0,0
19.8,85.4,39.9,74.1,65.22000000000001,1,1
44.0,36.2,12.9,0.9,18.200000000000003,0,0
23.8,84.4,25.6,31.7,45.50000000000001,0,0
15.2,88.0,32.8,85.4,68.64,1,1
22.6,100.0,40.9,92.9,77.60000000000001,1,1
30.0,66.6,15.0,19.7,33.86,0,0
25.3,46.7,17.0,12.9,25.1,0,0
29.7,56.7,21.9,19.1,32.0,0,0
25.9,71.5,17.5,65.5,53.74000000000001,1,0
30.4,32.6,11.1,1.1,15.48,0,0
30.0,67.5,18.4,10.8,31.25,0,0
23.3,91.3,48.0,73.7,68.8,1,1
34.9,24.4,5.7,3.7,13.43,0,0
37.0,23.9,7.5,0.1,12.41,0,0
27.4,51.4,11.9,11.4,25.099999999999994,0,0
41.1,44.4,12.3,3.1,21.13,0,0
44.0,30.8,8.0,4.8,17.16,0,0
27.0,86.3,29.7,47.4,53.489999999999995,0,1
36.7,31.8,10.2,4.7,17.130000000000003,0,0
27.7,52.3,21.3,10.9,27.08,0,0
24.0,99.3,40.7,79.0,71.93,1,1
29.0,46.5,18.9,17.3,27.550000000000004,0,0
19.0,81.8,27.3,65.8,58.22,1,0
26.5,45.1,12.9,6.2,21.239999999999995,0,0
37.7,24.6,6.0,3.6,13.79,0,0
25.8,59.7,24.9,12.4,30.43,0,0
43.4,43.4,8.9,1.3,19.66,0,0
22.6,53.1,21.6,12.6,27.55,0,0
25.6,55.6,16.4,8.8,26.04,0,0
26.5,67.1,14.9,6.3,28.28,0,0
30.2,45.5,19.6,11.3,25.110000000000003,0,0
23.1,94.8,22.8,42.2,52.190000000000005,0,1
29.1,86.4,34.3,67.8,62.81,1,1
19.6,92.4,45.0,63.0,63.88,1,1
16.0,87.1,39.2,86.3,70.09,1,1
25.8,65.8,17.5,14.8,31.740000000000002,0,0
18.2,88.4,16.3,40.0,47.599999999999994,0,1
29.4,80.8,32.1,21.0,42.0,0,0
40.8,29.4,7.9,3.2,15.759999999999998,0,0
35.6,40.4,15.7,3.0,20.020000000000003,0,0
40.4,28.6,6.7,1.9,14.719999999999999,0,0
28.0,85.1,23.6,51.9,53.809999999999995,1,1
27.1,52.8,13.7,9.1,24.93,0,0
27.5,89.4,18.6,65.5,59.49,1,1
28.5,46.0,13.4,18.6,26.770000000000003,0,0
27.1,53.1,10.1,15.3,26.78,0,0
37.7,30.3,11.8,4.3,16.94,0,0
21.8,79.6,18.6,31.7,42.46,0,0
25.6,90.6,33.4,32.6,49.46,0,1
28.2,91.3,32.2,39.0,52.24999999999999,0,1
26.1,78.6,25.8,57.2,54.230000000000004,1,0
18.9,82.6,48.2,87.9,71.47,1,0
19.4,75.8,31.2,56.0,53.32,1,0
32.7,41.9,15.4,1.2,19.4,0,0
31.6,58.9,14.2,19.0,31.27,0,0
22.6,52.7,21.4,15.0,28.350000000000005,0,0
27.9,85.2,27.2,40.4,49.949999999999996,0,1
23.0,89.2,32.7,67.5,62.6,1,1
26.9,99.3,31.4,63.9,64.32000000000001,1,1
23.9,85.8,15.8,33.7,44.769999999999996,0,1
28.3,56.3,21.5,6.1,26.46,0,0
23.1,93.8,47.5,85.4,74.11,1,1
24.6,55.6,23.0,11.5,28.340000000000003,0,0
29.1,90.7,26.2,30.4,47.52000000000001,0,1
22.2,77.3,24.7,61.8,55.06999999999999,1,0
22.9,45.3,19.7,18.7,27.3,0,0
21.7,99.9,44.6,91.1,77.5,1,1
24.7,56.4,20.7,6.4,26.089999999999996,0,0
32.6,33.4,17.6,1.3,17.32,0,0
39.1,30.4,5.3,1.8,14.81,0,0
24.7,94.4,45.6,93.0,77.11000000000001,1,1
39.4,21.1,8.6,2.1,12.83,0,0
24.7,94.7,16.1,52.2,54.980000000000004,1,1
35.7,34.1,15.6,3.8,18.44,0,0
18.6,72.2,18.6,44.5,45.04,0,0
19.4,92.3,47.8,98.4,78.55000000000001,1,1
25.0,74.0,17.6,50.1,48.260000000000005,1,0
38.5,30.1,5.8,3.8,15.559999999999999,0,0
29.3,94.4,35.0,64.1,63.89,1,1
24.6,81.1,48.9,87.0,71.36999999999999,1,0
41.9,39.5,10.3,1.0,18.5,0,0
22.8,91.5,47.8,88.3,74.61,1,1
27.9,95.5,36.0,60.7,62.92,1,1
30.0,65.3,17.1,5.4,28.17,0,0
22.2,91.8,48.7,68.4,66.86000000000001,1,1
25.8,46.0,19.1,11.5,24.799999999999997,0,0
29.6,46.4,17.8,8.2,23.72,0,0
42.4,42.7,6.7,2.1,19.23,0,0
36.9,39.5,13.9,0.9,18.68,0,0
23.8,84.3,35.8,71.1,63.27,1,0
20.7,70.4,29.7,37.7,44.21,0,0
24.0,66.6,24.0,17.5,34.18,0,0
22.9,68.5,23.7,7.4,30.54,0,0
26.2,57.8,18.3,19.9,31.580000000000002,0,0
16.9,83.5,44.4,64.3,61.339999999999996,1,0
24.6,49.5,16.9,11.6,25.33,0,0
29.8,91.6,26.9,34.8,49.760000000000005,0,1
24.3,75.7,19.1,53.2,50.24,1,0
34.6,39.1,8.3,4.0,18.45,0,0
22.7,88.4,28.7,35.6,48.77000000000001,0,1
31.5,54.6,19.1,19.7,31.229999999999997,0,0
18.5,96.9,43.9,85.7,73.97999999999999,1,1
34.9,35.6,11.2,0.8,16.73,0,0
43.4,27.2,9.8,3.7,15.940000000000001,0,0
15.8,90.7,30.2,87.5,69.83,1,1
26.2,68.0,10.5,17.9,32.28,0,0
20.7,77.5,16.2,67.4,55.52000000000001,1,0
25.5,83.1,22.3,27.4,42.9,0,0
20.6,78.6,33.8,56.3,54.919999999999995,1,0
37.1,41.2,5.9,2.1,18.09,0,0
26.3,50.5,18.4,8.6,24.9,0,0
34.2,30.9,9.3,2.4,15.51,0,0
31.1,26.1,16.8,4.9,16.26,0,0
20.0,95.3,48.6,73.0,69.51,1,1
18.1,89.3,24.4,40.0,49.480000000000004,0,1
25.2,66.8,15.7,18.5,33.1,0,0
24.1,93.0,30.4,56.5,58.989999999999995,1,1
19.6,71.5,17.0,23.5,36.21,0,0
16.9,97.7,34.8,84.2,71.63999999999999,1,1
22.0,78.1,23.3,28.1,41.53,0,0
31.6,34.4,6.4,4.8,16.68,0,0
19.5,82.9,22.5,55.3,53.440000000000005,1,0
27.1,88.7,38.5,85.7,71.3,1,1
42.6,26.1,10.3,4.0,15.75,0,0
40.2,44.3,10.0,3.4,20.669999999999998,0,0
27.6,74.0,32.8,43.8,49.04,0,0
22.3,65.5,17.3,5.1,27.38,0,0
36.4,33.7,11.9,3.7,17.610000000000003,0,0
41.6,22.7,17.3,1.9,15.19,0,0
19.4,92.6,24.8,29.2,46.35999999999999,0,1
44.7,33.5,10.3,3.6,18.02,0,0
21.9,81.4,28.3,58.5,55.67,1,0
44.2,38.7,7.8,1.5,18.19,0,0
19.4,88.6,34.3,99.3,75.1,1,1
29.7,64.9,13.5,10.4,29.3,0,0
21.8,84.8,41.8,88.1,71.22,1,0
21.4,84.1,18.5,25.9,41.43,0,0
22.5,88.1,22.1,40.7,49.379999999999995,0,1
40.6,27.1,8.2,0.4,13.990000000000002,0,0
24.8,54.7,16.3,14.7,28.03,0,0
39.7,43.9,15.2,3.0,21.380000000000003,0,0
28.4,62.6,12.9,7.7,27.279999999999998,0,0
26.3,82.7,20.8,26.5,42.199999999999996,0,0
22.0,64.4,21.0,16.0,32.12,0,0
19.2,89.3,31.7,58.6,58.49000000000001,1,1
23.1,93.1,26.8,39.4,51.36,0,1
26.5,55.6,13.9,12.6,27.15,0,0
29.6,50.8,14.6,12.4,26.08,0,0
28.0,92.0,20.8,63.3,59.879999999999995,1,1
20.6,89.5,35.7,94.9,74.01,1,1
33.1,40.6,11.5,2.1,18.630000000000003,0,0
26.9,62.0,14.3,10.7,28.43,0,0
32.4,38.0,17.7,3.4,19.54,0,0
43.1,33.7,17.6,3.9,19.5,0,0
40.0,36.1,7.9,3.5,17.810000000000002,0,0
24.7,49.6,12.4,8.3,23.15,0,0
15.3,91.9,32.5,97.7,74.68,1,1
19.0,94.8,45.1,84.8,73.28,1,1
29.7,87.6,24.3,29.8,46.03,0,1
23.7,73.5,34.3,37.0,46.08,0,0
27.0,93.4,49.5,77.1,71.46000000000001,1,1
28.5,74.3,25.4,36.8,44.94,0,0
29.4,94.9,27.7,21.2,45.43,0,1
19.4,75.9,29.1,29.1,42.169999999999995,0,0
26.5,50.0,11.3,9.8,23.830000000000005,0,0
17.2,94.4,35.0,61.2,61.52,1,1
20.8,73.1,19.5,30.4,40.06999999999999,0,0
32.8,32.4,13.6,2.0,16.52,0,0
25.2,51.9,12.2,6.7,23.21,0,0
23.2,85.0,44.5,84.2,70.39999999999999,1,1
36.0,32.3,15.4,1.4,16.93,0,0
30.4,36.3,14.9,0.4,17.07,0,0
17.6,87.3,45.4,63.5,62.43,1,1
42.4,30.9,16.7,2.0,17.65,0,0
21.7,91.4,16.4,56.9,55.63000000000001,1,1
28.3,57.5,16.2,15.5,29.519999999999996,0,0
20.6,77.7,25.1,26.8,41.11000000000001,0,0
26.4,97.1,30.1,69.6,65.63,1,1
19.2,80.7,18.5,21.3,38.35000000000001,0,0
25.9,60.9,22.5,15.2,31.44,0,0
15.8,89.6,39.5,61.1,60.8,1,1
25.1,63.9,13.7,17.0,31.220000000000002,0,0
18.5,98.9,43.7,96.4,78.82,1,1
35.4,31.6,14.4,2.0,16.700000000000003,0,0
37.0,34.9,10.1,4.5,17.99,0,0
29.8,48.7,21.9,10.5,26.169999999999998,0,0
23.6,77.6,24.3,20.9,38.86,0,0
23.7,75.3,21.0,66.0,55.56,1,0
30.7,28.8,12.3,3.1,15.410000000000002,0,0
21.9,83.3,21.7,25.5,41.72,0,0
29.5,89.8,32.7,58.7,59.910000000000004,1,1
28.1,67.3,12.6,12.6,30.559999999999995,0,0
25.7,46.6,22.6,17.3,27.990000000000002,0,0
31.4,66.4,11.2,8.9,28.860000000000003,0,0
25.3,89.6,46.0,62.7,63.690000000000005,1,1
23.9,91.6,22.7,22.2,43.29,0,1
18.5,98.3,38.8,68.4,66.46,1,1
31.2,30.8,14.4,3.7,16.720000000000002,0,0
22.5,91.3,23.5,23.1,43.58,0,1
37.3,42.6,16.0,0.5,19.91,0,0
29.6,81.9,25.2,44.5,50.370000000000005,0,0
26.8,49.0,22.5,13.3,27.2,0,0
25.0,88.8,22.2,41.1,50.019999999999996,0,1
23.3,87.0,33.7,84.8,69.08999999999999,1,1
31.9,23.9,8.1,3.4,13.339999999999998,0,0
32.0,63.0,17.9,16.5,32.28,0,0
25.2,80.7,34.8,98.7,73.17,1,0
24.3,77.4,26.8,62.5,56.01,1,0
40.4,36.5,14.5,3.1,19.13,0,0
21.0,72.6,31.3,47.4,49.099999999999994,0,0
44.0,26.1,14.1,2.3,15.97,0,0
22.5,60.7,23.5,18.8,32.68,0,0
31.4,36.3,5.7,3.5,16.57,0,0
23.7,85.4,30.8,90.3,70.27,1,1
43.3,20.0,8.8,0.5,12.290000000000001,0,0
26.8,49.0,14.3,12.2,25.119999999999997,0,0
22.8,45.9,21.9,11.5,25.03,0,0
40.7,36.3,7.3,2.9,17.58,0,0
23.0,73.9,20.0,57.9,51.629999999999995,1,0
21.9,86.3,48.5,96.7,76.46000000000001,1,1
18.3,81.8,43.4,92.5,72.05,1,0
27.5,65.3,22.9,9.5,30.72,0,0
36.8,24.1,7.1,4.0,13.93,0,0
44.6,23.3,17.1,0.2,14.95,0,0
24.3,91.8,25.8,30.5,47.330000000000005,0,1
29.0,45.7,18.3,6.5,22.870000000000005,0,0
26.0,91.1,22.9,63.7,59.99,1,1
18.7,78.7,31.1,23.2,40.98,0,0
23.5,61.1,16.0,10.1,27.919999999999998,0,0
27.5,81.1,25.4,61.5,56.76,1,0
44.7,37.5,17.1,0.7,19.42,0,0
34.2,29.1,12.2,4.0,16.19,0,0
44.7,25.1,8.1,1.6,14.26,0,0
21.0,74.0,22.8,44.9,46.82,0,0
29.0,71.8,28.9,25.6,40.46,0,0
24.7,55.8,21.2,6.9,26.21,0,0
23.5,45.7,21.8,15.9,26.78,0,0
24.6,47.6,22.0,10.9,25.5,0,0
29.8,90.2,31.5,26.7,47.019999999999996,0,1
32.4,40.8,5.3,0.2,16.619999999999997,0,0
38.2,41.7,13.1,4.6,20.79,0,0
22.7,56.7,20.7,9.1,27.060000000000002,0,0
21.2,78.3,24.1,49.3,50.14999999999999,0,0
32.1,34.6,17.5,0.5,17.29,0,0
30.2,49.4,19.6,9.4,25.52,0,0
21.3,71.6,29.2,48.8,48.970000000000006,0,0
25.0,88.9,28.9,38.2,50.230000000000004,0,1
41.1,31.0,9.9,2.8,16.509999999999998,0,0
20.9,91.4,32.5,58.9,59.57000000000001,1,1
25.8,71.4,30.4,35.2,44.16,0,0
22.1,83.1,41.3,91.6,72.03999999999999,1,0
25.7,60.1,18.9,16.3,30.900000000000002,0,0
16.1,93.2,34.9,97.4,75.51000000000002,1,1
42.0,27.7,6.0,2.4,14.669999999999998,0,0
28.5,68.1,10.2,5.9,27.679999999999996,0,0
27.3,76.9,28.4,50.2,51.56,1,0
24.1,92.2,34.7,69.2,64.69,1,1
24.5,54.2,23.0,8.5,26.710000000000004,0,0
38.1,36.1,10.7,3.7,18.26,0,0
18.3,90.7,31.0,99.8,75.16,1,1
20.5,94.5,31.9,79.1,68.41999999999999,1,1
31.5,55.0,17.6,13.9,28.730000000000004,0,0
23.5,52.7,15.2,9.7,25.080000000000002,0,0
27.1,75.2,20.7,38.8,44.93,0,0
29.0,54.3,24.6,6.3,26.630000000000003,0,0
20.4,82.7,41.4,67.9,62.29,1,0
28.2,91.6,27.3,24.1,45.4,0,1
19.2,71.7,27.6,29.2,40.63,0,0
22.9,90.7,46.5,85.8,73.12,1,1
42.8,42.7,12.3,3.9,21.110000000000003,0,0
18.6,79.1,21.0,56.2,52.27,1,0
24.8,73.0,20.4,68.5,55.86,1,0
28.7,80.1,33.0,20.5,41.699999999999996,0,0
38.5,24.3,6.5,3.7,13.92,0,0
18.2,94.3,45.5,91.5,75.80999999999999,1,1
38.0,29.6,15.3,2.3,16.66,0,0
29.1,90.5,22.5,35.0,48.56,0,1
26.6,81.7,33.9,25.3,44.07000000000001,0,0
29.6,93.2,32.0,28.3,48.64,0,1
20.3,99.8,42.9,95.6,78.79,1,1
15.1,91.4,34.6,66.9,62.61000000000001,1,1
24.0,91.9,25.4,51.4,55.61,1,1
34.7,22.9,10.3,1.1,12.84,0,0
29.1,45.6,11.3,5.7,21.130000000000003,0,0
35.7,31.6,13.0,4.5,17.450000000000003,0,0
31.6,62.3,18.7,19.9,33.55,0,0
22.9,92.2,19.5,36.4,48.41,0,1
28.3,52.6,22.4,11.2,27.57,0,0
27.0,88.3,20.7,65.1,59.370000000000005,1,1
28.5,77.7,30.1,28.3,43.5,0,0
28.8,67.6,19.7,9.6,30.939999999999998,0,0
30.0,65.3,11.2,18.5,32.230000000000004,0,0
19.5,83.2,31.8,57.4,56.230000000000004,1,0
23.4,85.5,46.0,62.4,62.150000000000006,1,1
31.5,62.3,14.5,6.7,27.419999999999995,0,0
43.2,41.9,8.4,2.6,19.61,0,0
38.1,24.9,17.7,1.5,15.42,0,0
27.6,83.0,27.0,31.1,45.5,0,0
26.3,89.6,37.0,67.7,63.99,1,1
24.1,91.3,35.0,64.0,62.39999999999999,1,1
17.3,83.4,40.2,70.9,63.15,1,0
24.5,58.1,10.7,19.2,29.7,0,0
24.0,90.2,21.0,61.5,58.26,1,1
29.3,55.3,12.0,14.8,27.840000000000003,0,0
22.3,77.6,31.6,27.2,42.709999999999994,0,0
32.5,41.1,9.1,0.2,17.48,0,0
19.5,71.7,32.3,47.9,49.080000000000005,0,0
39.6,21.7,14.3,3.5,14.73,0,0
19.5,94.9,35.0,61.5,62.02000000000001,1,1
27.7,82.0,43.1,70.7,64.27,1,0
29.2,81.7,25.9,55.2,54.690000000000005,1,0
23.5,86.5,18.6,36.2,46.5,0,1
24.6,62.9,18.0,11.0,29.33,0,0
18.1,80.7,46.1,80.5,67.44000000000001,1,0
28.3,64.5,23.7,12.4,31.879999999999995,0,0
26.2,46.0,23.9,14.0,26.8,0,0
24.5,46.7,16.4,16.6,26.38,0,0
32.4,44.6,11.5,3.9,20.480000000000004,0,0
33.1,21.4,13.6,0.7,12.73,0,0
30.0,50.2,19.0,10.5,26.060000000000002,0,0
16.2,87.7,34.2,82.7,67.85000000000001,1,1
24.5,89.2,48.2,67.3,65.77000000000001,1,1
20.6,92.1,30.9,61.5,60.470000000000006,1,1
24.5,72.4,31.3,21.2,38.910000000000004,0,0
21.5,86.0,34.1,98.8,74.29000000000002,1,1
22.1,79.1,24.5,41.8,47.559999999999995,0,0
21.4,77.9,28.2,59.0,54.75,1,0
28.4,60.5,21.3,13.8,30.77,0,0
30.6,67.9,11.9,10.5,30.009999999999998,0,0
26.4,94.9,31.3,62.3,62.29,1,1
20.6,94.9,36.5,85.0,71.83,1,1
24.5,77.8,15.6,39.3,44.63,0,0
26.4,70.9,21.8,41.2,44.75,0,0
21.8,74.8,34.7,60.0,55.559999999999995,1,0
23.2,80.5,29.3,68.7,59.81,1,0
28.4,86.3,20.5,52.7,53.91,1,1
28.0,79.6,18.2,59.3,54.03999999999999,1,0
33.4,27.0,15.1,0.7,14.739999999999998,0,0
21.6,78.4,31.6,46.6,50.64,0,0
25.5,83.2,24.9,58.2,55.769999999999996,1,0
19.1,76.4,26.9,49.2,49.890000000000015,0,0
38.8,44.9,9.9,3.2,20.61,0,0
26.8,86.9,34.3,96.9,74.37000000000002,1,1
19.5,91.1,32.0,65.2,61.76,1,1
37.1,21.0,9.7,2.9,13.110000000000001,0,0
30.7,50.3,18.9,6.4,24.5,0,0
17.4,80.6,37.8,69.4,61.24,1,0
34.9,34.4,9.4,0.4,15.85,0,0
22.5,70.1,24.7,61.2,52.7,1,0
27.2,94.5,35.4,99.1,77.78999999999999,1,1
41.3,42.0,13.6,4.8,21.369999999999997,0,0
39.5,39.2,8.9,0.1,17.529999999999998,0,0
27.7,73.8,20.7,52.6,50.09,1,0
31.1,26.2,10.3,3.1,14.27,0,0
22.7,76.9,17.1,66.4,55.32000000000001,1,0
18.2,86.3,34.3,79.5,66.36999999999999,1,1
18.8,76.8,25.6,20.9,38.4,0,0
36.2,30.6,14.6,3.0,16.919999999999998,0,0
22.1,76.9,21.3,63.5,54.94,1,0
44.0,29.8,10.9,3.9,17.08,0,0
20.8,87.4,19.6,51.5,52.82000000000001,1,1
26.9,50.1,13.3,9.5,24.18,0,0
38.3,41.0,7.0,2.8,18.65,0,0
21.2,75.5,15.7,43.0,45.10999999999999,0,0
20.2,81.5,29.1,46.5,50.89,0,0
22.6,89.5,48.8,69.4,66.63000000000001,1,1
16.6,91.3,30.5,78.4,66.50999999999999,1,1
40.3,23.7,17.5,0.1,14.68,0,0
44.8,22.2,12.3,2.9,14.759999999999998,0,0
28.1,59.1,23.3,17.3,32.120000000000005,0,0
43.0,21.7,7.5,3.2,13.59,0,0
31.5,65.0,25.0,5.1,29.689999999999998,0,0
19.2,73.6,21.4,42.1,45.120000000000005,0,0
18.9,87.3,27.5,25.1,43.62,0,1
42.7,25.0,10.0,2.4,14.73,0,0
31.0,56.4,22.5,15.6,30.759999999999998,0,0
33.3,41.7,15.8,2.6,20.04,0,0
30.0,55.6,15.4,14.3,28.479999999999997,0,0
23.1,89.4,43.3,90.1,73.83,1,1
20.0,87.8,47.8,85.0,71.9,1,1
28.2,78.0,17.8,61.1,54.220000000000006,1,0
23.3,69.2,15.2,17.2,33.01,0,0
24.0,97.9,32.2,74.3,67.93,1,1
26.9,48.6,20.6,5.9,23.750000000000004,0,0
28.1,81.7,32.0,65.2,59.800000000000004,1,0
18.2,87.3,17.2,42.5,48.449999999999996,0,1
24.0,82.5,16.5,27.3,41.37,0,0
30.4,26.1,7.5,3.7,13.850000000000001,0,0
37.3,24.6,6.6,3.0,13.63,0,0
26.3,68.7,18.6,14.4,32.720000000000006,0,0
42.1,27.9,17.4,4.1,17.7,0,0
24.3,60.9,10.3,13.2,28.04,0,0
25.8,83.1,22.4,22.2,40.86999999999999,0,0
28.6,68.9,12.0,12.5,30.93,0,0
31.6,37.2,14.7,2.9,18.42,0,0
35.0,28.3,14.7,2.9,16.09,0,0
25.7,61.0,20.5,5.8,27.290000000000003,0,0
42.0,42.4,13.5,1.9,20.38,0,0
31.3,57.3,25.0,14.0,30.919999999999998,0,0
18.0,99.5,46.1,85.1,74.91,1,1
19.1,75.0,25.6,29.5,41.33,0,0
27.8,51.4,20.6,5.0,24.32,0,0
18.2,88.8,32.0,81.8,67.58,1,1
41.4,35.1,15.3,2.7,18.81,0,0
20.2,90.3,15.4,47.8,51.31,0,1
28.7,93.2,30.7,27.9,48.13,0,1
18.0,74.3,23.8,63.1,54.089999999999996,1,0
24.5,62.8,11.2,6.5,26.13,0,0
18.8,89.8,29.8,53.1,56.02,1,1
22.3,80.5,33.4,38.9,48.62,0,0
34.2,42.5,12.0,4.9,20.53,0,0
23.1,61.2,20.8,7.2,27.709999999999997,0,0
44.6,43.4,10.3,1.2,20.02,0,0
24.6,67.2,23.5,19.8,35.24,0,0
18.1,83.7,32.0,64.3,59.04,1,0
27.1,91.2,16.6,54.9,55.35,1,1
18.9,93.3,19.2,44.6,51.56,0,1
27.0,61.8,13.7,18.6,31.419999999999998,0,0
41.9,34.1,7.9,2.9,17.16,0,0
30.3,41.1,16.8,0.1,18.76,0,0
27.7,66.3,18.5,8.7,29.839999999999996,0,0
24.9,67.4,15.0,19.3,33.43000000000001,0,0
41.5,25.8,8.1,0.2,13.590000000000002,0,0
18.2,84.0,29.5,31.3,45.44,0,0
43.6,36.3,16.0,3.5,19.849999999999998,0,0
39.0,35.8,15.2,3.7,19.159999999999997,0,0
29.9,78.2,17.1,49.3,49.59,0,0
30.3,59.2,21.4,15.0,31.070000000000004,0,0
25.3,71.5,30.7,51.0,50.52,1,0
27.1,67.9,11.1,17.5,32.3,0,0
27.8,94.9,24.1,56.6,58.71,1,1
26.3,64.2,14.4,19.5,32.57,0,0
38.1,21.6,12.8,3.8,14.370000000000001,0,0
35.9,31.6,11.0,3.6,16.71,0,0
27.1,94.9,37.5,70.7,66.96,1,1
16.8,97.8,45.6,91.1,76.58000000000001,1,1
37.5,28.1,12.0,4.4,16.34,0,0
20.1,90.0,41.0,90.3,73.33,1,1
39.9,32.1,13.0,1.3,16.740000000000002,0,0
26.2,79.7,19.2,22.8,39.49,0,0
29.7,57.4,20.3,14.4,30.009999999999998,0,0
40.0,33.7,6.8,4.9,17.43,0,0
20.4,91.5,44.8,64.5,64.25,1,1
16.6,97.7,33.1,89.6,73.42999999999999,1,1
34.5,25.8,8.8,2.4,13.91,0,0
30.1,63.1,15.9,17.2,32.0,0,0
33.4,35.2,6.3,2.7,16.240000000000002,0,0
19.2,83.8,30.9,45.6,51.48,0,0
24.9,83.3,16.6,41.7,47.480000000000004,0,0
22.3,97.9,41.8,95.6,78.2,1,1
22.7,67.9,14.2,14.2,31.16,0,0
16.7,85.6,41.7,88.7,71.17,1,1
34.7,28.0,11.6,1.0,14.590000000000002,0,0
23.6,79.3,26.9,53.4,52.89,1,0
29.0,64.5,11.0,5.1,26.489999999999995,0,0
25.5,90.5,17.8,44.7,51.14,0,1
17.9,89.5,30.2,81.1,67.12,1,1
37.5,42.9,17.6,0.7,20.419999999999998,0,0
23.7,78.6,32.8,55.6,54.75,1,0
28.6,52.0,21.9,17.1,29.68,0,0
26.9,71.7,19.8,31.0,40.56,0,0
27.1,50.9,14.9,10.6,25.2,0,0
23.5,46.4,20.4,14.4,26.11,0,0
26.8,49.6,12.3,7.6,23.06,0,0
23.4,68.5,10.0,8.8,28.41,0,0
35.1,32.4,16.9,2.6,17.65,0,0
31.3,41.4,10.6,2.9,18.83,0,0
16.4,89.4,49.2,83.5,71.7,1,1
18.2,73.4,20.2,28.6,39.32,0,0
22.6,70.1,22.0,57.7,50.769999999999996,1,0
30.6,52.1,18.7,7.6,25.47,0,0
38.4,34.5,13.2,0.3,16.95,0,0
20.1,86.6,47.2,71.7,66.11,1,1
23.3,89.6,34.9,52.9,57.349999999999994,1,1
26.8,47.8,11.4,19.7,27.18,0,0
25.4,86.6,33.0,32.0,47.92,0,1
25.7,81.2,22.9,53.9,53.07,1,0
37.5,32.0,10.1,2.7,16.45,0,0
22.9,46.4,21.9,13.4,25.95,0,0
40.0,32.0,10.1,2.3,16.54,0,0
26.1,94.2,48.5,85.5,74.77000000000001,1,1
23.3,45.5,12.7,14.2,24.199999999999996,0,0
34.2,26.3,6.9,3.7,14.17,0,0
30.7,43.9,13.1,1.1,19.3,0,0
23.6,93.8,38.3,64.4,63.92,1,1
28.4,89.8,28.8,28.7,47.019999999999996,0,1
24.3,87.5,43.9,78.4,68.82000000000001,1,1
21.7,73.4,24.6,68.4,56.470000000000006,1,0
25.8,65.7,11.8,8.0,27.85,0,0
30.6,25.2,13.8,1.1,13.82,0,0
41.7,38.4,10.2,2.0,18.53,0,0
32.0,42.7,13.7,0.0,18.75,0,0
24.5,72.9,34.3,26.1,41.620000000000005,0,0
25.5,92.7,16.6,68.2,60.96,1,1
23.8,49.6,14.0,14.8,25.98,0,0
27.6,51.7,24.7,15.1,29.250000000000004,0,0
21.0,91.9,32.1,65.3,62.21,1,1
27.3,85.9,48.0,98.9,77.66000000000001,1,1
23.5,85.8,31.0,34.0,47.89000000000001,0,1
21.2,88.4,24.3,54.8,55.419999999999995,1,1
30.6,62.5,12.9,10.2,28.47,0,0
27.4,53.0,22.0,13.7,28.520000000000003,0,0
22.4,89.4,24.2,31.2,46.38,0,1
28.2,65.2,13.1,6.0,27.400000000000002,0,0
25.3,96.6,39.0,86.4,73.87,1,1
23.1,65.1,24.8,12.0,31.599999999999998,0,0
29.1,61.0,17.6,16.5,31.330000000000002,0,0
23.3,86.5,43.8,87.8,72.16,1,1
21.6,77.4,21.7,54.5,51.519999999999996,1,0
27.6,67.3,24.7,5.9,30.25,0,0
44.9,22.0,5.6,4.5,14.01,0,0
29.9,62.1,18.4,11.5,29.9,0,0
22.6,67.9,12.8,16.3,31.710000000000004,0,0
23.3,75.8,30.4,52.3,52.06999999999999,1,0
31.7,34.5,12.4,0.8,16.32,0,0
25.0,95.5,34.7,63.6,63.53,1,1
41.5,30.8,5.6,3.6,15.95,0,0
35.4,22.5,16.9,4.9,15.629999999999999,0,0
22.8,81.5,25.4,43.9,49.37,0,0
26.1,88.0,28.2,61.9,59.41,1,1
26.6,57.6,17.4,17.7,30.5,0,0
15.3,85.4,39.5,90.6,71.29,1,1
22.5,72.2,18.2,24.6,37.39,0,0
28.3,78.8,34.8,63.8,58.949999999999996,1,0
30.0,71.6,23.8,50.9,49.599999999999994,1,0
26.2,80.9,45.5,91.9,72.75,1,0
31.7,24.9,7.6,3.2,13.44,0,0
27.1,62.9,19.6,12.0,30.3,0,0
26.9,47.4,21.4,8.6,24.630000000000003,0,0
29.1,80.9,24.1,62.1,56.84,1,0
24.9,68.6,24.7,13.6,33.45,0,0
44.1,42.2,16.0,1.9,21.03,0,0
31.1,51.0,14.7,6.0,23.75,0,0
26.6,63.7,11.7,8.6,27.55,0,0
21.4,83.7,30.4,62.2,58.21,1,0
19.7,91.5,23.3,39.2,49.760000000000005,0,1
27.8,79.2,27.4,52.9,53.18000000000001,1,0
25.8,60.3,19.3,5.7,26.810000000000002,0,0
18.6,81.0,28.9,37.4,46.900000000000006,0,0
31.9,59.0,21.1,13.4,30.470000000000002,0,0
25.6,83.7,34.1,56.5,57.09,1,0
20.6,97.0,32.7,83.5,71.10000000000001,1,1
19.2,82.5,44.6,74.5,65.39,1,0
15.4,88.1,37.1,88.0,70.59,1,1
16.6,80.3,30.3,79.6,63.650000000000006,1,0
26.3,49.3,13.7,12.2,25.039999999999996,0,0
28.7,85.5,34.2,51.8,56.08,1,1
37.7,25.8,5.7,0.9,13.010000000000002,0,0
23.2,99.4,45.0,83.0,74.34,1,1
42.4,27.5,8.8,3.6,15.69,0,0
25.5,92.7,34.5,29.9,49.21999999999999,0,1
26.3,85.2,45.7,64.4,63.09000000000001,1,1
27.1,62.2,23.0,15.3,32.09,0,0
36.6,32.1,7.7,3.0,16.03,0,0
20.2,90.6,42.9,76.2,68.25999999999999,1,1
28.7,74.9,33.6,56.5,54.660000000000004,1,0
27.0,86.4,45.3,92.6,74.72,1,1
39.5,36.3,6.8,3.5,17.599999999999998,0,0
24.9,69.8,12.5,7.1,28.769999999999996,0,0
18.3,82.0,33.2,48.2,52.349999999999994,0,0
26.0,93.5,23.0,59.3,58.97,1,1
22.7,89.2,17.8,49.7,52.470000000000006,0,1
19.3,71.7,31.7,28.2,41.06000000000001,0,0
43.2,41.7,5.9,2.9,19.17,0,0
29.7,88.6,17.7,62.0,57.88999999999999,1,1
41.4,22.9,8.8,4.6,14.61,0,0
32.4,24.1,13.4,1.3,13.67,0,0
18.5,78.2,17.3,34.2,42.45,0,0
32.6,22.7,8.2,3.2,12.99,0,0
41.7,39.2,5.1,4.6,18.79,0,0
24.5,74.5,22.1,20.9,37.58,0,0
23.3,64.1,20.3,5.6,27.859999999999992,0,0
32.9,21.2,15.3,2.3,13.629999999999999,0,0
15.1,99.7,41.6,90.2,75.82000000000001,1,1
31.0,21.4,7.5,2.0,11.819999999999999,0,0
15.4,88.2,45.4,90.6,73.32000000000001,1,1
31.0,28.4,16.9,4.8,16.92,0,0
29.5,68.6,15.5,19.3,34.35,0,0
27.5,96.3,30.7,87.6,72.82,1,1
21.0,81.8,25.0,62.0,56.440000000000005,1,0
29.1,67.3,21.6,17.9,34.58,0,0
15.5,81.1,45.8,61.7,59.72,1,0
23.0,94.8,22.6,63.5,60.660000000000004,1,1
17.2,90.2,45.7,62.9,63.08,1,1
24.3,80.5,20.3,66.8,57.36,1,0
40.0,21.2,9.9,3.3,13.66,0,0
34.6,20.1,14.7,1.4,12.99,0,0
22.4,93.2,33.0,94.8,74.71999999999998,1,1
29.2,83.0,31.6,67.5,61.14,1,0
31.7,55.6,23.8,7.0,27.410000000000004,0,0
18.3,80.2,17.8,20.3,37.57,0,0
28.9,72.5,17.8,57.0,51.0,1,0
38.7,23.0,15.1,4.5,15.59,0,0
24.5,76.6,19.8,23.6,38.830000000000005,0,0
21.9,75.7,15.7,46.6,46.68,0,0
29.6,86.0,24.8,28.4,45.08,0,1
43.5,31.1,6.7,4.5,16.82,0,0
31.1,46.3,13.6,9.6,23.559999999999995,0,0
20.5,88.4,21.9,52.1,53.79,1,1
33.0,28.5,7.9,2.2,14.31,0,0
27.4,74.1,17.8,20.2,36.61,0,0
31.5,55.5,19.2,10.6,27.880000000000003,0,0
33.0,34.6,7.8,2.5,16.240000000000002,0,0
16.0,85.3,35.2,65.0,60.230000000000004,1,1
22.0,72.6,26.0,57.5,52.18000000000001,1,0
21.4,78.1,21.4,64.2,55.53,1,0
37.4,35.9,10.1,0.3,16.65,0,0
20.5,73.5,16.8,52.5,48.459999999999994,1,0
35.7,34.6,13.3,2.4,17.57,0,0
23.6,98.3,35.3,73.6,68.35,1,1
35.6,35.2,11.7,4.9,18.42,0,0
25.1,65.6,17.8,11.2,30.23,0,0
28.9,87.8,21.6,35.1,47.59,0,1
28.7,61.3,22.0,11.6,30.3,0,0
21.3,84.4,43.9,92.0,73.03,1,0
30.5,57.1,15.0,14.1,28.82,0,0
29.0,58.8,16.6,18.9,31.419999999999995,0,0
22.5,77.6,32.0,66.5,58.529999999999994,1,0
41.2,33.9,11.4,4.4,18.330000000000002,0,0
24.0,45.3,23.5,9.8,24.61,0,0
41.9,39.8,10.5,1.8,18.95,0,0
32.1,34.7,9.8,1.9,16.34,0,0
23.1,50.1,22.9,12.6,26.959999999999997,0,0
25.2,99.4,39.2,89.5,75.98,1,1
16.4,94.2,37.4,61.0,61.78,1,1
27.2,45.4,21.6,16.4,27.22,0,0
32.5,31.7,10.3,2.7,15.9,0,0
30.8,34.9,16.0,4.5,18.549999999999997,0,0
40.5,34.5,9.8,4.5,18.16,0,0
37.2,26.9,10.8,0.7,14.229999999999999,0,0
31.9,44.9,14.6,1.1,20.02,0,0
31.0,46.4,14.2,10.6,24.1,0,0
23.7,54.1,15.0,18.6,29.040000000000003,0,0
37.5,34.2,14.2,0.4,17.009999999999998,0,0
21.5,92.8,39.6,93.3,75.23,1,1
17.7,85.6,38.2,70.3,63.21,1,1
38.3,33.9,17.0,0.8,17.72,0,0
30.3,44.5,13.1,4.2,20.68,0,0
23.1,79.4,22.0,32.6,43.57,0,0
30.6,52.5,15.5,5.8,24.230000000000004,0,0
31.1,30.5,16.8,2.0,16.42,0,0
20.5,84.1,31.5,27.2,44.459999999999994,0,0
24.9,65.7,16.4,5.6,27.72,0,0
29.1,65.1,23.7,13.4,32.53999999999999,0,0
23.8,93.2,30.3,73.4,65.76,1,1
30.4,48.8,23.8,5.0,24.44,0,0
22.3,72.7,26.5,53.6,50.779999999999994,1,0
28.1,83.7,25.0,44.4,50.68000000000001,0,0
28.6,47.3,24.1,15.9,28.23,0,0
34.0,31.3,14.1,2.1,16.450000000000003,0,0
25.7,74.5,34.3,41.6,48.419999999999995,0,0
28.4,47.0,20.2,16.5,27.58,0,0
22.3,60.1,20.9,14.9,30.400000000000002,0,0
27.6,73.1,17.6,30.3,40.33,0,0
32.0,39.3,15.5,3.8,19.61,0,0
25.1,61.0,22.4,7.5,28.290000000000003,0,0
23.6,99.9,31.1,78.0,69.75,1,1
19.8,80.3,28.7,63.0,57.010000000000005,1,0
27.2,53.7,12.3,11.7,25.97,0,0
18.2,89.0,42.4,73.2,66.28,1,1
28.2,86.3,30.4,56.0,57.19,1,1
21.8,79.9,23.6,32.5,43.87,0,0
21.9,73.9,29.6,36.4,44.84,0,0
20.7,87.8,20.7,32.5,45.550000000000004,0,1
29.3,76.0,24.5,33.9,44.19,0,0
28.1,73.1,31.1,27.3,41.879999999999995,0,0
41.7,20.4,13.0,1.8,13.61,0,0
40.8,32.2,16.9,2.7,18.200000000000003,0,0
25.0,85.0,46.2,65.1,63.28,1,1
20.0,90.8,40.6,94.3,75.08,1,1
25.2,54.3,20.4,15.7,29.169999999999998,0,0
29.7,78.4,24.6,42.5,48.41,0,0
29.0,93.1,30.4,30.0,48.90999999999999,0,1
29.3,94.3,31.4,27.0,48.300000000000004,0,1
24.1,94.4,34.3,79.7,69.47,1,1
17.7,98.3,32.9,77.9,69.0,1,1
44.2,44.2,11.9,1.9,20.82,0,0
30.1,58.8,15.8,9.4,27.57,0,0
27.5,98.9,34.0,98.9,78.78,1,1
29.7,94.4,17.2,21.6,43.37,0,1
31.3,21.2,11.9,4.8,13.790000000000001,0,0
26.4,49.6,10.8,19.1,27.32,0,0
27.1,81.0,33.0,87.3,68.52999999999999,1,0
36.8,37.0,8.3,3.0,17.64,0,0
41.5,21.7,5.7,1.7,12.48,0,0
23.5,80.5,41.9,61.3,59.400000000000006,1,0
18.4,96.4,40.5,77.5,69.86,1,1
18.0,78.7,33.8,63.9,57.73,1,0
22.9,91.2,20.7,50.5,53.99,1,1
23.3,77.3,15.0,54.5,50.31999999999999,1,0
35.8,35.4,8.2,4.3,17.560000000000002,0,0
25.5,70.2,32.5,56.8,52.83,1,0
28.0,74.5,22.6,68.6,57.10999999999999,1,0
27.0,88.1,40.9,61.3,61.83,1,1
29.2,85.0,22.1,49.4,52.60000000000001,0,1
34.9,38.1,13.6,2.7,18.72,0,0
22.1,76.5,21.0,35.1,43.400000000000006,0,0
34.1,26.8,11.2,3.3,15.01,0,0
24.1,75.6,20.8,39.7,45.129999999999995,0,0
44.2,29.9,13.8,2.4,17.11,0,0
29.1,76.9,23.5,65.2,56.760000000000005,1,0
36.5,38.2,9.1,3.0,18.130000000000003,0,0
26.0,92.1,20.5,61.3,58.85,1,1
24.9,57.1,21.4,8.7,27.380000000000003,0,0
20.9,75.4,34.1,67.9,58.69,1,0
27.4,88.9,24.0,20.6,42.45000000000001,0,1
38.0,25.9,9.6,1.4,14.05,0,0
23.0,48.8,20.7,9.0,24.68,0,0
20.3,74.1,32.0,39.7,46.54,0,0
23.6,94.1,24.5,36.0,49.88999999999999,0,1
16.3,96.6,36.4,63.1,63.13,1,1
34.1,30.8,12.1,2.0,15.870000000000001,0,0
23.0,65.7,17.6,15.7,31.810000000000002,0,0
36.0,24.9,14.8,3.6,15.469999999999999,0,0
19.8,88.4,30.9,29.7,46.559999999999995,0,1
29.2,57.6,14.2,13.6,28.480000000000004,0,0
30.9,24.6,14.9,1.3,13.97,0,0
24.7,94.2,16.8,49.6,53.93000000000001,0,1
27.6,73.5,20.0,52.1,49.65,1,0
27.5,70.5,26.0,52.2,49.980000000000004,1,0
27.9,49.4,25.0,16.4,29.169999999999998,0,0
39.9,28.3,13.3,4.2,16.82,0,0
39.9,25.5,10.0,2.0,14.44,0,0
21.5,90.1,34.4,41.2,52.54,0,1
35.9,33.5,8.0,3.2,16.519999999999996,0,0
25.8,85.8,49.3,64.6,64.02,1,1
22.5,53.2,10.9,16.1,26.830000000000002,0,0
31.3,56.0,20.5,6.8,26.75,0,0
33.6,24.6,12.5,1.3,13.760000000000002,0,0
27.4,60.1,20.5,7.8,27.990000000000002,0,0
28.8,46.2,11.5,16.8,25.76,0,0
38.5,32.7,17.3,2.2,18.000000000000004,0,0
35.8,30.0,9.3,4.1,16.08,0,0
25.6,63.0,13.0,19.9,32.02,0,0
41.6,21.8,8.3,4.8,14.280000000000001,0,0
25.9,54.0,14.5,9.3,25.41,0,0
23.8,65.7,13.4,7.6,27.81,0,0
22.1,87.1,20.9,68.0,59.72,1,1
30.2,38.0,11.3,2.2,17.560000000000002,0,0
31.2,24.8,13.0,4.1,14.8,0,0
26.0,80.4,30.0,62.1,57.56000000000001,1,0
22.5,70.7,34.3,38.6,45.760000000000005,0,0
29.6,85.4,23.4,28.1,44.5,0,1
23.9,94.1,32.0,48.7,56.5,0,1
18.7,80.9,29.6,54.0,53.660000000000004,1,0
25.1,62.1,12.3,5.3,25.720000000000002,0,0
21.3,84.1,18.2,38.6,46.440000000000005,0,0
20.2,90.2,24.5,31.2,46.46,0,1
16.2,90.7,32.6,62.8,60.47,1,1
26.4,81.8,44.6,77.8,67.22,1,0
29.3,64.2,22.8,16.9,33.510000000000005,0,0
30.2,42.8,12.3,2.4,19.279999999999998,0,0
31.9,61.1,17.9,16.9,31.859999999999996,0,0
30.9,61.8,23.2,8.1,29.51,0,0
23.3,67.6,24.4,17.1,34.33,0,0
25.8,54.5,12.9,10.6,25.749999999999993,0,0
19.0,82.5,33.6,28.8,44.89,0,0
25.3,93.1,38.1,84.3,71.8,1,1
22.0,73.1,22.1,53.3,49.870000000000005,1,0
42.1,44.5,17.4,0.3,21.16,0,0
18.9,94.8,22.0,31.3,47.25,0,1
36.2,23.8,5.5,0.5,12.06,0,0
25.8,74.3,23.3,30.9,41.89,0,0
29.1,95.0,33.6,66.0,64.53,1,1
27.9,47.5,23.9,19.7,29.7,0,0
32.7,39.3,8.4,2.4,17.7,0,0
28.4,92.0,26.6,43.3,53.08,0,1
22.9,71.2,25.9,41.5,45.43,0,0
37.5,32.3,13.9,0.2,16.3,0,0
22.7,54.5,12.9,9.0,24.8,0,0
27.3,63.2,13.3,5.1,26.39,0,0
30.4,50.8,20.6,5.1,24.439999999999998,0,0
31.2,51.3,15.0,6.7,24.19,0,0
24.5,61.3,12.5,6.5,25.939999999999998,0,0
24.8,48.0,20.1,10.8,25.22,0,0
37.1,35.4,5.5,3.9,16.99,0,0
25.3,61.3,11.1,15.9,29.499999999999996,0,0
38.7,34.7,8.4,1.4,16.52,0,0
38.4,42.4,17.3,4.6,21.86,0,0
33.5,25.5,11.8,0.0,13.36,0,0
23.5,82.8,32.5,82.7,66.77,1,0
33.2,22.0,14.5,2.0,13.620000000000001,0,0
25.8,59.4,14.3,14.7,29.14,0,0
30.6,54.6,10.5,18.1,28.78,0,0
43.7,29.7,8.1,0.2,14.98,0,0
31.9,39.4,16.8,1.9,19.13,0,0
21.2,84.0,17.7,65.2,56.94,1,0
27.2,62.0,15.8,13.7,29.959999999999997,0,0
44.2,26.4,11.3,4.6,16.439999999999998,0,0
41.3,30.0,12.2,1.6,16.21,0,0
27.8,75.5,20.4,49.1,49.15,0,0
18.8,73.5,32.0,34.6,44.17,0,0
28.0,80.0,25.7,66.4,58.5,1,0
16.6,97.8,48.0,92.9,77.75999999999999,1,1
33.2,27.6,16.7,2.4,15.899999999999999,0,0
20.0,84.5,16.0,63.2,55.83,1,0
29.5,66.1,17.3,5.8,28.56,0,0
26.2,90.2,41.3,92.9,75.10000000000001,1,1
25.5,73.5,21.7,20.4,37.099999999999994,0,0
22.2,47.7,22.2,16.2,27.45,0,0
24.2,93.0,45.1,81.9,72.10000000000001,1,1
44.8,43.9,15.6,0.1,20.81,0,0
16.8,89.8,39.1,95.5,74.64000000000001,1,1
41.1,32.4,7.9,3.4,16.77,0,0
21.3,88.6,30.9,29.1,46.53,0,1
23.1,62.4,20.6,16.6,31.79,0,0
38.9,28.1,6.4,1.0,14.0,0,0
24.5,79.3,33.0,56.3,55.36000000000001,1,0
22.6,94.7,17.7,38.0,49.41,0,1
20.0,79.9,31.6,63.7,57.77,1,0
22.2,66.0,10.3,6.2,26.56,0,0
32.5,39.7,9.1,3.4,18.34,0,0
27.2,56.4,23.0,6.3,26.759999999999998,0,0
20.2,80.8,34.1,24.9,43.040000000000006,0,0
39.3,37.9,10.1,0.5,17.519999999999996,0,0
20.7,72.5,24.6,69.0,56.34,1,0
25.2,72.3,25.1,32.1,42.07000000000001,0,0
35.6,31.8,16.1,2.0,17.12,0,0
25.2,82.1,32.4,88.2,68.91,1,0
27.2,88.7,36.9,73.6,66.15,1,1
22.2,89.8,32.8,72.6,64.76,1,1
25.8,93.4,29.2,22.1,45.28,0,1
30.3,20.5,6.0,4.5,12.18,0,0
17.5,90.1,32.0,69.6,63.019999999999996,1,1
25.0,64.9,15.3,10.0,29.03,0,0
28.2,93.3,28.2,40.4,52.61,0,1
29.6,45.9,21.7,15.9,27.43,0,0
20.3,78.3,17.6,27.5,40.04,0,0
17.7,88.2,49.9,62.9,63.37000000000001,1,1
30.9,66.0,24.1,7.6,30.75,0,0
27.0,75.2,32.2,27.7,42.78,0,0
15.4,83.7,35.9,74.2,63.510000000000005,1,0
22.1,85.5,26.4,44.5,50.940000000000005,0,1
26.6,96.9,35.0,85.4,72.89,1,1
27.7,48.8,10.3,8.1,22.709999999999997,0,0
40.5,25.3,17.2,2.2,15.96,0,0
43.7,30.1,13.7,4.6,17.98,0,0
26.5,96.7,37.7,83.9,72.76,1,1
21.6,71.8,23.5,62.1,53.24000000000001,1,0
32.4,35.4,13.8,1.4,17.18,0,0
24.0,80.9,34.1,28.6,44.93,0,0
23.1,53.2,18.4,7.8,25.07,0,0
22.2,99.6,30.7,72.5,67.24,1,1
30.0,47.2,11.4,7.0,22.240000000000002,0,0
30.8,45.9,11.1,16.5,25.67,0,0
37.5,42.5,14.7,1.7,20.12,0,0
31.4,38.5,15.6,2.8,18.93,0,0
23.8,54.1,17.3,8.3,25.39,0,0
28.5,93.3,30.3,50.0,56.9,1,1
34.5,22.4,16.8,1.4,14.09,0,0
33.7,25.2,10.7,2.5,14.07,0,0
32.1,31.4,17.1,4.9,18.01,0,0
41.8,29.6,13.0,0.3,15.78,0,0
36.3,42.9,11.5,1.6,19.44,0,0
33.8,20.5,10.2,3.5,12.969999999999999,0,0
42.4,29.3,10.6,4.6,16.990000000000002,0,0
24.8,67.6,20.6,8.1,30.119999999999997,0,0
19.5,73.3,26.9,24.3,39.040000000000006,0,0
35.9,38.1,5.1,4.7,17.92,0,0
28.6,46.9,12.3,16.0,25.79,0,0
29.4,83.8,30.3,63.2,59.42,1,0
25.7,86.2,33.3,69.4,62.85,1,1
24.7,74.6,17.0,35.2,42.33,0,0
25.2,84.2,29.7,61.7,58.400000000000006,1,0
21.0,85.6,37.6,81.1,67.73999999999998,1,1
29.0,50.1,20.8,13.4,27.450000000000003,0,0
34.7,37.7,10.1,1.1,17.240000000000002,0,0
15.2,89.6,35.4,80.7,67.75999999999999,1,1
23.1,56.3,12.9,5.4,23.939999999999994,0,0
30.1,40.2,17.3,0.4,18.69,0,0
18.3,84.9,49.2,97.3,76.06,1,0
26.3,94.4,30.3,41.8,53.730000000000004,0,1
37.9,39.6,8.6,0.3,17.51,0,0
43.5,36.6,8.9,1.3,17.630000000000003,0,0
30.2,22.8,5.9,2.1,11.879999999999999,0,0
30.9,57.7,11.8,19.7,30.639999999999997,0,0
23.5,79.2,25.6,67.9,58.39000000000001,1,0
40.6,33.8,7.2,0.2,15.719999999999999,0,0
22.6,77.3,24.2,51.0,50.690000000000005,1,0
23.3,63.2,24.8,17.5,33.25,0,0
20.2,88.4,17.3,64.1,57.64,1,1
26.6,83.0,20.0,43.1,48.8,0,0
22.1,46.1,10.1,13.1,23.3,0,0
18.1,87.1,15.5,43.2,48.32,0,1
17.2,96.1,36.7,83.5,71.28999999999999,1,1
42.6,22.5,13.0,2.8,14.73,0,0
20.3,94.9,29.1,23.3,45.64000000000001,0,1
30.1,55.9,19.6,19.7,31.580000000000002,0,0
29.4,51.8,13.9,17.6,28.3,0,0
32.0,37.9,16.9,4.2,19.63,0,0
20.2,91.4,31.2,58.6,59.120000000000005,1,1
22.5,92.0,31.2,34.9,50.050000000000004,0,1
15.2,85.7,37.4,91.6,71.35,1,1
25.2,54.7,16.9,6.0,24.71,0,0
27.8,67.1,21.4,7.0,29.990000000000002,0,0
22.3,97.3,49.0,76.9,71.98,1,1
31.0,47.1,15.9,7.9,23.57,0,0
36.8,41.1,5.1,3.4,18.39,0,0
30.1,65.5,13.7,9.4,29.16,0,0
31.7,63.5,15.6,6.9,28.1,0,0
43.3,26.2,17.4,1.3,16.189999999999998,0,0
22.1,47.2,13.7,8.9,22.67,0,0
26.4,46.8,16.2,8.2,23.200000000000003,0,0
38.2,31.0,7.1,4.3,16.259999999999998,0,0
21.6,80.4,39.5,80.1,66.22,1,0
26.6,75.4,29.5,65.8,57.5,1,0
26.2,88.6,27.4,65.9,61.04,1,1
41.5,42.7,15.5,3.4,21.42,0,0
43.6,38.2,16.6,2.5,20.14,0,0
38.0,34.5,7.3,1.5,16.21,0,0
19.6,81.5,16.0,39.0,45.21,0,0
23.0,92.4,33.4,62.3,61.62,1,1
27.8,78.0,28.7,61.7,56.6,1,0
25.0,60.3,19.7,15.6,30.77,0,0
27.6,73.2,16.1,56.9,50.699999999999996,1,0
29.3,52.5,24.8,19.3,31.36,0,0
23.9,71.6,33.1,69.7,58.370000000000005,1,0
19.7,86.1,29.7,21.1,42.17999999999999,0,1
25.0,85.4,28.3,40.6,50.019999999999996,0,1
31.5,41.2,16.7,1.5,19.450000000000003,0,0
30.0,23.9,18.0,3.9,15.329999999999998,0,0
22.4,82.0,25.4,38.8,47.44,0,0
22.5,83.0,33.5,39.1,49.49,0,0
40.1,21.1,13.4,1.4,13.580000000000002,0,0
39.2,35.4,10.6,3.0,17.860000000000003,0,0
38.8,42.9,15.1,4.2,21.45,0,0
41.1,21.1,6.1,2.3,12.580000000000002,0,0
24.4,76.7,27.8,25.6,41.25,0,0
43.3,32.9,10.6,3.5,17.72,0,0
32.8,22.0,16.4,3.7,14.639999999999999,0,0
31.0,69.8,23.3,19.8,36.62,0,0
36.6,39.7,7.4,3.2,18.330000000000002,0,0
23.2,92.8,42.6,75.7,68.96,1,1
25.7,58.9,15.5,17.6,30.380000000000003,0,0
18.5,81.2,17.2,50.0,49.65,1,0
15.7,90.4,36.6,96.9,74.77000000000001,1,1
32.6,28.3,15.6,2.8,15.99,0,0
28.7,78.5,34.6,55.5,55.54,1,0
22.4,94.2,29.4,62.0,61.18000000000001,1,1
23.3,54.5,24.5,15.8,29.9,0,0
33.9,40.2,14.9,0.9,18.79,0,0
24.1,66.3,14.5,17.6,32.239999999999995,0,0
40.1,29.0,7.6,3.0,15.43,0,0
27.2,81.0,39.3,89.2,70.56,1,0
44.3,26.8,12.8,2.4,15.99,0,0
22.3,84.1,21.6,59.4,55.53999999999999,1,0
29.8,54.4,21.1,10.6,27.76,0,0
25.4,94.8,19.2,52.8,55.940000000000005,1,1
19.3,93.1,49.8,61.7,64.5,1,1
24.5,67.1,20.0,12.8,31.7,0,0
32.9,37.6,5.8,3.5,17.13,0,0
22.1,80.1,20.5,25.0,40.34,0,0
18.8,91.0,32.5,71.5,64.28,1,1
15.5,99.6,40.1,74.5,69.24999999999999,1,1
30.1,25.1,16.8,2.8,15.020000000000001,0,0
38.0,24.6,6.3,1.3,12.96,0,0
29.3,77.6,18.5,23.7,39.39,0,0
43.4,32.4,5.3,3.7,16.6,0,0
39.5,26.3,5.4,2.8,14.04,0,0
38.5,21.9,9.2,1.1,12.7,0,0
18.0,86.8,15.2,32.6,43.919999999999995,0,1
18.8,71.4,31.0,41.2,45.98000000000001,0,0
18.5,79.1,17.5,24.1,38.72,0,0
15.8,86.0,44.9,87.6,71.4,1,1
19.7,94.1,16.1,54.2,55.099999999999994,1,1
43.2,30.1,14.0,4.8,18.07,0,0
24.7,76.6,30.6,29.5,43.370000000000005,0,0
20.3,90.3,49.8,86.3,73.6,1,1
16.3,88.9,41.6,61.3,61.14,1,1
16.4,84.9,36.5,79.2,66.09,1,0
32.8,44.2,8.4,4.6,20.060000000000002,0,0
21.0,94.0,48.0,76.2,70.38,1,1
30.4,38.9,8.3,2.4,17.33,0,0
16.6,84.6,48.4,72.1,65.56,1,0
27.8,54.3,12.2,17.9,28.67,0,0
30.6,38.8,8.5,3.0,17.6,0,0
27.6,71.3,18.0,31.5,40.349999999999994,0,0
25.4,53.3,12.5,12.7,26.11,0,0
34.0,30.6,11.6,1.1,15.34,0,0
43.8,31.3,9.3,1.0,16.03,0,0
37.8,24.3,16.2,2.1,15.15,0,0
16.5,99.4,38.1,80.8,71.41000000000001,1,1
28.6,53.2,17.5,6.8,25.04,0,0
25.0,56.6,23.1,5.0,26.1,0,0
30.9,50.9,21.2,13.2,27.88,0,0
20.6,71.0,21.6,69.5,55.480000000000004,1,0
42.4,28.4,10.8,3.1,16.16,0,0
21.4,85.2,26.8,67.0,59.86,1,1
20.6,91.9,36.7,81.4,69.53,1,1
24.7,73.7,16.0,36.4,42.34,0,0
24.3,68.8,18.7,17.9,33.97,0,0
36.1,22.8,15.1,1.1,13.91,0,0
26.9,69.0,16.0,16.6,33.23,0,0
23.1,81.3,26.5,21.1,40.44,0,0
24.4,86.0,45.9,81.5,70.02000000000001,1,1
21.3,72.8,16.6,34.3,41.010000000000005,0,0
22.8,92.7,32.3,60.7,60.830000000000005,1,1
31.0,39.7,16.2,0.5,18.45,0,0
22.7,73.8,20.8,23.2,37.85,0,0
28.2,82.3,25.4,22.1,41.43,0,0
29.4,54.6,13.9,13.8,27.62,0,0
38.8,29.6,12.6,4.3,17.0,0,0
26.0,51.9,11.5,15.3,26.59,0,0
35.2,40.7,15.9,4.0,20.51,0,0
27.8,57.3,21.2,16.9,30.97,0,0
28.6,82.7,27.8,37.8,48.35,0,0
29.1,57.6,12.6,8.7,26.19,0,0
44.8,37.0,6.5,4.9,18.84,0,0
26.9,96.4,47.1,79.1,72.67,1,1
41.5,27.1,6.3,1.4,14.100000000000001,0,0
36.6,34.6,8.0,0.4,15.8,0,0
21.9,88.9,42.4,98.3,76.66000000000001,1,1
28.6,63.0,10.5,18.5,31.259999999999998,0,0
19.9,88.5,25.7,33.4,47.04,0,1
32.3,29.1,9.2,4.8,15.72,0,0
23.8,55.1,24.6,17.2,30.71,0,0
42.8,28.1,12.0,3.5,16.51,0,0
25.2,62.9,10.1,12.5,28.409999999999997,0,0
41.1,34.3,12.1,3.3,18.14,0,0
22.8,50.9,13.0,6.4,22.71,0,0
19.4,87.7,48.3,76.6,68.55,1,1
22.7,63.6,24.1,9.7,30.049999999999997,0,0
43.4,36.1,7.8,2.1,17.57,0,0
24.2,82.1,30.7,66.9,59.95,1,0
27.8,91.4,28.2,24.4,45.6,0,1
41.4,44.5,5.2,2.4,19.49,0,0
26.7,74.9,19.6,33.6,42.50000000000001,0,0
24.0,94.8,23.4,26.2,46.0,0,1
18.1,81.6,27.1,21.5,40.31,0,0
39.1,35.4,16.9,1.4,18.47,0,0
22.6,69.2,18.0,15.5,32.82,0,0
34.9,29.9,12.4,2.2,15.82,0,0
22.3,71.2,28.0,26.2,39.669999999999995,0,0
30.9,65.9,19.0,6.2,29.14,0,0
28.1,92.7,27.0,63.2,61.300000000000004,1,1
22.7,46.5,17.4,5.5,21.9,0,0
24.9,98.8,43.7,84.7,74.74999999999999,1,1
43.7,34.8,6.2,0.4,16.21,0,0
23.9,70.8,20.2,60.9,52.029999999999994,1,0
23.7,60.4,14.1,14.8,29.23,0,0
25.8,92.2,18.2,44.4,51.64,0,1
30.0,50.2,11.7,11.5,25.0,0,0
35.8,25.8,8.0,0.1,12.96,0,0
19.5,90.9,43.3,80.9,70.24000000000001,1,1
29.7,92.6,16.6,44.4,51.83,0,1
31.8,53.1,20.8,14.8,29.19,0,0
31.4,64.4,18.8,14.9,32.18,0,0
26.0,94.0,26.3,37.8,51.18,0,1
20.4,88.9,32.4,81.1,67.63000000000001,1,1
30.8,59.4,22.1,18.6,32.760000000000005,0,0
43.4,30.8,16.8,4.0,18.54,0,0
36.5,23.2,8.9,0.9,12.750000000000002,0,0
37.2,23.3,12.8,4.1,14.910000000000002,0,0
30.4,61.7,11.0,17.4,30.71,0,0
38.5,40.0,7.6,0.6,17.61,0,0
43.6,41.1,9.5,0.9,18.95,0,0
38.9,43.4,7.6,3.2,19.71,0,0
22.7,84.3,20.2,32.9,44.760000000000005,0,0
33.0,32.0,13.6,1.3,16.14,0,0
25.8,85.2,43.7,88.8,72.39999999999999,1,1
27.2,65.1,19.7,12.9,31.349999999999998,0,0
19.3,81.2,31.6,51.1,53.05,1,0
28.4,90.9,31.8,67.5,63.47,1,1
29.4,67.9,11.7,13.2,30.930000000000003,0,0
24.1,93.0,39.1,64.6,63.97,1,1
29.5,87.7,23.1,32.2,46.76,0,1
26.6,56.8,14.4,9.9,26.54,0,0
18.9,92.8,42.2,66.1,64.61,1,1
26.0,90.6,35.1,68.7,64.28,1,1
25.3,71.0,23.9,64.4,54.370000000000005,1,0
30.2,50.4,14.5,14.0,26.639999999999997,0,0
28.2,91.6,20.7,51.4,55.0,1,1
26.0,70.6,23.1,55.0,50.39999999999999,1,0
25.6,75.2,34.1,56.0,54.34,1,0
28.7,90.6,33.9,66.0,63.23,1,1
36.8,44.7,15.5,1.0,20.59,0,0
27.7,59.3,14.2,18.9,30.959999999999997,0,0
25.8,80.4,25.9,23.8,41.4,0,0
27.6,93.6,31.2,67.0,63.879999999999995,1,1
19.5,88.3,27.4,28.3,45.24000000000001,0,1
29.9,67.4,20.7,13.1,32.59,0,0
21.8,99.2,32.4,99.5,78.22000000000001,1,1
19.3,91.8,21.6,39.6,49.63,0,1
24.6,65.4,24.0,11.7,31.560000000000002,0,0
20.5,87.8,23.3,22.8,42.17,0,1
20.5,76.5,21.9,52.9,50.54,1,0
26.6,83.7,40.3,72.0,64.63,1,0
24.2,80.5,30.0,57.0,55.370000000000005,1,0
28.1,53.1,10.9,17.2,27.799999999999997,0,0
21.7,71.8,26.5,47.1,47.849999999999994,0,0
22.8,55.6,22.4,11.9,28.200000000000003,0,0
21.3,78.0,24.4,58.8,53.93000000000001,1,0
20.9,86.1,35.9,87.7,70.18,1,1
21.9,87.5,32.0,66.6,61.48,1,1
18.7,87.2,24.6,38.1,48.190000000000005,0,1
22.6,62.3,23.8,12.8,30.830000000000002,0,0
28.2,92.9,20.8,39.5,50.65,0,1
22.9,85.4,33.2,57.3,57.470000000000006,1,1
24.7,98.3,39.3,86.6,74.46,1,1
22.6,86.1,19.0,22.1,40.73,0,1
42.3,37.2,10.1,4.1,19.05,0,0
21.6,88.1,38.3,69.7,64.13,1,1
29.1,60.7,21.3,15.3,31.500000000000004,0,0
28.8,94.1,16.2,62.3,59.27,1,1
33.7,20.5,13.0,4.2,13.8,0,0
28.1,53.8,19.6,6.3,25.39,0,0
20.7,94.3,21.0,34.5,48.36000000000001,0,1
22.6,81.0,25.2,49.4,51.36,0,0
27.1,45.2,14.1,14.0,24.69,0,0
21.1,87.8,17.5,50.5,52.150000000000006,1,1
35.6,38.5,5.8,1.6,16.91,0,0
34.2,38.2,10.4,1.4,17.520000000000003,0,0
20.7,93.8,44.6,96.0,77.53,1,1
20.1,87.0,21.4,21.5,40.989999999999995,0,1
24.3,53.6,18.8,10.8,26.59,0,0
19.1,79.2,27.3,68.2,58.41000000000001,1,0
21.4,89.4,47.4,93.2,75.72,1,1
29.3,69.7,13.0,15.8,32.760000000000005,0,0
39.4,33.9,9.7,2.8,17.169999999999998,0,0
31.6,46.2,18.8,15.4,26.940000000000005,0,0
24.9,72.9,15.1,52.7,48.46000000000001,1,0
36.0,29.9,5.7,2.4,14.67,0,0
30.6,64.8,20.2,13.8,32.059999999999995,0,0
29.5,80.3,34.8,40.7,50.28000000000001,0,0
27.7,60.4,17.5,14.9,30.349999999999998,0,0
26.5,66.6,12.6,9.6,28.989999999999995,0,0
24.8,80.3,32.0,49.0,52.56999999999999,0,0
22.1,66.3,10.4,14.9,30.14,0,0
21.7,92.0,33.5,23.5,45.870000000000005,0,1
42.0,30.6,8.8,1.5,15.739999999999998,0,0
24.0,46.0,23.5,17.0,27.700000000000003,0,0
22.4,55.8,17.0,7.6,25.419999999999998,0,0
26.5,74.3,22.6,21.8,38.18,0,0
35.7,26.4,16.7,0.9,15.19,0,0
24.1,77.1,22.8,53.0,51.3,1,0
22.0,51.2,13.3,16.1,26.66,0,0
29.5,82.9,17.5,24.8,41.24000000000001,0,0
20.7,75.7,31.5,28.1,42.32,0,0
31.2,36.1,7.7,0.9,15.850000000000001,0,0
24.2,48.6,23.8,8.8,25.28,0,0
20.6,87.3,25.3,26.1,43.75,0,1
29.3,63.9,18.3,12.7,30.84,0,0
21.8,88.0,32.1,62.0,59.800000000000004,1,1
42.3,25.9,7.7,4.5,15.34,0,0
40.0,42.3,8.9,0.9,18.83,0,0
34.8,31.0,6.5,0.7,14.36,0,0
43.9,22.7,6.3,3.9,14.02,0,0
18.7,85.7,36.6,80.6,67.14000000000001,1,1
35.5,24.0,6.4,4.9,13.990000000000002,0,0
28.3,66.7,10.6,19.7,32.84,0,0
28.8,53.6,13.9,16.3,28.259999999999998,0,0
24.3,65.3,17.4,7.4,28.46,0,0
31.9,32.7,12.8,1.3,16.080000000000002,0,0
27.4,93.8,33.8,28.8,49.16,0,1
21.8,85.1,42.8,67.9,63.43,1,1
35.4,23.8,10.4,4.4,14.52,0,0
42.1,36.9,13.7,4.0,19.619999999999997,0,0
20.0,83.8,45.6,73.3,65.58,1,0
39.6,28.8,6.2,4.6,15.680000000000001,0,0
33.3,43.1,7.3,3.8,19.240000000000002,0,0
40.0,41.6,17.1,4.2,21.580000000000002,0,0
25.1,97.5,46.4,85.3,75.16,1,1
21.6,73.2,24.7,47.8,48.17999999999999,0,0
25.7,51.5,23.1,12.1,27.48,0,0
22.2,57.1,17.5,7.9,26.009999999999998,0,0
29.8,58.3,10.0,9.9,26.43,0,0
23.0,53.4,21.7,9.2,26.34,0,0
30.2,33.8,16.2,1.7,17.08,0,0
22.0,80.8,29.1,39.2,47.940000000000005,0,0
19.2,75.6,22.5,66.1,55.53999999999999,1,0
36.0,35.6,10.9,3.8,17.98,0,0
25.9,74.4,32.1,68.2,58.61,1,0
18.4,90.3,22.9,23.2,42.78999999999999,0,1
25.5,79.9,28.9,42.5,49.3,0,0
34.9,40.0,13.0,4.2,19.770000000000003,0,0
25.9,68.1,16.2,11.5,30.859999999999996,0,0
42.5,33.4,7.2,1.7,16.39,0,0
22.2,92.2,22.8,46.0,52.84,0,1
25.5,63.4,22.9,17.0,32.949999999999996,0,0
26.4,98.3,35.2,63.9,64.72999999999999,1,1
26.0,59.1,19.5,7.2,27.11,0,0
40.6,33.4,17.7,1.6,18.259999999999998,0,0
41.7,22.9,16.8,3.1,15.64,0,0
16.1,99.8,46.6,84.5,74.67,1,1
42.8,29.2,9.8,1.4,15.560000000000002,0,0
19.7,96.0,39.6,94.4,76.45,1,1
23.8,87.5,31.9,52.2,55.89000000000001,1,1
20.9,88.1,33.3,22.5,44.17999999999999,0,1
31.7,53.6,12.7,10.2,25.869999999999997,0,0
31.4,67.0,22.2,9.6,31.52,0,0
31.9,40.0,13.5,4.7,19.770000000000003,0,0
26.7,58.0,13.2,7.2,25.589999999999996,0,0
21.5,93.3,37.8,73.1,66.94,1,1
22.5,94.1,43.8,64.1,64.88,1,1
27.7,55.5,21.2,10.2,27.74,0,0
28.3,46.6,12.5,5.5,21.509999999999998,0,0
23.2,89.6,36.7,74.2,66.22,1,1
38.8,31.7,7.9,3.2,16.25,0,0
42.8,29.8,6.7,3.8,16.08,0,0
18.3,93.1,47.7,93.5,76.7,1,1
23.0,89.8,21.7,60.1,57.620000000000005,1,1
27.6,45.6,19.9,8.9,23.980000000000004,0,0
34.8,39.1,15.3,3.6,19.71,0,0
29.3,55.4,11.0,18.8,29.269999999999996,0,0
27.2,86.0,38.6,82.7,69.32000000000001,1,1
31.1,59.4,15.2,11.8,28.689999999999998,0,0
25.3,89.1,44.2,81.0,70.5,1,1
29.5,66.4,16.0,5.2,28.15,0,0
41.5,38.1,17.7,2.4,20.08,0,0
23.6,70.7,30.4,40.7,45.93,0,0
31.4,56.8,18.8,19.5,31.740000000000002,0,0
19.2,70.8,29.5,56.6,51.699999999999996,1,0
31.4,63.3,13.7,13.7,30.35,0,0
27.8,55.3,16.6,7.8,25.810000000000002,0,0
27.6,84.4,17.6,51.8,52.32,1,0
26.1,51.3,15.2,7.5,24.04,0,0
27.6,84.8,44.2,92.4,74.0,1,0
22.2,92.1,47.2,75.9,69.65,1,1
22.4,53.5,17.0,8.4,25.05,0,0
40.0,39.7,5.5,3.2,18.29,0,0
37.7,27.8,16.8,4.5,17.27,0,0
40.2,44.5,8.5,2.9,20.23,0,0
34.4,29.3,15.4,1.4,15.87,0,0
35.0,33.2,5.6,2.1,15.42,0,0
19.4,83.8,30.5,61.5,57.779999999999994,1,0
24.3,93.4,32.9,61.9,61.79,1,1
26.4,74.4,35.0,21.7,40.64,0,0
29.2,81.9,27.9,47.4,52.03,0,0
23.2,48.7,13.8,11.2,24.17,0,0
37.0,38.7,7.8,4.2,18.55,0,0
35.6,33.6,14.9,1.3,17.14,0,0
19.2,90.8,32.6,58.3,59.00000000000001,1,1
20.9,87.6,32.2,33.8,48.33,0,1
41.0,41.8,7.7,1.0,18.580000000000002,0,0
30.7,58.6,18.0,19.9,32.21,0,0
20.4,86.4,46.3,74.0,66.82000000000001,1,1
23.4,94.1,16.7,63.4,59.269999999999996,1,1
26.8,80.6,22.9,23.6,40.879999999999995,0,0
15.8,92.6,44.3,86.4,72.78,1,1
18.9,82.0,31.6,98.9,72.36999999999999,1,0
19.9,90.5,16.7,62.5,57.48,1,1
20.5,77.7,21.5,42.7,46.739999999999995,0,0
38.0,32.0,5.9,4.8,16.5,0,0
34.5,42.7,6.4,1.0,17.94,0,0
27.0,49.4,11.7,12.4,24.82,0,0
19.1,92.2,31.4,99.2,75.53,1,1
29.7,85.3,31.9,64.3,60.660000000000004,1,1
22.9,57.1,13.9,6.3,24.72,0,0
27.5,75.3,24.5,69.5,58.04,1,0
44.1,28.4,12.6,2.2,16.33,0,0
19.9,87.2,31.9,28.4,45.89,0,1
19.8,92.0,26.2,31.5,47.42,0,1
28.5,67.2,18.3,11.6,31.310000000000002,0,0
26.1,94.4,28.8,49.6,56.53,0,1
22.9,62.6,14.6,11.4,28.550000000000004,0,0
39.5,35.6,12.6,0.6,17.39,0,0
29.2,47.5,15.5,8.3,23.590000000000003,0,0
31.8,47.0,23.9,16.2,28.54,0,0
19.3,90.1,45.7,89.4,73.86000000000001,1,1
25.3,93.3,35.7,83.2,70.94,1,1
30.6,45.1,19.5,19.3,28.21,0,0
36.1,22.3,13.0,1.0,13.3,0,0
27.8,91.6,35.0,95.8,75.58,1,1
32.1,25.2,17.8,4.2,16.01,0,0
42.2,36.5,5.4,3.1,17.490000000000002,0,0
32.9,26.8,16.4,3.9,16.169999999999998,0,0
21.4,89.3,29.3,28.8,46.31,0,1
42.9,42.4,5.8,1.4,18.73,0,0
44.5,41.9,6.1,0.0,18.24,0,0
27.7,96.2,47.6,61.0,65.55000000000001,1,1
28.5,74.1,23.9,33.6,43.300000000000004,0,0
18.0,78.3,18.9,46.9,47.83,0,0
43.2,32.1,12.5,2.5,17.450000000000003,0,0
41.5,26.3,9.0,1.7,14.520000000000001,0,0
15.7,90.1,35.8,92.6,72.79999999999998,1,1
23.0,45.0,15.1,12.9,23.98,0,0
30.5,30.8,14.0,4.9,17.05,0,0
23.0,77.7,30.4,42.3,48.60999999999999,0,0
37.7,29.4,10.6,2.8,15.829999999999998,0,0
19.8,85.8,36.3,87.0,69.78000000000002,1,1
39.1,44.4,12.2,1.3,20.189999999999998,0,0
26.8,80.2,18.2,32.1,43.22,0,0
30.7,24.8,14.7,1.2,13.93,0,0
29.7,52.7,17.8,9.1,25.979999999999997,0,0
21.2,92.7,34.0,67.9,63.88999999999999,1,1
23.2,73.6,16.2,39.0,43.24,0,0
28.2,61.9,21.1,12.7,30.689999999999998,0,0
28.0,63.4,23.5,6.6,29.16,0,0
25.5,54.5,17.4,15.9,28.74,0,0
30.8,64.1,24.7,10.1,31.29,0,0
23.2,94.9,33.5,22.0,46.290000000000006,0,1
28.5,80.1,30.8,38.5,48.440000000000005,0,0
40.1,34.8,9.8,3.2,17.69,0,0
36.3,23.2,10.8,2.1,13.59,0,0
27.1,76.3,21.2,67.1,56.68,1,0
37.6,31.2,10.1,2.9,16.3,0,0
40.8,39.6,11.3,1.1,18.66,0,0
27.5,85.3,39.0,91.1,72.58,1,1
33.2,39.9,9.4,4.4,18.93,0,0
29.8,88.0,28.9,69.9,63.120000000000005,1,1
31.6,51.4,21.0,14.5,28.58,0,0
34.2,26.2,15.9,2.2,15.34,0,0
27.2,87.1,20.9,63.9,58.589999999999996,1,1
23.2,83.3,48.0,61.2,61.39,1,0
29.9,90.8,17.1,54.5,55.45,1,1
23.1,92.8,25.1,57.3,58.09000000000001,1,1
41.4,34.4,17.8,0.3,18.139999999999997,0,0
29.0,74.5,26.7,51.7,51.27,1,0
22.8,51.4,16.4,15.4,27.14,0,0
38.2,21.9,11.5,4.3,14.41,0,0
28.7,80.4,24.8,54.4,53.71,1,0
26.9,86.8,22.3,23.5,42.589999999999996,0,1
20.2,76.6,28.5,42.8,47.82,0,0
28.2,62.6,13.5,13.4,29.66,0,0
21.8,89.9,37.3,70.2,64.69000000000001,1,1
20.6,83.8,28.6,65.8,59.239999999999995,1,0
31.1,39.4,10.0,1.7,17.61,0,0
31.3,69.2,21.7,10.0,32.230000000000004,0,0
21.8,97.1,33.5,95.5,76.21000000000001,1,1
42.2,43.6,8.8,4.4,20.82,0,0
31.5,30.8,10.5,2.3,15.41,0,0
18.2,80.7,31.6,33.3,45.67,0,0
20.0,71.7,28.9,61.9,54.050000000000004,1,0
29.6,94.2,32.9,39.0,53.4,0,1
37.5,25.4,14.1,2.1,15.03,0,0
21.2,90.4,29.6,20.1,43.2,0,1
15.5,89.4,45.4,61.3,61.97,1,1
19.2,88.2,43.2,87.2,71.9,1,1
19.3,93.2,19.5,56.2,56.27,1,1
42.9,36.8,11.5,0.5,17.83,0,0
25.2,78.3,34.5,50.3,53.03,1,0
42.1,43.7,17.4,1.1,21.240000000000002,0,0
26.9,99.9,38.2,70.9,68.66,1,1
26.2,89.2,23.8,65.3,60.26,1,1
26.1,93.6,20.8,27.7,45.92999999999999,0,1
37.4,27.3,12.3,3.6,15.83,0,0
24.7,88.6,44.9,68.3,65.35,1,1
24.0,70.3,31.7,54.0,51.43,1,0
42.4,41.7,5.3,3.6,19.25,0,0
27.3,62.7,19.4,17.8,32.54,0,0
23.5,52.5,16.7,14.3,27.16,0,0
19.3,92.5,21.2,63.9,59.480000000000004,1,1
26.5,79.0,16.4,24.3,39.35,0,0
32.8,41.2,10.7,4.9,19.740000000000002,0,0
39.3,29.2,10.2,1.8,15.45,0,0
22.8,95.0,30.9,70.1,65.0,1,1
29.3,65.2,19.0,10.7,30.57,0,0
43.4,32.6,10.4,3.2,17.479999999999997,0,0
26.4,64.8,10.7,15.4,30.38,0,0
25.0,63.8,17.5,18.8,32.66,0,0
23.6,52.3,23.9,11.7,27.509999999999998,0,0
24.9,80.5,23.4,61.0,55.72,1,0
24.0,57.7,23.2,10.9,28.71,0,0
40.8,32.0,7.9,3.9,16.82,0,0
38.8,39.0,17.2,4.6,20.86,0,0
39.5,25.1,17.6,1.9,15.760000000000002,0,0
34.3,33.4,9.5,2.1,16.189999999999998,0,0
21.0,96.1,37.0,68.0,65.53,1,1
21.6,82.6,45.9,72.1,64.96,1,0
20.4,96.8,47.6,66.5,67.2,1,1
24.1,80.0,21.2,50.0,50.650000000000006,1,0
31.2,48.8,11.0,9.0,23.56,0,0
44.3,43.7,17.3,2.4,21.96,0,0
24.1,97.6,41.0,77.6,70.92999999999999,1,1
34.4,22.7,7.6,3.4,13.129999999999999,0,0
25.4,84.3,48.1,80.2,69.53000000000002,1,0
22.8,66.0,12.7,14.4,30.380000000000003,0,0
44.8,33.6,11.4,4.7,18.720000000000002,0,0
30.4,32.4,16.9,1.4,16.7,0,0
25.4,64.6,16.2,16.1,31.6,0,0
40.5,35.4,9.0,0.4,16.63,0,0
24.7,93.8,35.7,75.5,67.95,1,1
23.3,86.3,15.4,62.2,56.17999999999999,1,1
23.1,52.0,20.7,14.2,27.73,0,0
24.6,93.0,31.5,85.9,71.02,1,1
22.4,63.7,21.4,11.9,30.39,0,0
25.9,52.5,11.3,15.4,26.76,0,0
24.6,65.4,24.5,5.1,29.020000000000003,0,0
44.4,38.3,10.0,3.9,19.49,0,0
25.1,90.0,15.3,68.3,59.89,1,1
25.6,54.9,24.3,17.8,31.009999999999998,0,0
16.5,86.9,47.3,66.7,63.86,1,1
43.4,38.8,5.5,4.6,18.919999999999998,0,0
25.8,53.2,22.8,19.5,30.9,0,0
36.8,24.4,14.1,0.5,14.02,0,0
36.7,25.0,13.9,0.4,14.110000000000001,0,0
28.7,90.1,23.3,25.9,44.919999999999995,0,1
18.8,83.5,28.6,22.4,41.61,0,0
30.9,63.6,23.4,10.8,31.169999999999998,0,0
42.6,32.6,13.4,2.9,17.88,0,0
24.1,83.8,15.7,44.3,48.41,0,0
44.2,21.0,7.1,1.1,12.580000000000002,0,0
28.0,49.9,10.2,6.9,22.57,0,0
26.0,76.3,33.2,35.2,46.21,0,0
26.8,67.3,13.2,17.1,32.35,0,0
29.7,78.0,19.4,20.9,38.61,0,0
32.2,24.5,10.0,1.7,13.25,0,0
30.5,61.1,23.1,18.0,33.199999999999996,0,0
26.1,93.7,22.4,58.2,58.48,1,1
40.4,29.9,6.4,2.8,15.409999999999997,0,0
25.8,47.8,19.6,17.9,28.0,0,0
36.6,27.4,6.9,0.5,13.459999999999999,0,0
38.0,26.1,15.1,3.9,16.21,0,0
23.8,49.5,11.4,16.1,25.95,0,0
40.2,37.0,5.8,0.9,16.64,0,0
38.9,38.0,14.6,0.8,18.53,0,0
22.9,74.9,21.0,21.8,37.68000000000001,0,0
38.4,40.7,6.3,0.3,17.43,0,0
25.5,90.9,34.5,80.3,68.84,1,1
37.5,42.7,12.7,1.0,19.5,0,0
23.6,60.6,18.7,13.7,29.759999999999998,0,0
35.9,27.8,11.9,3.4,15.67,0,0
30.7,20.5,16.5,1.8,13.24,0,0
24.4,83.4,29.2,69.5,61.099999999999994,1,0
22.1,64.4,22.1,18.6,33.39,0,0
25.3,61.9,20.6,8.8,28.740000000000002,0,0
23.6,60.9,20.1,12.2,29.529999999999998,0,0
16.1,81.9,47.6,72.7,64.78000000000002,1,0
21.2,88.7,26.7,21.2,42.550000000000004,0,1
41.4,36.9,15.5,0.2,18.389999999999997,0,0
22.6,80.5,49.9,98.9,75.95,1,0
25.3,88.1,18.6,42.3,49.599999999999994,0,1
25.5,45.5,18.2,14.0,25.44,0,0
29.1,69.8,11.9,18.1,33.47,0,0
27.2,58.9,21.8,10.4,28.909999999999997,0,0
44.8,27.5,16.1,2.5,16.95,0,0
34.0,43.9,14.8,0.4,19.689999999999998,0,0
34.4,21.6,14.8,2.9,14.040000000000001,0,0
25.0,50.7,19.0,19.9,29.470000000000002,0,0
43.6,24.5,8.9,4.2,15.169999999999998,0,0
24.7,78.0,16.9,39.5,45.050000000000004,0,0
20.0,92.6,43.5,90.7,74.76,1,1
27.5,63.9,11.7,11.9,29.02,0,0
38.5,35.7,12.1,1.9,17.740000000000002,0,0
40.4,37.2,14.1,3.7,19.5,0,0
21.2,82.2,30.5,67.3,59.8,1,0
26.8,51.9,17.3,19.8,29.63,0,0
32.7,39.7,6.2,4.7,18.3,0,0
31.3,54.5,14.7,18.4,29.779999999999998,0,0
28.1,94.3,22.4,32.0,48.38,0,1
43.0,26.9,16.9,2.1,16.59,0,0
35.4,31.5,10.6,3.4,16.47,0,0
30.8,38.7,9.2,1.3,17.05,0,0
26.4,83.1,23.2,55.8,54.53,1,0
22.3,83.2,15.5,21.8,39.01,0,0
42.5,39.7,14.8,0.5,19.32,0,0
23.2,53.4,18.3,6.7,24.68,0,0
44.0,43.3,6.9,1.6,19.41,0,0
24.9,87.6,27.7,41.6,50.95,0,1
26.8,85.6,45.1,98.6,76.82,1,1
28.9,77.5,17.2,67.0,56.379999999999995,1,0
28.7,60.2,19.8,6.8,27.61,0,0
32.5,43.6,12.2,3.3,20.09,0,0
24.1,73.4,20.1,40.4,44.61,0,0
23.9,71.8,29.0,25.6,39.97,0,0
28.4,71.0,27.8,39.0,45.30000000000001,0,0
18.8,87.2,20.7,50.1,52.220000000000006,1,1
26.8,77.3,24.1,67.8,57.81,1,0
19.2,71.9,30.0,58.4,52.85,1,0
30.3,22.3,10.9,2.6,12.940000000000001,0,0
39.1,22.5,10.4,5.0,14.74,0,0
22.5,80.4,18.1,28.6,41.43,0,0
21.4,83.5,19.5,39.9,47.050000000000004,0,0
24.1,47.5,22.3,8.6,24.560000000000002,0,0
25.7,81.2,29.2,59.3,56.49,1,0
25.4,50.9,10.7,16.9,26.71,0,0
26.2,61.4,13.7,19.8,31.7,0,0
28.4,52.3,20.8,10.2,26.769999999999996,0,0
17.6,98.5,40.6,75.1,69.47,1,1
28.3,46.1,22.6,18.1,28.42,0,0
21.5,81.6,25.2,39.8,47.589999999999996,0,0
35.5,44.4,16.3,2.6,21.17,0,0
23.0,77.8,19.1,46.2,47.94,0,0
34.5,34.8,10.2,0.5,16.13,0,0
41.6,35.6,11.7,0.7,17.46,0,0
37.0,27.4,17.6,3.9,17.0,0,0
26.0,98.2,37.6,88.5,74.97999999999999,1,1
38.0,21.2,10.2,2.2,13.08,0,0
32.3,28.7,16.4,0.4,15.28,0,0
35.9,20.1,13.5,3.6,13.760000000000002,0,0
19.7,84.8,33.5,76.2,64.59,1,0
44.9,28.1,14.8,3.2,17.160000000000004,0,0
30.7,42.0,5.4,0.0,16.75,0,0
43.5,37.5,17.7,1.6,19.78,0,0
26.1,56.5,22.8,16.9,30.880000000000003,0,0
36.7,21.7,5.2,2.9,12.38,0,0
25.1,55.1,10.9,19.4,28.98,0,0
28.1,83.5,34.8,39.4,50.580000000000005,0,0
40.0,34.2,5.1,4.2,16.96,0,0
43.4,36.9,12.7,4.0,19.549999999999997,0,0
30.8,22.4,13.6,2.1,13.36,0,0
15.6,86.8,36.7,60.0,58.940000000000005,1,1
31.5,39.1,13.5,0.2,17.660000000000004,0,0
40.5,26.3,9.1,4.4,15.52,0,0
23.8,80.3,26.8,64.7,57.71,1,0
19.0,98.9,48.7,69.9,69.27000000000001,1,1
22.7,53.6,15.5,13.5,26.849999999999998,0,0
26.2,74.1,16.5,62.3,53.06999999999999,1,0
24.1,85.9,32.7,68.2,62.0,1,1
44.0,38.8,13.0,2.0,19.439999999999998,0,0
36.0,37.2,9.8,2.5,17.720000000000002,0,0
28.3,60.6,23.0,7.5,28.61,0,0
41.4,27.0,12.9,2.4,15.779999999999998,0,0
27.0,49.6,22.5,10.9,26.439999999999998,0,0
26.5,84.2,31.6,78.8,65.75,1,0
27.0,89.9,31.6,78.4,67.35000000000001,1,1
44.5,35.1,15.2,3.2,19.299999999999997,0,0
20.8,86.4,29.1,20.1,41.86,0,1
26.6,52.4,19.1,15.9,28.56,0,0
27.1,92.9,38.7,69.9,66.28,1,1
24.6,46.2,24.3,15.5,27.380000000000003,0,0
30.1,51.3,12.9,19.0,28.580000000000002,0,0
22.7,55.3,18.2,14.7,28.38,0,0
25.2,93.0,24.5,37.1,50.160000000000004,0,1
31.3,42.1,10.0,5.0,19.76,0,0
23.4,87.2,30.1,95.0,72.52,1,1
30.8,62.7,18.5,9.8,29.509999999999998,0,0
23.3,80.6,30.2,64.1,58.18999999999999,1,0
20.3,83.8,16.5,45.2,48.55,0,0
24.5,72.0,19.9,69.1,55.669999999999995,1,0
22.4,68.5,18.3,6.4,29.009999999999998,0,0
37.5,24.3,15.9,1.4,14.78,0,0
32.9,26.0,14.0,2.8,15.010000000000002,0,0
26.4,82.3,33.0,34.7,47.81,0,0
24.8,45.7,12.8,18.9,26.31,0,0
20.9,76.7,19.5,69.3,56.72,1,0
24.2,57.2,10.9,10.5,25.96,0,0
29.5,55.6,21.6,6.7,26.63,0,0
25.2,53.3,12.9,13.5,26.49,0,0
28.4,85.4,18.1,51.3,52.599999999999994,1,1
42.0,37.1,9.6,2.2,18.130000000000003,0,0
24.0,90.0,37.8,64.3,62.68,1,1
37.4,28.4,8.9,4.3,15.76,0,0
24.8,83.4,18.2,26.0,41.540000000000006,0,0
34.6,34.5,15.2,3.5,18.25,0,0
21.4,72.1,24.0,69.6,56.41,1,0
27.0,58.3,18.0,17.3,30.71,0,0
19.9,83.8,24.4,69.2,59.690000000000005,1,0
28.7,80.6,24.7,57.2,54.87,1,0
34.9,34.6,10.2,2.3,16.83,0,0
21.4,72.1,27.4,58.7,52.730000000000004,1,0
24.7,62.0,14.2,6.0,26.31,0,0
24.0,46.9,20.9,6.4,23.21,0,0
28.1,78.0,27.8,63.7,57.25000000000001,1,0
29.6,52.0,13.8,12.6,26.360000000000003,0,0
27.1,51.3,22.7,9.4,26.4,0,0
41.6,29.4,15.2,3.4,17.38,0,0
23.0,87.3,27.4,66.0,60.370000000000005,1,1
25.4,71.4,18.7,31.5,40.300000000000004,0,0
24.1,53.2,13.5,18.1,28.310000000000002,0,0
18.9,82.7,39.7,87.9,69.8,1,0
24.1,58.6,21.8,14.8,30.27,0,0
29.3,56.6,17.6,10.7,27.71,0,0
29.1,72.7,24.0,47.5,48.519999999999996,0,0
22.1,93.5,30.1,30.0,48.28,0,1
28.8,88.7,24.2,57.5,57.330000000000005,1,1
23.2,85.9,30.9,68.2,61.55,1,1
26.5,71.5,32.6,30.8,42.94,0,0
23.0,55.9,20.1,10.7,27.37,0,0
23.1,63.2,15.5,18.3,31.69,0,0
19.1,85.9,30.5,37.2,48.66000000000001,0,1
25.5,56.3,14.5,16.2,28.819999999999997,0,0
16.8,86.2,39.1,68.3,62.68,1,1
31.4,42.8,12.8,3.8,20.06,0,0
25.7,58.2,19.3,11.8,28.61,0,0
25.4,92.5,26.0,58.2,58.77,1,1
35.9,28.1,7.6,0.9,13.899999999999999,0,0
29.9,83.6,20.9,45.0,50.25,0,0
33.9,39.0,13.7,1.6,18.47,0,0
38.4,44.9,13.9,2.8,21.209999999999997,0,0
25.2,53.0,14.9,10.1,25.439999999999998,0,0
27.5,70.6,20.0,28.8,39.449999999999996,0,0
29.7,87.1,27.4,60.8,58.900000000000006,1,1
26.8,62.3,21.9,14.4,31.509999999999998,0,0
30.8,22.9,11.4,3.2,13.51,0,0
30.1,53.6,12.2,17.5,28.53,0,0
39.3,34.4,5.7,2.9,16.549999999999997,0,0
25.7,98.8,38.7,61.3,64.47,1,1
22.1,87.5,27.4,47.6,52.98000000000001,0,1
30.1,69.8,12.1,6.1,28.81,0,0
25.3,96.8,34.2,61.1,62.85000000000001,1,1
39.9,26.2,9.5,3.4,15.11,0,0
24.3,82.1,31.5,82.9,66.52000000000001,1,0
22.4,94.6,40.4,93.2,75.97999999999999,1,1
35.1,28.2,14.3,4.5,16.630000000000003,0,0
21.1,70.4,26.7,28.2,39.85000000000001,0,0
26.4,93.9,20.2,29.5,46.65,0,1
29.4,78.1,29.6,56.7,54.97,1,0
18.4,74.0,34.0,54.9,52.8,1,0
43.1,29.0,11.9,3.0,16.59,0,0
23.8,77.5,30.3,36.9,46.45,0,0
23.5,77.2,19.9,32.0,42.29,0,0
31.9,54.1,18.4,7.3,26.02,0,0
40.3,33.6,17.7,1.8,18.37,0,0
23.0,49.4,20.6,6.5,23.84,0,0
23.5,70.3,17.7,36.2,41.46,0,0
27.9,52.2,22.1,8.0,26.07,0,0
29.8,73.7,16.0,61.8,53.010000000000005,1,0
20.2,87.2,29.3,32.0,46.84,0,1
38.5,41.4,7.6,3.6,19.23,0,0
15.5,99.5,38.0,72.4,67.96,1,1
26.9,91.4,47.2,94.6,77.38999999999999,1,1
23.6,67.7,15.2,19.5,33.51,0,0
23.8,59.9,18.1,10.7,28.25,0,0
30.7,28.6,6.5,2.5,13.950000000000001,0,0
28.4,71.7,15.1,37.0,42.17,0,0
28.9,62.2,11.4,13.7,29.310000000000002,0,0
31.0,44.6,6.5,4.8,19.700000000000003,0,0
20.5,92.1,40.1,99.3,77.41999999999999,1,1
25.9,94.8,32.8,34.2,51.269999999999996,0,1
40.9,27.7,6.7,0.2,13.819999999999999,0,0
20.8,88.0,25.1,27.2,44.38,0,1
15.1,84.0,35.1,75.8,64.05,1,0
44.9,38.6,14.1,2.8,20.009999999999998,0,0
31.8,27.6,7.4,3.5,14.34,0,0
29.5,73.2,29.9,22.2,39.77000000000001,0,0
35.6,23.3,10.3,4.9,14.570000000000002,0,0
26.6,89.0,23.1,49.6,53.82000000000001,0,1
27.9,98.2,35.1,72.4,68.23,1,1
26.9,91.8,34.9,55.3,59.33,1,1
36.2,32.4,8.1,2.3,15.879999999999999,0,0
23.5,57.3,19.0,5.2,25.419999999999998,0,0
15.7,80.7,31.0,96.6,70.61999999999999,1,0
23.7,93.4,34.8,53.5,58.75,1,1
31.8,54.4,14.6,13.4,27.78,0,0
23.6,78.0,30.9,65.8,58.26,1,0
17.8,94.8,38.5,76.0,68.32000000000001,1,1
20.0,88.9,28.1,38.3,49.61,0,1
42.9,27.1,6.2,2.7,14.740000000000002,0,0
29.1,76.3,22.6,59.4,54.08,1,0
18.4,76.9,24.6,22.2,38.71000000000001,0,0
20.2,86.8,19.3,64.6,57.76,1,1
38.8,31.3,7.9,3.6,16.29,0,0
43.5,33.2,12.2,1.6,17.39,0,0
41.5,28.1,14.8,3.8,17.060000000000002,0,0
38.2,24.8,8.2,2.0,13.700000000000001,0,0
26.7,83.2,22.7,45.4,50.330000000000005,0,0
24.4,90.1,26.6,47.2,53.669999999999995,0,1
42.7,33.1,9.5,2.7,17.18,0,0
37.9,23.7,9.6,4.8,14.739999999999998,0,0
28.8,73.0,27.5,66.4,56.84,1,0
31.3,20.6,10.6,3.0,12.63,0,0
31.6,22.1,17.7,1.9,14.09,0,0
37.5,24.6,8.7,4.6,14.709999999999999,0,0
34.2,31.6,11.2,3.4,16.5,0,0
26.8,51.5,13.7,5.8,23.189999999999998,0,0
26.0,68.7,24.9,17.1,35.03,0,0
24.7,94.1,49.6,92.1,77.46,1,1
33.6,39.6,11.2,2.6,18.520000000000003,0,0
24.2,62.3,15.2,5.4,26.309999999999995,0,0
43.1,28.3,10.8,3.2,16.240000000000002,0,0
24.7,81.5,46.4,61.9,60.96,1,0
26.9,57.0,23.0,12.6,29.43,0,0
33.9,24.9,9.5,3.2,14.040000000000001,0,0
39.5,35.1,10.1,0.9,16.86,0,0
19.3,99.4,43.0,62.2,65.23,1,1
19.5,98.4,49.7,65.8,67.73,1,1
28.1,90.1,28.7,30.4,47.74,0,1
37.7,34.3,15.1,5.0,19.08,0,0
27.3,91.2,20.4,64.9,60.13000000000001,1,1
26.0,86.3,28.3,59.5,57.949999999999996,1,1
25.3,47.9,24.8,7.7,24.94,0,0
30.1,36.2,11.2,0.2,16.19,0,0
38.5,24.5,11.2,2.4,14.399999999999999,0,0
32.4,26.9,14.6,4.5,16.03,0,0
24.9,74.6,18.8,33.0,41.83,0,0
26.6,74.5,27.5,35.0,44.50999999999999,0,0
36.1,22.6,12.3,4.5,14.650000000000002,0,0
27.2,90.2,34.0,32.1,49.42,0,1
15.1,84.4,41.3,89.7,70.97000000000001,1,0
39.1,39.8,6.9,4.8,19.15,0,0
29.5,73.8,31.1,24.5,41.11,0,0
23.1,59.9,21.7,15.6,30.86,0,0
27.5,48.4,11.3,11.7,24.21,0,0
23.2,76.0,18.8,60.9,53.239999999999995,1,0
19.6,80.1,17.7,68.7,57.010000000000005,1,0
29.4,79.4,21.9,68.0,58.34,1,0
29.3,75.9,16.2,30.7,41.22,0,0
30.3,47.4,20.8,14.1,27.05,0,0
31.5,38.1,11.3,1.7,17.52,0,0
29.9,63.1,10.7,14.3,29.78,0,0
28.1,78.2,33.9,53.0,54.25000000000001,1,0
27.0,98.4,34.6,68.8,66.66,1,1
30.0,69.1,10.4,11.9,30.57,0,0
38.4,36.0,5.6,4.1,17.4,0,0
42.2,20.1,13.5,4.7,14.83,0,0
18.4,81.3,18.2,25.5,40.06999999999999,0,0
31.6,36.0,7.5,4.9,17.42,0,0
23.4,91.4,23.9,25.9,44.900000000000006,0,1
25.4,70.6,19.0,24.8,37.44,0,0
30.9,22.4,7.4,0.8,11.61,0,0
28.9,76.7,18.8,53.7,51.14000000000001,1,0
25.3,62.4,19.7,17.6,32.23,0,0
35.1,36.9,16.7,2.3,18.84,0,0
30.4,49.9,16.1,5.3,23.35,0,0
26.7,61.5,18.6,18.9,32.4,0,0
31.9,49.5,15.5,12.9,26.3,0,0
43.1,25.8,17.3,3.2,16.79,0,0
25.6,60.4,14.9,10.3,27.78,0,0
25.1,81.2,49.8,81.2,69.31000000000002,1,0
39.4,26.3,18.0,2.6,16.47,0,0
29.2,59.2,14.1,13.8,29.020000000000003,0,0
36.1,28.1,7.9,4.4,15.379999999999999,0,0
24.6,56.7,21.7,16.9,30.570000000000004,0,0
22.9,93.2,41.5,78.8,70.07000000000001,1,1
41.1,44.5,10.5,0.4,19.72,0,0
28.2,89.6,23.1,37.1,49.16,0,1
33.2,44.5,10.5,2.0,19.57,0,0
24.4,80.9,33.8,77.7,64.55,1,0
20.3,94.2,33.9,66.4,63.63000000000001,1,1
28.3,68.6,10.2,17.0,32.25,0,0
23.3,81.7,27.1,23.2,41.54,0,0
42.7,26.1,12.7,2.6,15.68,0,0
26.4,70.2,30.7,67.7,56.92,1,0
40.9,36.4,16.8,4.4,20.13,0,0
25.0,69.4,13.5,11.5,30.62,0,0
29.9,70.1,18.6,26.7,38.42,0,0
23.1,67.1,14.6,19.5,33.160000000000004,0,0
40.2,28.9,10.4,1.8,15.490000000000002,0,0
16.1,95.2,37.7,90.7,73.99000000000001,1,1
44.9,41.3,6.2,4.8,20.04,0,0
26.8,87.4,25.6,48.9,53.580000000000005,0,1
24.7,93.5,38.5,67.3,65.14,1,1
28.1,79.3,30.2,52.4,53.6,1,0
31.1,56.0,15.4,10.8,27.310000000000002,0,0
40.7,27.1,13.5,2.2,15.780000000000001,0,0
21.5,80.2,22.8,24.3,40.49,0,0
19.7,75.2,33.7,21.7,39.949999999999996,0,0
26.1,81.3,25.6,49.0,51.72,0,0
40.2,43.9,17.7,3.5,22.13,0,0
41.3,44.3,9.4,2.1,20.139999999999997,0,0
22.6,69.9,20.7,6.4,29.930000000000003,0,0
41.1,24.4,15.6,3.3,15.869999999999997,0,0
22.9,94.2,49.6,89.7,76.35000000000001,1,1
36.5,42.9,10.0,1.6,19.16,0,0
20.8,96.5,38.1,84.4,72.41000000000001,1,1
31.6,65.1,14.1,17.2,32.39,0,0
31.1,36.7,15.5,0.8,17.54,0,0
44.3,43.5,5.0,2.5,19.479999999999997,0,0
28.0,90.7,16.7,61.5,57.95,1,1
23.9,93.7,23.7,32.6,48.28,0,1
18.1,89.7,28.8,30.3,46.6,0,1
22.2,46.7,20.5,6.2,22.810000000000002,0,0
26.2,59.1,11.2,19.3,30.310000000000002,0,0
29.5,67.3,15.7,15.5,32.48,0,0
35.7,35.8,17.3,3.5,19.17,0,0
23.6,53.7,15.3,14.4,27.29,0,0
42.7,31.5,9.3,0.3,15.7,0,0
24.0,84.3,17.7,64.5,57.03,1,0
24.4,48.6,16.4,14.2,25.98,0,0
42.7,42.0,5.2,4.3,19.63,0,0
39.6,28.6,5.6,0.6,13.9,0,0
23.8,82.3,31.9,63.3,58.77,1,0
28.1,49.9,19.3,15.3,27.759999999999998,0,0
22.2,55.8,13.3,5.2,23.7,0,0
25.1,50.6,14.2,16.7,27.21,0,0
27.6,74.1,23.6,34.6,43.55,0,0
16.9,81.3,42.1,94.1,72.14,1,0
24.6,90.9,25.5,39.1,50.47,0,1
24.4,52.3,14.0,8.7,24.41,0,0
31.1,27.4,17.3,4.0,16.39,0,0
29.9,91.7,21.0,32.8,47.82000000000001,0,1
23.2,80.7,17.8,41.9,46.85,0,0
42.9,21.4,8.9,4.8,14.41,0,0
18.4,76.6,29.5,64.1,56.36,1,0
25.2,56.4,13.7,11.1,26.62,0,0
36.8,33.3,10.6,4.1,17.43,0,0
18.2,84.0,36.5,91.8,71.03999999999999,1,0
39.5,20.5,5.9,1.3,11.8,0,0
38.6,41.3,17.1,2.5,20.669999999999998,0,0
31.2,37.8,10.8,3.7,18.099999999999998,0,0
29.5,49.0,13.8,9.4,24.17,0,0
37.8,41.8,17.3,0.2,19.86,0,0
25.6,91.2,22.6,45.2,52.52,0,1
26.2,52.0,21.3,11.1,26.92,0,0
26.6,48.6,24.1,17.6,29.1,0,0
27.6,95.7,41.1,83.1,72.93,1,1
32.0,44.1,17.9,4.7,21.89,0,0
39.1,30.1,9.3,1.1,15.239999999999998,0,0
27.9,97.8,41.0,86.4,74.89,1,1
23.3,45.2,17.7,7.3,22.35,0,0
28.1,83.7,31.4,54.1,55.84,1,0
25.9,59.4,21.6,17.2,31.61,0,0
35.8,30.3,12.0,2.4,16.03,0,0
44.4,23.3,16.4,4.4,16.47,0,0
24.1,78.9,24.0,36.4,45.44,0,0
29.9,83.6,21.6,34.5,46.19,0,0
17.7,96.0,34.6,74.7,67.36999999999999,1,1
26.0,54.4,18.1,11.8,27.26,0,0
31.1,42.4,5.2,4.2,18.549999999999997,0,0
38.0,41.2,17.7,1.6,20.340000000000003,0,0
34.2,27.0,10.6,0.5,13.839999999999998,0,0
29.0,58.7,15.8,6.9,26.43,0,0
25.5,91.3,33.0,72.4,65.5,1,1
39.0,37.1,8.4,1.0,17.11,0,0
24.8,83.9,31.3,73.5,63.31,1,0
29.7,70.1,33.1,36.7,45.3,0,0
21.8,81.2,34.6,83.4,66.82000000000001,1,0
27.8,89.3,17.2,68.9,60.57,1,1
40.9,30.2,9.6,2.1,15.909999999999998,0,0
30.5,56.0,24.4,17.8,31.85,0,0
42.6,39.2,11.3,3.0,19.48,0,0
18.6,96.1,32.1,89.1,72.75,1,1
27.9,68.1,18.1,8.5,30.24,0,0
44.6,26.5,6.9,2.0,14.59,0,0
35.3,22.3,12.8,1.6,13.42,0,0
31.7,41.1,10.6,0.6,17.86,0,0
31.3,48.0,10.0,12.7,24.609999999999996,0,0
15.1,99.8,38.0,77.5,70.05,1,1
25.7,70.3,19.0,34.1,41.1,0,0
20.4,82.0,26.3,42.2,48.78,0,0
31.9,68.4,22.7,17.2,35.129999999999995,0,0
22.8,64.3,24.8,15.4,32.69,0,0
28.1,78.0,21.9,23.2,39.870000000000005,0,0
40.7,27.4,14.4,4.8,17.09,0,0
22.5,86.2,27.2,34.9,47.51,0,1
24.9,91.2,16.4,28.1,44.370000000000005,0,1
25.8,85.9,28.2,49.5,53.79,0,1
24.6,84.4,28.8,34.9,47.5,0,0
15.9,82.7,39.2,91.7,70.92,1,0
44.4,26.0,10.0,1.9,15.0,0,0
42.4,26.2,14.6,0.5,15.219999999999999,0,0
30.6,51.7,13.7,6.6,23.950000000000003,0,0
36.7,33.9,14.4,4.8,18.64,0,0
35.4,31.8,6.9,2.6,15.5,0,0
26.4,96.2,38.5,96.6,77.84,1,1
23.5,91.2,27.4,21.9,43.949999999999996,0,1
42.6,40.6,13.2,4.9,21.040000000000003,0,0
25.0,47.7,13.6,17.1,26.37,0,0
38.0,20.2,13.5,2.2,13.440000000000001,0,0
43.5,27.2,11.2,2.5,15.75,0,0
30.2,45.9,24.4,11.3,26.189999999999998,0,0
27.7,65.7,11.9,13.1,30.1,0,0
35.1,41.4,7.5,2.6,18.470000000000002,0,0
15.2,85.9,33.2,63.8,59.45,1,1
29.9,81.6,17.8,28.9,42.59,0,0
30.9,58.4,22.0,13.0,30.209999999999997,0,0
43.4,30.5,13.8,1.8,16.97,0,0
34.2,23.4,7.6,4.4,13.719999999999999,0,0
22.9,82.1,20.6,58.4,54.39999999999999,1,0
25.2,68.3,12.8,8.9,29.13,0,0
24.6,69.4,18.6,9.4,30.760000000000005,0,0
36.7,22.7,16.7,2.4,14.78,0,0
28.7,80.7,29.1,25.9,43.26,0,0
24.0,89.4,36.4,91.1,72.94,1,1
30.6,21.1,6.9,2.4,11.73,0,0
19.3,85.7,43.6,94.7,74.24000000000001,1,1
40.4,28.5,14.2,1.0,15.829999999999998,0,0
18.4,72.6,17.5,30.7,39.400000000000006,0,0
41.4,39.6,18.0,1.4,20.180000000000003,0,0
44.7,27.0,9.0,0.4,14.530000000000001,0,0
24.5,67.7,11.5,18.4,32.42,0,0
28.2,64.8,22.7,8.6,30.24,0,0
26.7,63.3,16.7,11.9,29.759999999999998,0,0
23.2,84.0,48.6,97.4,76.2,1,0
44.7,35.3,11.9,3.7,18.92,0,0
34.9,31.0,16.1,1.5,16.61,0,0
22.1,86.7,28.9,69.1,61.64000000000001,1,1
25.9,89.2,18.2,68.2,60.27000000000001,1,1
22.3,78.0,33.5,40.2,48.410000000000004,0,0
27.6,90.8,21.4,68.1,61.519999999999996,1,1
35.7,32.7,16.6,2.8,17.82,0,0
23.7,71.4,28.6,43.4,46.87,0,0
27.2,47.1,20.9,14.6,26.869999999999997,0,0
24.3,84.4,29.6,44.0,51.27,0,0
35.1,26.5,9.3,3.8,14.839999999999998,0,0
28.3,60.5,21.7,12.5,30.32,0,0
43.3,25.0,8.3,4.9,15.450000000000001,0,0
34.6,44.5,11.5,0.0,19.11,0,0
45.0,32.0,8.2,3.0,16.94,0,0
16.3,91.9,40.0,73.7,66.68,1,1
28.5,56.8,24.6,14.3,30.53,0,0
27.2,46.9,16.7,8.9,23.689999999999998,0,0
23.6,75.8,20.1,46.6,47.76,0,0
26.4,84.3,23.6,45.3,50.769999999999996,0,0
20.1,79.7,19.5,32.4,42.78,0,0
35.5,35.5,9.8,0.9,16.52,0,0
32.6,40.8,14.0,1.0,18.7,0,0
38.1,37.5,16.0,0.3,18.380000000000003,0,0
28.1,85.6,33.4,51.3,55.69,1,1
31.2,46.9,23.3,11.7,26.53,0,0
21.0,78.1,17.4,52.6,50.05,1,0
21.8,87.9,22.9,40.0,49.13,0,1
29.9,64.2,10.2,5.4,26.450000000000003,0,0
30.3,64.3,17.1,13.7,31.220000000000002,0,0
23.6,86.6,32.0,69.5,62.54,1,1
24.5,57.3,19.9,5.9,25.979999999999997,0,0
34.0,30.2,5.9,3.0,14.839999999999998,0,0
36.0,27.4,9.5,4.9,15.68,0,0
18.3,93.6,48.6,75.9,69.99,1,1
42.4,28.4,8.9,4.7,16.42,0,0
23.7,75.4,32.7,48.2,50.81,0,0
24.4,78.1,23.0,58.0,53.669999999999995,1,0
24.9,60.0,17.4,16.1,30.410000000000004,0,0
24.8,98.3,36.3,61.4,63.78999999999999,1,1
37.8,30.8,15.2,2.1,16.900000000000002,0,0
23.3,86.3,28.8,40.5,50.17999999999999,0,1
15.7,80.1,32.4,65.0,58.080000000000005,1,0
22.5,52.6,14.2,11.7,25.55,0,0
16.7,83.8,40.9,93.0,72.19000000000001,1,0
28.1,72.5,25.4,53.2,50.92,1,0
28.0,71.6,19.5,28.3,39.49999999999999,0,0
26.5,58.3,19.3,6.1,26.439999999999998,0,0
22.2,83.9,36.4,84.3,68.39,1,0
20.6,86.4,42.7,77.9,67.68,1,1
24.7,45.5,12.5,17.9,25.78,0,0
20.8,83.3,16.4,35.7,44.629999999999995,0,0
24.0,55.6,19.3,7.2,25.82,0,0
22.7,85.5,32.4,35.5,48.6,0,1
31.0,20.7,14.0,1.1,12.55,0,0
26.9,94.9,23.1,50.9,56.13999999999999,1,1
38.2,42.5,6.5,4.4,19.630000000000003,0,0
26.6,80.2,40.6,75.0,64.84,1,0
45.0,41.4,17.1,0.6,20.580000000000002,0,0
17.1,97.2,38.0,83.5,71.86999999999999,1,1
24.3,64.3,13.7,9.1,28.1,0,0
28.1,51.7,15.8,11.5,26.08,0,0
19.0,86.1,42.9,91.6,72.95,1,1
27.4,86.6,25.5,62.4,58.78,1,1
29.8,83.8,31.1,57.1,57.18000000000001,1,0
24.3,51.1,14.1,13.7,26.060000000000002,0,0
26.4,54.6,16.0,14.2,27.9,0,0
29.9,45.7,12.5,5.2,21.28,0,0
37.1,33.7,8.4,4.4,17.26,0,0
41.7,22.7,17.9,4.5,16.36,0,0
36.8,36.8,14.7,4.7,19.54,0,0
29.6,54.5,21.3,17.5,30.57,0,0
24.0,62.3,15.4,10.6,28.409999999999997,0,0
42.0,35.7,5.4,1.2,16.470000000000002,0,0
26.5,73.9,20.1,20.6,37.080000000000005,0,0
29.1,48.4,15.6,9.4,24.310000000000002,0,0
28.2,57.8,21.6,15.0,30.48,0,0
24.9,80.4,25.7,50.2,51.830000000000005,1,0
24.9,92.7,26.9,35.0,49.68000000000001,0,1
42.0,32.0,6.0,3.7,16.48,0,0
42.7,21.2,6.0,4.0,13.43,0,0
23.7,68.3,18.4,14.0,32.14,0,0
26.9,88.3,46.4,88.2,73.74,1,1
38.4,23.9,13.3,2.3,14.59,0,0
24.9,51.9,24.2,11.6,27.54,0,0
22.4,75.4,33.6,32.1,44.42,0,0
20.9,90.5,32.9,25.4,45.980000000000004,0,1
22.0,82.2,17.4,24.0,39.940000000000005,0,0
22.0,48.2,10.7,8.7,22.28,0,0
20.5,93.0,21.4,42.1,51.06999999999999,0,1
35.0,21.2,8.3,1.0,11.92,0,0
25.7,56.8,16.5,10.4,27.07,0,0
21.7,87.6,32.4,44.7,52.81,0,1
41.4,28.2,11.2,3.2,16.119999999999997,0,0
28.0,69.7,12.1,5.2,28.210000000000004,0,0
34.9,25.4,13.2,4.1,15.39,0,0
19.8,86.6,31.0,55.1,56.199999999999996,1,1
21.8,77.7,23.4,64.3,55.89,1,0
28.9,52.4,21.0,13.9,28.37,0,0
20.2,82.9,31.4,68.4,60.53000000000001,1,0
42.6,37.8,17.2,1.3,19.56,0,0
36.1,31.3,14.7,1.2,16.42,0,0
28.9,62.4,19.8,18.9,33.129999999999995,0,0
28.2,51.9,16.4,8.5,25.07,0,0
21.1,90.6,26.1,62.2,59.39,1,1
22.3,47.0,15.1,16.0,25.75,0,0
17.0,89.8,49.2,65.2,64.56,1,1
22.9,84.1,19.4,31.2,43.879999999999995,0,0
20.4,82.6,48.5,93.7,74.00000000000001,1,0
29.2,70.9,33.1,39.3,46.53,0,0
41.4,27.4,13.4,0.9,15.399999999999999,0,0
20.7,78.9,15.6,49.1,48.5,0,0
22.1,81.4,23.6,65.9,57.71,1,0
41.5,34.9,15.3,2.8,18.799999999999997,0,0
24.2,84.6,29.3,40.9,50.019999999999996,0,0
25.3,75.5,31.6,32.6,44.54,0,0
31.4,67.9,13.1,10.5,30.330000000000002,0,0
44.8,29.1,6.0,0.2,14.490000000000002,0,0
32.4,24.3,10.0,3.2,13.81,0,0
22.8,95.3,36.8,88.4,73.59,1,1
28.3,71.6,24.0,25.6,39.349999999999994,0,0
27.4,89.4,20.2,37.3,48.52,0,1
25.5,81.8,34.0,99.9,73.85,1,0
26.7,96.5,40.3,63.5,65.08,1,1
30.6,44.5,15.4,3.1,20.730000000000004,0,0
44.5,43.9,6.4,3.7,20.38,0,0
23.9,85.6,39.9,88.5,71.45,1,1
34.5,33.3,11.5,0.8,16.06,0,0
20.7,88.6,18.4,56.8,55.05,1,1
40.3,36.6,14.4,1.4,18.450000000000003,0,0
31.1,50.6,22.7,5.7,25.11,0,0
37.4,24.2,8.8,2.3,13.68,0,0
15.8,92.7,39.4,77.8,68.39,1,1
44.7,31.3,9.1,1.4,16.240000000000002,0,0
25.2,75.6,18.8,47.8,48.08,0,0
40.3,20.9,13.9,0.3,13.2,0,0
29.2,58.8,19.4,14.7,30.319999999999993,0,0
29.6,45.9,19.9,10.0,24.71,0,0
39.4,29.8,17.1,2.7,17.38,0,0
19.2,85.2,18.8,39.6,47.08,0,1
26.9,87.7,31.9,67.5,62.38,1,1
20.2,70.4,34.6,47.7,49.14000000000001,0,0
27.6,72.8,27.0,52.8,51.12,1,0
30.9,58.3,22.2,17.5,32.019999999999996,0,0
19.3,79.5,34.8,64.3,58.459999999999994,1,0
29.0,68.8,18.8,10.7,31.58,0,0
34.2,20.4,17.4,3.0,14.219999999999999,0,0
15.9,96.7,30.3,66.7,63.34,1,1
19.5,86.4,38.9,75.2,65.73,1,1
43.5,33.5,16.0,2.9,18.76,0,0
28.9,85.5,34.4,58.3,58.74,1,1
18.9,81.2,43.3,95.8,73.23,1,0
19.8,93.3,43.2,86.5,73.21000000000001,1,1
33.3,38.4,14.8,4.4,19.57,0,0
43.0,33.9,9.9,0.8,16.77,0,0
30.4,52.8,12.3,6.4,23.9,0,0
22.8,47.6,13.9,7.5,22.340000000000003,0,0
18.4,81.3,32.8,27.6,43.83,0,0
30.1,50.3,14.2,11.0,25.34,0,0
40.6,24.5,17.3,2.8,15.99,0,0
21.0,95.5,32.0,96.7,75.83000000000001,1,1
18.7,96.8,38.1,95.8,76.85000000000001,1,1
30.8,69.8,19.4,7.8,31.019999999999996,0,0
41.8,20.2,5.5,3.9,12.899999999999999,0,0
18.0,79.7,21.2,52.4,50.910000000000004,1,0
34.7,26.6,15.3,1.9,15.270000000000001,0,0
37.9,43.2,13.7,2.8,20.61,0,0
27.2,59.1,20.3,9.1,28.15,0,0
28.6,68.7,24.0,6.0,30.669999999999998,0,0
43.7,36.5,8.6,4.1,18.68,0,0
28.8,81.7,21.3,66.4,58.21000000000001,1,0
27.0,89.0,40.4,97.5,76.48,1,1
35.7,23.8,9.4,2.1,13.43,0,0
35.4,30.0,9.5,3.9,16.0,0,0
29.2,55.8,24.2,7.4,27.46,0,0
33.0,32.8,18.0,1.9,17.499999999999996,0,0
41.9,34.6,5.6,2.3,16.61,0,0
34.6,25.4,15.1,4.4,15.86,0,0
30.8,54.3,18.7,19.6,30.949999999999996,0,0
43.1,28.1,16.6,0.3,16.18,0,0
25.9,88.6,41.4,67.7,64.53,1,1
19.7,93.5,43.8,75.8,69.10000000000001,1,1
19.2,80.8,31.2,72.3,61.32,1,0
30.0,55.1,16.6,18.5,30.25,0,0
26.8,62.3,21.1,19.9,33.55,0,0
39.5,27.5,8.2,1.1,14.280000000000001,0,0
30.6,57.3,10.4,6.0,24.729999999999997,0,0
43.3,42.1,14.3,3.3,21.14,0,0
41.9,24.5,6.8,3.1,14.14,0,0
27.9,59.4,23.3,14.4,31.03,0,0
22.3,58.7,14.4,16.0,29.119999999999997,0,0
27.0,85.3,43.7,72.3,65.95,1,1
23.2,66.3,16.8,18.5,32.97,0,0
34.8,41.7,6.5,3.6,18.73,0,0
30.1,24.2,9.6,0.2,12.27,0,0
25.1,50.7,10.2,7.8,22.880000000000003,0,0
34.3,21.8,17.0,4.8,15.290000000000001,0,0
23.3,94.9,32.8,53.2,58.64,1,1
25.1,67.4,13.3,15.5,31.590000000000003,0,0
27.1,78.4,27.5,37.9,46.89,0,0
18.4,71.8,22.4,35.2,41.94,0,0
40.6,27.4,16.1,2.4,16.46,0,0
27.7,75.4,28.3,49.8,50.970000000000006,0,0
19.5,97.3,49.5,77.7,72.12,1,1
18.9,73.8,27.6,44.9,47.51,0,0
22.2,79.8,32.4,33.2,45.92,0,0
34.9,40.2,7.1,0.4,17.130000000000003,0,0
25.8,45.7,13.6,5.1,21.049999999999997,0,0
22.9,89.1,47.4,67.7,65.58000000000001,1,1
22.3,60.3,11.5,17.0,29.42,0,0
18.3,70.0,33.5,69.1,57.17,1,0
41.0,43.2,17.0,0.9,20.82,0,0
26.7,49.8,11.4,6.3,22.409999999999997,0,0
24.5,94.5,17.8,42.0,51.160000000000004,0,1
39.8,21.2,6.1,3.2,12.84,0,0
36.7,38.3,7.0,0.3,16.68,0,0
25.8,86.8,35.0,75.6,65.86,1,1
29.4,84.4,17.3,58.2,55.0,1,0
32.0,27.6,10.3,2.7,14.620000000000001,0,0
20.8,95.4,47.7,85.1,74.28,1,1
29.2,63.8,20.7,13.7,31.68,0,0
38.5,35.3,13.4,0.9,17.479999999999997,0,0
39.2,27.9,5.8,0.9,13.809999999999999,0,0
27.2,88.2,20.2,30.6,45.46,0,1
40.0,21.0,10.3,3.8,13.88,0,0
44.3,26.5,14.8,4.9,17.3,0,0
25.2,90.4,35.1,87.4,71.61999999999999,1,1
31.8,61.5,22.7,19.9,34.13,0,0
27.0,72.6,26.9,50.4,50.02,1,0
36.7,32.2,8.5,2.0,15.83,0,0
16.1,89.7,31.4,90.4,70.96000000000001,1,1
34.2,29.5,9.9,0.0,14.25,0,0
36.8,42.4,13.6,0.4,19.28,0,0
23.4,61.4,16.3,7.2,26.9,0,0
18.1,77.2,25.8,50.4,50.290000000000006,1,0
18.1,89.7,21.8,27.9,44.24,0,1
31.2,60.8,22.6,8.0,29.08,0,0
30.9,39.7,6.5,3.3,17.62,0,0
30.5,51.8,18.5,9.7,26.169999999999998,0,0
38.7,40.9,13.2,0.1,18.82,0,0
22.5,61.1,19.8,5.0,26.54,0,0
38.1,21.6,12.4,1.7,13.450000000000001,0,0
29.3,87.0,18.3,55.9,55.04999999999999,1,1
18.2,83.4,28.7,26.1,43.02,0,0
20.2,95.4,43.5,62.9,64.5,1,1
24.5,94.0,17.9,53.9,55.790000000000006,1,1
25.5,65.3,19.6,11.3,30.580000000000002,0,0
31.1,44.9,7.5,0.4,18.24,0,0
31.8,60.4,22.5,17.8,32.92,0,0
36.3,41.9,7.2,0.8,17.959999999999997,0,0
28.9,68.5,11.9,18.0,33.019999999999996,0,0
23.0,84.3,16.3,62.1,55.69,1,0
41.5,39.9,14.6,2.8,20.159999999999997,0,0
24.7,87.6,45.2,98.2,77.07000000000001,1,1
19.1,80.2,17.9,67.3,56.47,1,0
24.6,54.7,13.5,7.0,24.37,0,0
28.9,80.1,24.9,65.7,58.18000000000001,1,0
20.6,80.2,35.2,80.4,65.32,1,0
22.1,70.9,22.7,62.4,52.980000000000004,1,0
24.2,47.5,13.4,7.6,22.39,0,0
24.7,71.3,31.9,31.3,42.76,0,0
24.0,94.5,22.8,20.3,43.43,0,1
18.5,75.5,15.1,31.2,40.0,0,0
37.0,35.7,7.8,2.5,16.970000000000002,0,0
25.9,81.6,23.8,30.7,44.11,0,0
18.4,92.6,30.7,61.1,60.2,1,1
38.5,27.6,10.6,4.6,16.09,0,0
31.7,31.6,9.2,2.5,15.49,0,0
31.5,47.3,20.3,6.5,24.0,0,0
34.1,43.5,7.7,4.6,19.84,0,0
26.3,84.6,19.9,51.7,52.67,1,0
31.3,22.3,5.8,1.1,11.420000000000002,0,0
43.6,33.1,7.1,0.0,15.71,0,0
42.1,40.3,6.4,1.9,18.34,0,0
39.5,23.6,7.2,4.0,14.07,0,0
23.7,81.6,27.0,55.7,54.529999999999994,1,0
22.3,45.3,10.4,15.0,23.899999999999995,0,0
24.4,82.4,21.5,57.4,54.42,1,0
18.9,94.3,34.1,62.8,62.12,1,1
19.0,86.5,15.1,66.0,57.27,1,1
23.8,72.9,32.9,56.1,53.27,1,0
24.4,54.6,13.9,16.3,28.12,0,0
20.6,83.2,32.5,64.9,59.480000000000004,1,0
22.5,58.0,20.6,13.7,29.25,0,0
25.1,45.2,23.3,10.3,24.85,0,0
18.9,86.6,27.8,60.9,57.79,1,1
16.8,99.2,45.9,69.0,68.22,1,1
18.8,87.9,40.8,71.8,65.13,1,1
38.4,21.6,14.0,1.1,13.56,0,0
23.9,47.5,19.1,10.7,24.740000000000002,0,0
28.4,79.4,19.4,43.5,47.94,0,0
27.9,46.8,12.1,17.3,26.17,0,0
15.8,81.9,32.9,73.8,62.25,1,0
31.7,56.1,13.8,16.5,29.36,0,0
38.8,37.6,10.1,2.8,18.299999999999997,0,0
28.9,65.1,15.0,13.1,30.659999999999997,0,0
28.0,66.1,19.9,7.0,29.41,0,0
31.8,39.1,11.6,0.8,17.55,0,0
20.9,87.6,32.8,42.2,51.81,0,1
22.2,87.8,27.7,28.3,45.419999999999995,0,1
22.9,59.9,11.4,14.7,28.419999999999998,0,0
26.4,93.6,48.0,78.0,71.52,1,1
22.2,56.2,14.4,8.1,25.2,0,0
22.6,65.8,11.2,18.0,31.439999999999998,0,0
21.9,84.5,17.4,30.3,43.13999999999999,0,0
29.7,55.0,23.3,5.7,26.41,0,0
29.4,50.4,21.9,9.3,26.16,0,0
35.7,39.0,5.0,4.6,18.11,0,0
22.6,68.0,22.6,6.2,29.66,0,0
18.0,86.0,23.3,63.0,57.459999999999994,1,1
28.8,82.8,22.9,59.0,55.9,1,0
30.8,61.4,13.1,17.6,31.160000000000004,0,0
21.7,88.0,21.8,67.1,59.769999999999996,1,1
18.6,97.9,45.5,82.9,73.49,1,1
22.0,61.7,13.5,8.4,26.77,0,0
30.2,54.9,23.7,8.9,27.790000000000003,0,0
39.0,32.9,8.0,0.8,15.69,0,0
24.9,57.7,18.2,18.6,30.880000000000003,0,0
38.9,24.6,6.2,2.0,13.31,0,0
22.3,52.7,10.2,18.7,27.56,0,0
19.2,75.5,34.8,48.5,50.93,0,0
18.3,95.1,31.3,62.5,61.62,1,1
23.4,94.6,31.1,69.5,64.74,1,1
33.0,32.9,12.3,3.8,17.15,0,0
26.4,68.1,14.6,6.9,28.75,0,0
43.1,43.8,10.2,0.0,19.490000000000002,0,0
24.4,91.6,31.1,52.3,57.059999999999995,1,1
25.0,94.3,33.0,20.9,45.75,0,1
21.5,90.6,41.3,82.1,70.43,1,1
30.8,39.1,10.5,4.6,18.75,0,0
43.4,32.1,12.5,3.7,17.950000000000003,0,0
18.1,89.0,24.4,61.8,58.11000000000001,1,1
19.2,80.2,29.8,25.1,41.980000000000004,0,0
20.1,99.4,33.4,97.8,77.63000000000001,1,1
27.7,92.8,29.3,65.4,62.63,1,1
38.9,21.1,11.3,3.3,13.8,0,0
15.6,95.7,47.3,80.9,72.09,1,1
24.4,78.8,30.9,66.7,58.94,1,0
34.1,34.0,9.0,2.2,16.29,0,0
41.4,37.9,8.5,4.2,18.89,0,0
34.1,35.3,11.7,1.1,16.779999999999998,0,0
20.9,85.6,32.7,26.9,45.06999999999999,0,1
26.7,93.1,27.7,66.5,62.74,1,1
25.4,87.1,32.9,94.2,72.93,1,1
19.7,73.4,27.2,36.9,44.19,0,0
32.4,22.8,10.6,3.4,13.56,0,0
18.9,84.9,38.1,60.6,59.22000000000001,1,0
42.8,36.7,15.9,1.5,19.07,0,0
41.5,37.4,5.1,2.3,17.31,0,0
31.3,41.8,9.8,3.6,19.07,0,0
18.3,85.6,42.8,91.4,72.63,1,1
23.9,93.1,33.8,68.5,64.47999999999999,1,1
31.1,26.3,12.1,0.5,13.620000000000001,0,0
26.3,88.3,41.3,97.4,76.34,1,1
23.9,83.0,26.7,55.7,54.91,1,0
23.1,59.4,16.6,10.6,27.69,0,0
40.5,22.4,8.8,1.4,13.09,0,0
27.2,51.7,16.0,14.8,27.349999999999998,0,0
23.4,72.9,33.2,33.0,44.05,0,0
38.0,40.3,7.8,4.6,19.29,0,0
19.8,92.1,15.5,38.1,47.95,0,1
30.4,50.6,13.6,12.0,25.74,0,0
19.4,78.6,22.3,39.1,45.62,0,0
25.8,63.5,11.3,15.3,30.010000000000005,0,0
37.0,28.7,8.8,2.6,15.11,0,0
23.0,54.1,18.3,16.0,28.590000000000003,0,0
23.4,93.3,40.8,62.3,63.41,1,1
37.7,23.4,9.5,0.9,13.05,0,0
23.7,94.4,36.6,86.6,72.65,1,1
41.4,29.7,17.5,1.2,17.03,0,0
28.4,83.4,24.0,46.2,51.14,0,0
23.8,73.5,22.2,60.9,53.23,1,0
18.2,79.4,27.0,55.5,53.24,1,0
22.8,83.1,28.5,35.4,47.07,0,0
22.5,84.5,28.5,68.2,60.58,1,0
20.9,83.6,31.9,37.2,48.43000000000001,0,0
15.5,85.6,37.7,97.7,73.85000000000001,1,1
37.9,28.4,15.2,2.1,16.189999999999998,0,0
24.9,90.7,33.2,79.1,67.98,1,1
41.3,30.7,12.3,3.2,17.08,0,0
24.4,83.8,21.6,36.3,46.419999999999995,0,0
31.8,61.2,19.7,9.2,29.16,0,0
16.3,90.1,34.6,83.0,68.78,1,1
18.9,86.7,27.3,36.2,47.84,0,1
25.6,84.8,38.4,77.3,66.6,1,0
31.7,61.5,15.7,9.6,28.6,0,0
32.7,23.6,5.4,4.0,13.030000000000001,0,0
28.4,52.8,18.6,7.5,25.399999999999995,0,0
31.3,43.2,9.2,0.9,18.29,0,0
27.6,78.5,17.7,45.4,48.01,0,0
27.2,81.9,28.6,25.8,43.33,0,0
24.5,70.3,19.0,54.5,49.14,1,0
31.0,27.8,10.9,5.0,15.62,0,0
25.7,97.1,39.4,93.8,77.1,1,1
37.6,26.4,16.0,3.9,16.44,0,0
16.9,83.8,47.1,82.6,69.28999999999999,1,0
22.1,57.5,21.2,14.4,29.46,0,0
23.0,64.1,12.7,5.1,26.109999999999996,0,0
21.2,85.2,41.1,74.2,65.58,1,1
25.2,87.5,22.6,59.4,57.05000000000001,1,1
24.7,62.7,24.5,16.0,32.58,0,0
27.3,89.8,30.9,87.1,70.69,1,1
23.4,56.0,14.7,19.0,29.680000000000003,0,0
35.5,35.7,16.0,2.8,18.580000000000002,0,0
18.1,94.8,15.5,29.2,45.03,0,1
28.1,55.8,22.8,18.8,31.630000000000003,0,0
23.4,97.9,32.7,98.9,77.81000000000002,1,1
17.9,97.2,33.7,80.8,70.01,1,1
30.2,39.7,9.5,3.7,18.310000000000002,0,0
29.5,87.6,24.6,37.1,48.99,0,1
22.2,47.6,16.2,19.4,27.5,0,0
38.6,35.4,9.7,0.5,16.619999999999997,0,0
24.1,67.2,17.5,9.3,29.790000000000003,0,0
18.1,77.5,19.2,26.9,39.66,0,0
21.8,83.4,22.8,63.0,56.96,1,0
31.2,23.4,10.7,1.6,12.920000000000002,0,0
39.7,28.7,12.7,3.1,16.36,0,0
31.0,55.8,22.6,12.6,29.4,0,0
22.1,48.4,22.2,19.5,28.970000000000002,0,0
28.9,74.7,18.3,42.6,46.0,0,0
38.8,25.2,9.0,0.2,13.32,0,0
21.9,83.2,17.1,62.9,55.730000000000004,1,0
37.7,42.1,5.7,3.1,18.78,0,0
40.2,24.3,7.8,0.9,13.23,0,0
26.0,94.6,22.9,50.1,55.6,1,1
29.5,79.2,27.2,39.3,47.870000000000005,0,0
23.4,65.7,19.2,7.8,29.01,0,0
42.5,44.3,16.8,2.9,22.06,0,0
26.6,92.1,33.6,81.2,69.49,1,1
19.3,79.4,23.9,66.3,57.050000000000004,1,0
24.2,72.1,29.9,38.5,45.43000000000001,0,0
25.3,88.8,33.3,52.3,56.75,1,1
28.9,77.0,28.8,64.8,57.669999999999995,1,0
40.0,36.4,17.7,4.4,20.22,0,0
23.8,57.7,18.3,11.8,28.07,0,0
41.3,25.8,12.8,3.3,15.75,0,0
31.8,24.7,8.3,4.0,13.85,0,0
22.2,68.6,17.6,19.5,34.12,0,0
25.9,77.5,28.2,38.7,46.96000000000001,0,0
35.0,25.2,17.0,4.3,16.18,0,0
24.4,76.3,26.2,42.7,47.65,0,0
44.0,23.7,13.5,1.6,14.85,0,0
21.9,87.3,23.0,61.0,57.38,1,1
15.9,97.8,40.0,94.7,76.81,1,1
42.4,27.9,17.0,3.9,17.57,0,0
25.2,92.5,40.5,76.8,69.08999999999999,1,1
28.7,53.3,11.8,14.3,26.94,0,0
29.2,79.9,21.2,69.4,58.89000000000001,1,0
25.9,85.7,39.2,72.4,65.10000000000001,1,1
27.9,72.4,26.4,40.1,45.830000000000005,0,0
29.6,76.3,18.9,25.6,39.87,0,0
16.8,96.4,46.8,66.8,66.68,1,1
23.6,92.2,40.7,94.7,76.04,1,1
16.0,97.1,47.3,79.4,71.94999999999999,1,1
29.5,82.6,16.5,52.6,52.07,1,0
27.4,91.3,31.1,62.4,61.309999999999995,1,1
27.6,64.2,21.5,16.4,32.88,0,0
29.6,63.5,18.8,9.2,29.450000000000003,0,0
32.8,27.7,14.0,0.9,14.749999999999998,0,0
27.8,52.8,21.4,12.5,27.9,0,0
38.0,21.1,8.9,4.4,13.670000000000002,0,0
29.2,70.0,15.4,64.8,52.92,1,0
17.1,86.4,35.4,76.4,65.27,1,1
30.0,64.3,23.0,9.4,30.650000000000002,0,0
27.1,47.1,15.6,16.3,26.480000000000004,0,0
38.0,31.0,15.2,3.3,17.46,0,0
25.2,83.8,45.2,68.9,64.26,1,0
27.5,52.4,21.2,12.4,27.67,0,0
19.1,71.6,31.5,59.1,53.33,1,0
42.6,23.5,5.6,0.3,12.55,0,0
28.1,79.5,22.0,51.6,51.699999999999996,1,0
22.0,83.7,28.7,66.9,59.81000000000001,1,0
40.9,35.8,10.6,1.4,17.509999999999998,0,0
19.2,87.4,45.3,77.2,68.08000000000001,1,1
23.2,60.3,14.3,18.9,30.83,0,0
30.5,52.0,18.0,18.7,29.73,0,0
23.7,76.8,23.7,21.2,38.629999999999995,0,0
25.5,76.0,31.1,47.3,50.489999999999995,0,0
39.1,29.6,8.2,1.3,14.950000000000001,0,0
30.1,69.5,18.9,7.1,30.48,0,0
27.7,93.6,29.2,60.0,60.690000000000005,1,1
16.3,96.7,37.3,67.0,64.9,1,1
38.9,42.3,6.3,0.5,18.04,0,0
32.1,22.7,13.5,1.5,13.32,0,0
28.1,48.2,11.1,19.9,27.450000000000003,0,0
27.3,88.2,33.9,51.6,56.61,1,1
37.5,36.6,7.5,3.0,17.43,0,0
19.0,75.5,22.4,30.0,41.029999999999994,0,0
27.4,87.2,35.6,68.9,63.580000000000005,1,1
24.4,94.7,34.1,65.3,63.79,1,1
40.8,35.0,7.4,3.6,17.5,0,0
25.7,70.2,29.6,30.9,41.910000000000004,0,0
30.6,69.2,13.7,14.3,32.28000000000001,0,0
20.6,80.3,27.0,46.2,50.03,0,0
17.4,95.2,44.4,97.3,78.1,1,1
17.4,81.3,35.4,61.9,57.97,1,0
31.0,46.6,20.0,6.9,23.840000000000003,0,0
22.1,76.4,29.2,25.7,41.25000000000001,0,0
19.1,84.0,33.4,53.1,55.03,1,0
44.2,23.8,7.4,4.6,14.880000000000003,0,0
15.7,99.6,38.1,69.5,66.86999999999999,1,1
22.4,48.8,11.1,8.4,22.459999999999997,0,0
33.9,40.2,15.0,0.5,18.65,0,0
26.2,84.1,23.7,58.6,56.03,1,0
18.3,71.1,27.8,48.8,48.239999999999995,0,0
25.3,84.0,35.0,78.5,66.13,1,0
41.7,21.5,12.6,3.9,14.7,0,0
31.5,46.3,10.0,10.9,23.4,0,0
28.2,86.5,21.0,45.9,51.330000000000005,0,1
18.0,87.8,19.4,49.1,51.660000000000004,0,1
23.2,55.7,13.2,14.1,27.310000000000002,0,0
33.5,39.2,15.8,5.0,20.270000000000003,0,0
42.9,32.4,13.8,0.1,16.81,0,0
34.2,24.1,9.0,4.3,14.170000000000002,0,0
35.2,39.6,7.8,1.8,17.680000000000003,0,0
23.5,54.7,21.3,5.5,25.220000000000002,0,0
24.7,46.9,13.0,16.7,25.82,0,0
25.6,68.5,16.5,15.2,32.49,0,0
39.6,25.4,6.0,3.5,14.18,0,0
31.1,61.5,17.7,5.4,27.259999999999998,0,0
16.1,88.4,30.6,68.7,61.730000000000004,1,1
42.7,38.6,9.8,4.8,19.73,0,0
26.9,92.7,49.8,92.1,77.29999999999998,1,1
21.3,74.8,30.9,54.3,52.47,1,0
26.4,92.3,22.8,68.7,62.370000000000005,1,1
41.3,36.1,17.8,0.9,18.88,0,0
15.6,93.9,33.8,70.4,64.65,1,1
32.3,23.8,7.7,0.6,12.15,0,0
31.0,68.4,14.8,10.4,30.740000000000002,0,0
25.7,69.9,10.1,19.2,33.24,0,0
28.7,56.2,15.2,10.5,26.97,0,0
17.9,96.7,30.3,68.2,64.14,1,1
28.7,53.5,23.8,15.1,29.720000000000002,0,0
29.9,84.8,19.1,28.9,43.81,0,0
23.2,66.0,10.9,18.2,31.580000000000002,0,0
42.5,23.0,17.5,2.3,15.57,0,0
38.9,30.1,8.8,2.3,15.6,0,0
26.9,81.3,15.5,22.6,39.22,0,0
27.0,73.7,16.0,51.3,48.53,1,0
26.7,50.3,18.9,6.4,24.1,0,0
22.5,86.2,36.8,90.4,71.63,1,1
31.8,56.0,16.1,17.1,30.04,0,0
21.4,99.2,46.9,60.8,65.6,1,1
18.7,88.9,32.5,26.3,45.56,0,1
18.5,72.7,30.9,45.7,48.120000000000005,0,0
24.6,81.4,29.1,27.9,43.86,0,0
23.1,47.2,23.2,18.6,28.55,0,0
37.6,38.7,8.4,3.0,18.250000000000004,0,0
21.1,97.1,36.1,65.8,64.78,1,1
37.0,43.0,6.6,0.1,17.96,0,0
33.9,30.5,14.1,4.2,17.04,0,0
22.4,86.3,24.8,59.3,56.81,1,1
26.1,86.1,49.9,67.0,65.22,1,1
37.1,29.6,7.0,4.7,15.870000000000003,0,0
26.1,53.2,24.4,14.4,29.21,0,0
36.0,20.7,11.3,2.8,13.19,0,0
25.1,71.6,23.9,25.7,39.05,0,0
29.4,71.1,22.5,36.8,43.489999999999995,0,0
41.9,39.0,16.2,4.8,21.05,0,0
31.7,56.0,11.0,7.6,25.21,0,0
25.4,89.1,28.7,30.2,47.089999999999996,0,1
18.2,88.6,17.4,32.1,44.72,0,1
22.3,90.4,17.0,31.2,45.23,0,1
28.1,68.1,18.2,6.3,29.4,0,0
27.3,95.0,35.0,82.3,71.15,1,1
24.7,58.6,10.6,11.4,26.73,0,0
22.0,94.0,16.7,48.4,53.10000000000001,0,1
23.0,78.9,31.3,58.6,55.669999999999995,1,0
19.3,93.2,49.2,100.0,79.73000000000002,1,1
30.6,31.6,15.1,2.5,16.560000000000002,0,0
44.5,21.0,12.1,2.4,14.129999999999999,0,0
20.7,80.0,32.8,96.1,71.07,1,0
16.4,86.5,46.9,85.0,70.97,1,1
22.0,82.4,24.8,43.1,49.12000000000001,0,0
18.4,88.8,39.8,97.1,75.28,1,1
31.4,50.9,23.1,19.2,30.71,0,0
22.5,74.1,18.3,42.6,45.17999999999999,0,0
21.5,99.1,40.7,80.7,72.30000000000001,1,1
28.9,78.5,27.9,45.6,50.260000000000005,0,0
31.5,58.9,24.9,17.6,32.84,0,0
31.4,35.0,11.8,3.6,17.44,0,0
24.0,82.0,29.4,21.0,41.28,0,0
24.2,79.9,20.3,44.9,48.41000000000001,0,0
22.7,94.8,19.4,20.8,42.910000000000004,0,1
28.3,61.4,19.3,13.7,30.589999999999996,0,0
36.8,34.5,17.1,0.5,17.65,0,0
18.7,78.3,21.8,37.8,44.839999999999996,0,0
26.0,74.2,31.2,30.8,43.42,0,0
26.0,88.4,23.5,26.1,44.260000000000005,0,1
41.8,26.6,5.2,4.0,14.8,0,0
31.4,44.0,15.9,2.9,20.68,0,0
31.5,21.6,16.4,2.7,13.99,0,0
43.1,20.8,5.7,1.4,12.25,0,0
38.3,43.2,13.4,3.2,20.75,0,0
19.3,94.1,43.3,93.7,76.30000000000001,1,1
22.1,48.5,23.9,15.6,27.78,0,0
24.0,52.3,15.9,9.2,24.949999999999996,0,0
31.6,62.2,12.2,11.0,28.660000000000004,0,0
25.2,57.5,19.2,17.6,30.65,0,0
25.5,85.9,37.9,62.6,60.94,1,1
35.5,25.1,5.6,2.0,13.0,0,0
25.5,66.1,12.2,12.7,29.9,0,0
43.3,38.4,5.5,0.9,17.31,0,0
31.3,34.5,6.3,4.5,16.54,0,0
23.5,87.0,32.5,27.4,45.910000000000004,0,1
24.2,72.1,33.6,45.4,48.93,0,0
27.3,48.5,17.4,11.3,25.28,0,0
38.4,35.2,12.3,0.8,17.18,0,0
25.5,68.6,23.8,14.7,33.769999999999996,0,0
29.0,91.5,33.7,60.2,61.17,1,1
27.2,73.3,20.2,59.5,52.55,1,0
24.5,80.4,28.8,66.3,58.85,1,0
25.7,50.2,21.8,11.4,26.55,0,0
24.3,48.2,14.0,18.2,26.970000000000002,0,0
27.7,81.6,30.6,69.1,61.01,1,0
40.4,34.7,17.8,1.9,18.77,0,0
30.9,44.9,13.1,0.2,19.259999999999998,0,0
20.9,84.3,45.5,77.3,67.4,1,0
22.3,96.3,31.7,86.4,72.02000000000001,1,1
19.4,84.7,40.7,92.3,72.41,1,0
22.3,61.2,15.0,10.2,27.669999999999998,0,0
18.4,80.4,37.1,80.1,65.42,1,0
24.3,90.7,38.8,76.8,68.12,1,1
16.5,98.2,49.5,61.5,65.61,1,1
16.7,85.3,37.2,90.6,70.94,1,1
17.7,82.2,41.0,79.2,66.31,1,0
24.8,48.2,14.6,12.5,24.860000000000003,0,0
40.1,42.9,5.5,3.7,19.46,0,0
23.5,84.6,39.5,91.9,72.39,1,0
26.3,76.7,18.0,54.0,50.84,1,0
23.8,90.3,27.9,62.1,59.89000000000001,1,1
31.7,54.5,18.3,17.4,30.14,0,0
18.0,80.5,26.2,39.8,47.11,0,0
29.6,69.5,22.1,16.0,34.63,0,0
26.9,93.0,23.5,48.7,54.77,0,1
44.4,23.1,16.3,1.5,15.23,0,0
21.9,83.6,19.0,54.3,52.78999999999999,1,0
20.3,83.1,27.2,20.1,40.44,0,0
16.2,99.8,32.2,79.0,69.60000000000001,1,1
24.7,64.9,21.6,7.8,29.380000000000003,0,0
23.5,85.5,46.8,60.2,61.440000000000005,1,1
27.1,81.6,30.0,58.4,56.55,1,0
27.2,49.4,12.1,9.0,23.559999999999995,0,0
43.0,34.4,6.2,1.6,16.5,0,0
25.4,67.1,17.2,19.2,33.79,0,0
16.6,95.2,45.2,63.8,64.78,1,1
26.3,79.7,26.3,51.6,52.44,1,0
31.6,35.7,15.3,2.1,17.770000000000003,0,0
27.8,76.1,28.3,39.5,47.06999999999999,0,0
34.9,43.4,17.7,4.6,21.89,0,0
27.7,85.4,34.6,40.8,51.63,0,1
21.6,97.6,47.3,71.0,69.3,1,1
38.2,40.4,14.6,1.0,19.259999999999998,0,0
44.0,38.2,12.0,2.5,19.26,0,0
26.8,90.8,30.1,37.1,50.78,0,1
27.6,89.9,34.8,59.1,60.33,1,1
25.2,94.1,22.2,43.1,52.43,0,1
15.8,83.7,30.1,67.0,59.51,1,0
26.1,91.5,33.5,65.1,62.8,1,1
41.2,38.5,16.6,1.2,19.47,0,0
18.9,83.0,15.8,64.4,55.71000000000001,1,0
28.5,88.7,19.3,53.4,54.68,1,1
19.9,85.3,31.3,91.6,70.48,1,1
22.3,80.1,28.6,42.4,48.93999999999999,0,0
29.5,88.4,31.4,68.0,62.95,1,1
28.6,47.1,24.6,6.0,24.310000000000002,0,0
26.8,88.9,47.7,67.4,65.85000000000001,1,1
21.5,88.8,25.2,44.3,51.55,0,1
27.0,71.2,22.6,58.6,52.02,1,0
22.4,62.4,13.6,12.2,28.559999999999995,0,0
43.7,25.9,7.0,1.5,14.14,0,0
32.0,25.1,6.5,1.6,12.670000000000002,0,0
36.3,44.5,9.5,3.1,20.119999999999997,0,0
26.0,57.7,23.8,15.4,30.830000000000002,0,0
24.5,87.0,26.0,67.7,60.830000000000005,1,1
38.7,32.2,12.2,3.9,17.53,0,0
38.9,44.2,16.1,3.3,21.69,0,0
44.5,41.8,7.4,0.9,18.83,0,0
23.5,68.9,17.4,12.9,31.660000000000004,0,0
30.1,24.0,6.9,4.0,13.19,0,0
31.9,48.0,21.5,14.1,27.53,0,0
15.7,84.5,42.9,76.1,65.93999999999998,1,0
31.4,55.7,23.8,12.8,29.730000000000004,0,0
18.0,74.8,30.8,27.2,41.28,0,0
22.5,90.2,19.9,44.7,51.169999999999995,0,1
29.2,94.4,33.9,42.1,54.86,0,1
20.5,98.9,41.1,65.6,66.17999999999999,1,1
33.2,40.0,15.7,3.8,19.98,0,0
39.7,40.4,5.3,2.6,18.19,0,0
28.6,93.0,22.3,54.4,56.98,1,1
31.8,67.9,21.4,9.1,31.470000000000002,0,0
33.1,29.3,17.2,3.7,17.02,0,0
29.5,84.3,20.0,60.6,56.480000000000004,1,0
31.8,31.1,16.5,1.4,16.37,0,0
24.3,89.3,31.7,36.6,50.199999999999996,0,1
30.7,63.0,16.4,9.7,29.13,0,0
32.0,44.2,12.7,1.6,19.64,0,0
32.0,44.9,17.4,1.9,20.909999999999997,0,0
19.5,72.6,22.4,54.6,50.050000000000004,1,0
38.9,24.4,17.5,3.5,16.11,0,0
25.0,55.5,22.1,11.4,28.130000000000003,0,0
24.8,88.6,34.7,60.6,60.24000000000001,1,1
30.4,61.9,11.2,11.3,28.369999999999997,0,0
24.2,94.0,44.6,91.8,76.26,1,1
23.0,99.2,31.2,76.4,68.86,1,1
29.2,79.5,15.1,42.4,46.75000000000001,0,0
24.9,86.1,39.2,87.9,71.32,1,1
43.9,35.3,6.2,1.3,16.74,0,0
25.1,88.2,19.6,58.6,56.330000000000005,1,1
43.3,26.6,12.2,3.0,15.95,0,0
29.8,53.3,23.3,5.5,25.83,0,0
29.6,61.0,12.8,5.5,26.020000000000003,0,0
43.4,44.8,11.0,3.7,21.46,0,0
27.7,77.6,24.6,21.3,39.49,0,0
23.9,75.9,33.4,26.6,42.48,0,0
23.7,72.4,22.9,36.3,43.19,0,0
42.5,22.6,11.2,4.9,15.23,0,0
32.1,42.9,6.2,1.9,18.08,0,0
34.5,21.8,10.5,2.0,12.89,0,0
15.9,86.5,39.5,71.6,64.08,1,1
21.1,78.6,27.7,62.4,56.19,1,0
16.4,96.3,39.8,89.4,74.25,1,1
44.9,24.3,17.7,0.7,15.6,0,0
22.1,80.2,44.6,72.8,64.31,1,0
25.1,93.7,33.2,97.1,76.10000000000001,1,1
25.9,83.5,28.1,37.4,48.22000000000001,0,0
21.3,89.1,21.1,39.7,48.96,0,1
28.4,64.3,14.3,8.0,28.189999999999998,0,0
24.2,92.4,35.6,68.1,64.5,1,1
22.3,88.0,34.5,34.9,49.489999999999995,0,1
22.0,54.8,11.5,6.7,23.619999999999997,0,0
30.2,43.7,6.1,3.6,18.790000000000003,0,0
30.0,50.7,10.4,7.9,23.450000000000003,0,0
33.7,31.0,13.4,0.6,15.59,0,0
32.3,27.9,14.8,3.5,15.96,0,0
42.9,26.8,7.9,2.4,14.870000000000001,0,0
25.6,97.7,35.9,82.8,72.16999999999999,1,1
20.5,95.1,36.4,72.8,66.97999999999999,1,1
20.8,73.8,24.9,37.1,44.03999999999999,0,0
27.4,89.6,25.8,20.2,42.86000000000001,0,1
31.8,49.9,19.2,5.3,24.11,0,0
28.3,78.8,29.4,50.0,52.35,1,0
25.0,74.3,27.6,51.0,50.71,1,0
30.4,52.1,15.6,11.6,26.43,0,0
24.2,50.3,20.4,5.3,23.71,0,0
23.7,93.6,33.8,53.7,58.69,1,1
23.2,89.3,28.7,50.5,55.050000000000004,1,1
28.7,93.0,23.6,20.0,43.489999999999995,0,1
28.9,45.7,19.8,9.2,24.240000000000002,0,0
24.8,82.3,32.9,42.7,50.83,0,0
20.5,97.5,37.9,75.0,68.88,1,1
44.3,33.0,16.5,2.4,18.59,0,0
41.6,25.7,11.1,4.6,15.93,0,0
23.0,79.4,23.4,63.5,56.199999999999996,1,0
29.0,72.2,24.4,47.7,48.52,0,0
28.2,58.7,24.6,10.8,29.67,0,0
29.2,60.1,21.4,12.6,30.270000000000003,0,0
44.2,43.0,12.2,4.9,21.720000000000002,0,0
23.3,77.8,20.5,23.9,39.33,0,0
36.0,24.7,6.7,4.9,14.309999999999999,0,0
20.9,79.3,26.3,27.3,42.06,0,0
41.7,27.0,11.5,0.4,14.73,0,0
27.7,86.8,27.4,36.7,48.970000000000006,0,1
23.5,70.6,33.5,47.9,49.39,0,0
19.4,70.7,17.7,45.7,44.97,0,0
23.8,91.4,44.2,82.2,71.52,1,1
22.4,78.3,20.5,63.4,55.19,1,0
27.0,65.4,10.8,14.6,30.32,0,0
21.3,77.7,25.2,30.2,42.56,0,0
44.0,24.0,14.4,4.3,16.200000000000003,0,0
29.4,88.1,27.8,60.5,59.129999999999995,1,1
27.9,94.6,32.3,74.1,67.27,1,1
31.0,58.0,12.9,14.5,28.880000000000003,0,0
44.6,44.8,11.3,3.1,21.400000000000002,0,0
26.2,88.6,16.0,50.3,52.52,1,1
42.7,42.9,9.7,3.7,20.56,0,0
30.5,63.3,12.1,11.1,28.900000000000002,0,0
22.8,80.5,49.7,96.7,75.05000000000001,1,0
42.1,28.1,10.8,3.0,16.0,0,0
25.7,89.3,34.4,25.3,46.36,0,1
40.7,36.0,7.3,1.0,16.73,0,0
23.6,48.6,19.6,12.7,25.94,0,0
44.9,24.9,12.6,0.4,14.639999999999999,0,0
34.7,20.5,5.4,3.7,12.180000000000001,0,0
31.7,59.9,10.6,15.2,29.339999999999996,0,0
20.6,86.3,15.9,67.7,58.21,1,1
27.9,86.9,33.9,64.5,61.440000000000005,1,1
37.4,30.9,6.2,1.0,14.65,0,0
43.3,34.7,5.3,3.1,17.04,0,0
22.3,71.4,27.5,48.3,48.47,0,0
22.8,56.5,17.0,5.4,24.79,0,0
23.1,73.8,24.1,65.7,55.550000000000004,1,0
27.9,75.3,17.6,45.5,47.1,0,0
30.9,52.9,24.9,16.5,30.54,0,0
23.5,57.9,15.2,10.8,27.08,0,0
19.9,91.0,24.1,34.9,48.07000000000001,0,1
27.1,61.8,24.7,10.2,30.27,0,0
43.6,32.4,14.7,0.0,17.02,0,0
15.2,81.4,38.1,61.7,58.240000000000016,1,0
27.0,60.6,11.8,8.8,26.759999999999998,0,0
26.6,46.2,13.5,5.2,21.3,0,0
32.6,43.5,8.9,3.8,19.61,0,0
39.0,39.6,6.3,3.4,18.4,0,0
16.2,99.4,48.1,82.4,74.02000000000001,1,1
27.6,76.6,29.6,67.8,58.779999999999994,1,0
18.4,81.1,40.4,70.6,62.489999999999995,1,0
34.2,35.9,9.7,1.9,16.89,0,0
41.4,30.2,16.5,3.6,17.939999999999998,0,0
19.6,72.9,18.4,45.9,45.870000000000005,0,0
40.8,39.5,17.6,4.6,21.29,0,0
42.0,29.4,11.1,3.8,16.759999999999998,0,0
28.0,83.1,15.1,26.9,41.51,0,0
27.5,86.6,32.7,24.8,45.19,0,1
26.1,61.1,10.5,6.7,25.72,0,0
38.0,36.6,11.4,3.9,18.62,0,0
27.7,66.2,13.7,10.6,29.610000000000003,0,0
42.4,42.9,9.5,4.8,20.93,0,0
31.8,41.2,10.9,3.3,19.040000000000003,0,0
21.2,94.3,19.0,42.7,51.29,0,1
31.8,23.0,14.9,0.2,13.14,0,0
44.9,23.6,14.2,1.3,14.93,0,0
21.6,87.5,42.1,62.7,61.91,1,1
39.7,38.3,10.5,1.5,18.159999999999997,0,0
28.1,74.2,24.8,48.1,49.27,0,0
25.1,92.9,40.0,91.0,74.78,1,1
24.4,65.8,20.9,11.5,30.96,0,0
23.5,87.9,43.2,93.2,74.64,1,1
44.7,24.1,17.1,3.1,16.36,0,0
35.7,20.0,11.0,4.0,13.370000000000001,0,0
22.7,87.9,24.7,56.1,56.02,1,1
31.6,60.1,19.9,7.3,28.090000000000003,0,0
19.4,74.2,25.1,58.9,52.78000000000001,1,0
29.9,72.2,25.1,59.3,53.39,1,0
31.7,27.1,13.6,3.0,15.220000000000002,0,0
24.5,55.9,11.2,15.6,27.699999999999996,0,0
19.5,90.1,16.6,66.1,58.74,1,1
34.9,34.6,13.9,4.6,18.490000000000002,0,0
20.7,93.6,29.3,23.8,45.53,0,1
30.7,49.2,16.7,6.7,23.85,0,0
25.5,87.3,32.8,41.4,51.86,0,1
25.6,99.8,44.1,76.2,71.80000000000001,1,1
22.8,78.1,26.0,44.0,48.510000000000005,0,0
29.7,47.7,17.4,15.5,26.96,0,0
27.0,62.6,17.4,16.0,31.36,0,0
22.6,57.8,23.1,19.5,32.02,0,0
18.7,79.2,31.3,40.0,47.89,0,0
31.8,57.9,16.3,6.3,26.33,0,0
25.2,53.0,12.7,7.1,23.799999999999997,0,0
26.0,58.0,16.4,19.6,31.12,0,0
28.9,49.4,19.8,19.3,29.39,0,0
23.4,56.2,10.9,6.6,24.02,0,0
19.0,87.4,32.7,29.5,46.46,0,1
24.6,71.8,23.0,25.4,38.76,0,0
40.4,37.7,5.8,2.0,17.310000000000002,0,0
29.2,60.9,20.0,8.2,28.47,0,0
22.3,49.4,13.0,12.3,24.57,0,0
28.5,89.0,22.8,44.5,51.910000000000004,0,1
22.4,91.5,46.0,87.5,73.89,1,1
28.1,69.2,11.6,7.5,28.89,0,0
26.9,91.3,26.5,68.9,62.94,1,1
39.1,32.3,14.6,4.8,18.439999999999998,0,0
30.7,50.3,23.4,14.1,28.479999999999997,0,0
40.9,28.6,10.9,3.0,16.05,0,0
19.3,99.1,30.3,97.5,76.72,1,1
22.9,50.3,22.1,7.0,24.599999999999998,0,0
18.2,84.6,37.4,64.9,60.64000000000001,1,0
28.7,48.2,15.8,11.9,25.250000000000004,0,0
33.3,34.4,5.7,4.0,16.39,0,0
30.6,62.4,21.8,19.6,33.98,0,0
25.2,90.1,24.0,38.6,49.79,0,1
19.4,99.0,48.4,74.0,70.91999999999999,1,1
22.3,72.9,27.1,21.3,38.04,0,0
34.9,29.6,17.2,0.8,16.130000000000003,0,0
33.1,25.9,14.4,0.7,14.24,0,0
22.2,83.5,17.0,58.9,54.23,1,0
19.2,80.3,26.1,20.0,39.230000000000004,0,0
23.2,91.0,20.4,53.8,55.22,1,1
28.9,69.7,10.6,19.7,33.8,0,0
23.6,56.5,24.1,10.8,28.45,0,0
25.0,87.7,39.4,86.3,71.21,1,1
40.3,37.9,15.9,2.9,19.74,0,0
26.5,60.6,12.1,19.1,30.89,0,0
35.9,37.0,5.6,0.7,16.089999999999996,0,0
35.8,35.8,10.6,0.1,16.479999999999997,0,0
26.4,84.2,24.3,25.8,43.08,0,0
40.4,33.1,13.5,3.7,18.15,0,0
17.0,93.6,40.0,79.3,69.5,1,1
24.7,68.7,18.1,16.9,33.46,0,0
26.2,69.2,15.6,9.4,30.260000000000005,0,0
20.6,90.1,33.3,90.8,72.07,1,1
24.3,49.4,15.4,10.2,24.409999999999997,0,0
21.6,94.2,19.8,39.2,50.06,0,1
24.1,80.8,28.7,55.0,54.39,1,0
25.1,49.6,17.6,15.5,27.11,0,0
22.6,94.4,33.2,48.3,56.54,0,1
42.4,37.4,6.8,3.5,18.22,0,0
26.7,84.0,32.2,83.5,67.71,1,0
29.1,89.1,19.7,58.0,56.78,1,1
42.5,30.5,10.7,0.6,15.780000000000001,0,0
15.1,91.9,38.6,74.2,66.48,1,1
22.8,92.4,30.3,36.6,50.7,0,1
22.7,85.0,47.8,90.3,73.44999999999999,1,1
25.9,83.8,49.1,78.2,68.83000000000001,1,0
44.0,27.0,7.0,1.8,14.620000000000001,0,0
25.9,56.5,14.4,8.7,25.9,0,0
42.8,24.7,17.7,3.7,16.71,0,0
28.1,87.4,16.1,46.5,50.85000000000001,0,1
20.3,79.6,26.7,54.7,53.13000000000001,1,0
35.9,30.4,11.3,1.7,15.649999999999999,0,0
38.4,44.0,8.0,2.0,19.439999999999998,0,0
43.0,22.9,16.1,4.6,16.23,0,0
42.3,25.9,13.5,4.0,16.3,0,0
28.4,60.9,21.7,5.8,27.77,0,0
24.4,66.7,11.6,12.8,29.890000000000004,0,0
26.0,87.8,32.2,64.3,61.1,1,1
23.9,65.9,11.1,19.5,32.18,0,0
35.1,39.7,6.4,4.9,18.660000000000004,0,0
18.3,81.7,25.3,61.0,55.800000000000004,1,0
29.6,91.4,27.9,53.9,57.52,1,1
41.0,30.4,10.9,0.8,15.719999999999999,0,0
26.9,78.5,24.6,48.5,50.56,0,0
28.9,90.6,24.8,43.8,52.55,0,1
30.6,30.1,11.0,3.9,15.85,0,0
33.8,43.6,10.1,2.2,19.36,0,0
22.5,79.3,19.3,38.7,45.38,0,0
43.6,36.3,6.2,1.7,17.169999999999998,0,0
27.9,61.1,14.0,14.0,29.52,0,0
27.9,84.9,30.2,48.4,53.66,0,0
42.5,40.4,15.3,4.3,21.15,0,0
19.8,79.9,19.5,57.5,52.849999999999994,1,0
15.7,85.6,34.8,94.9,72.16999999999999,1,1
41.9,30.6,15.6,0.1,16.53,0,0
19.4,87.2,33.2,26.5,45.34,0,1
39.5,31.0,14.3,1.4,16.669999999999998,0,0
27.6,78.4,31.3,55.2,54.62,1,0
20.1,71.0,16.6,42.3,43.55,0,0
23.1,87.2,22.0,22.1,41.71,0,1
27.4,93.7,31.5,22.1,45.99,0,1
23.8,61.8,19.2,15.4,30.919999999999998,0,0
20.2,90.4,40.7,73.8,66.8,1,1
28.1,86.6,33.8,54.5,57.35,1,1
18.9,86.1,43.9,74.5,66.3,1,1
40.4,22.4,7.1,3.5,13.579999999999998,0,0
21.4,81.4,32.5,40.9,49.42,0,0
42.5,43.8,14.8,1.5,20.95,0,0
27.4,82.0,16.3,48.9,50.16,0,0
25.1,61.3,14.8,15.6,30.099999999999998,0,0
43.5,20.1,16.2,0.7,13.900000000000002,0,0
31.9,27.5,8.5,2.7,14.22,0,0
22.4,54.8,22.9,9.3,26.979999999999993,0,0
19.3,78.2,26.1,22.9,39.77,0,0
27.9,45.2,24.0,12.7,26.23,0,0
38.5,39.7,13.6,2.4,19.44,0,0
26.0,61.5,17.1,13.0,29.67,0,0
30.4,66.5,16.3,7.9,29.41,0,0
39.6,41.0,14.7,5.0,21.2,0,0
25.2,72.1,31.1,52.4,51.330000000000005,1,0
27.1,71.1,29.0,42.3,46.76,0,0
22.9,87.9,17.6,38.7,47.660000000000004,0,1
31.4,24.0,12.4,0.2,12.9,0,0
25.3,52.0,23.1,5.4,24.91,0,0
26.9,98.1,37.1,76.1,69.97999999999999,1,1
22.5,53.9,16.4,16.2,28.18,0,0
27.0,57.1,14.5,7.2,25.609999999999996,0,0
21.2,79.4,33.2,54.3,54.3,1,0
31.3,59.6,12.7,18.4,30.909999999999997,0,0
21.2,89.6,22.7,29.5,45.339999999999996,0,1
23.2,70.7,27.3,29.9,40.95,0,0
20.6,86.5,32.4,89.9,70.45,1,1
23.0,91.4,21.4,25.8,44.32,0,1
23.3,59.4,18.4,9.9,27.79,0,0
24.3,76.7,29.0,45.2,49.32,0,0
40.3,42.1,8.0,4.8,20.180000000000003,0,0
31.4,47.9,24.6,7.7,25.51,0,0
23.2,82.2,23.5,20.1,39.720000000000006,0,0
30.7,23.2,16.3,4.2,14.97,0,0
27.6,85.6,42.8,76.0,67.4,1,1
22.4,58.0,15.1,14.2,28.339999999999996,0,0
30.4,27.8,13.8,4.8,16.06,0,0
18.6,76.7,28.2,32.9,43.67,0,0
31.8,56.1,18.3,9.4,27.43,0,0
23.8,45.9,15.9,11.4,23.889999999999997,0,0
32.2,40.5,5.4,0.2,16.53,0,0
34.7,28.2,14.3,0.3,14.909999999999998,0,0
30.3,54.6,17.0,18.4,30.17,0,0
25.4,52.9,23.2,10.1,27.09,0,0
21.6,76.6,30.5,37.8,46.36,0,0
23.9,67.8,21.4,13.8,32.53,0,0
39.7,30.6,17.1,3.3,17.89,0,0
25.3,62.5,19.8,14.3,30.96,0,0
20.9,93.2,46.4,77.4,70.29,1,1
15.1,85.6,40.6,96.8,74.03,1,1
28.9,67.6,10.7,16.9,32.07,0,0
42.4,27.1,16.5,2.5,16.67,0,0
18.5,89.9,19.0,43.2,49.9,0,1
25.8,58.6,19.9,12.1,28.979999999999997,0,0
43.2,23.4,17.0,4.3,16.46,0,0
22.3,61.8,15.4,15.4,30.01,0,0
19.5,93.5,49.8,68.4,67.32000000000001,1,1
30.5,54.9,10.7,9.5,25.46,0,0
27.5,88.6,25.9,60.1,58.550000000000004,1,1
39.9,35.0,7.6,0.1,16.049999999999997,0,0
25.2,85.2,32.3,69.0,62.14,1,1
25.1,54.3,12.4,18.6,28.720000000000002,0,0
29.5,54.6,11.7,5.9,24.029999999999998,0,0
18.6,85.7,39.4,83.7,68.93,1,1
18.0,99.7,39.6,87.2,74.51,1,1
20.2,85.7,34.6,30.7,46.93000000000001,0,1
25.6,66.0,15.9,12.4,30.5,0,0
30.6,45.5,12.5,11.5,23.810000000000002,0,0
34.7,44.3,11.8,3.0,20.32,0,0
34.3,37.6,10.7,3.3,18.17,0,0
29.0,54.4,24.7,10.0,28.160000000000004,0,0
23.9,47.7,18.5,11.8,25.12,0,0
19.0,84.9,35.7,85.1,68.55000000000001,1,0
25.4,70.7,18.5,36.5,42.050000000000004,0,0
27.0,72.0,21.8,41.9,45.42,0,0
31.8,38.0,11.6,0.5,17.1,0,0
31.4,52.5,20.9,10.8,27.39,0,0
25.0,96.9,31.9,87.1,72.78999999999999,1,1
42.7,28.2,12.2,0.0,15.169999999999998,0,0
21.3,74.8,28.5,44.4,48.03000000000001,0,0
27.4,80.1,33.0,46.3,51.89,0,0
15.1,85.1,40.3,95.6,73.34,1,1
29.5,65.7,19.5,16.7,33.24,0,0
32.0,26.6,7.2,0.2,12.7,0,0
31.1,22.9,11.3,1.4,12.8,0,0
18.5,93.5,47.4,78.9,70.94,1,1
28.1,78.1,19.0,55.8,52.36,1,0
27.2,73.7,30.7,28.7,42.45,0,0
26.7,88.2,33.4,21.8,44.53,0,1
35.1,40.7,14.9,0.2,18.78,0,0
40.7,37.7,6.0,4.4,18.34,0,0
25.2,90.6,15.2,22.9,41.9,0,1
24.8,81.8,38.2,96.6,73.3,1,0
33.6,22.5,14.3,3.9,14.530000000000001,0,0
16.7,89.0,42.9,86.0,71.35,1,1
38.6,32.1,10.5,3.0,16.790000000000003,0,0
38.0,44.4,9.4,1.7,19.68,0,0
19.5,88.3,42.9,80.5,69.22,1,1
25.9,86.8,35.0,39.6,51.47,0,1
21.5,94.9,28.2,42.2,53.14000000000001,0,1
40.2,23.3,17.7,2.6,15.59,0,0
23.1,59.0,16.0,17.8,30.33,0,0
22.8,67.4,14.3,19.3,33.080000000000005,0,0
31.7,64.9,12.4,16.0,31.520000000000003,0,0
36.2,22.3,17.4,3.1,15.030000000000001,0,0
33.5,30.4,6.4,1.1,14.19,0,0
27.5,84.0,41.5,86.0,70.64999999999999,1,0
26.4,88.8,40.5,78.3,68.69999999999999,1,1
37.9,38.2,11.8,0.1,17.65,0,0
27.4,61.7,11.8,12.9,28.770000000000003,0,0
27.4,90.4,26.2,65.2,61.18000000000001,1,1
43.4,42.5,6.4,0.6,18.61,0,0
29.4,72.9,19.9,44.8,46.709999999999994,0,0
44.8,39.9,7.8,0.1,18.049999999999997,0,0
24.0,48.0,14.7,8.1,22.980000000000004,0,0
20.1,82.5,34.9,62.5,58.74,1,0
33.9,22.0,8.0,1.0,11.99,0,0
16.9,92.5,41.1,83.8,71.18,1,1
28.2,70.3,16.5,23.4,36.57,0,0
25.8,46.7,16.4,13.3,25.189999999999998,0,0
23.8,90.7,18.2,23.7,42.71,0,1
27.6,87.0,18.6,39.0,48.18,0,1
28.0,63.1,10.2,9.3,27.49,0,0
37.0,35.7,16.7,3.4,19.11,0,0
28.6,78.9,25.0,57.3,54.45,1,0
19.9,77.2,20.0,62.0,53.95,1,0
24.8,75.3,30.3,66.3,57.650000000000006,1,0
29.9,61.7,16.6,15.7,31.1,0,0
27.5,73.3,24.9,37.9,44.879999999999995,0,0
25.6,63.9,15.1,18.4,32.11,0,0
23.6,93.4,25.7,50.7,55.8,1,1
22.5,83.7,42.1,69.9,63.74000000000001,1,0
30.7,61.6,22.6,19.4,33.83,0,0
21.3,82.7,30.8,86.0,67.49999999999999,1,0
35.4,31.8,13.7,1.1,16.259999999999998,0,0
25.2,89.8,29.8,34.3,49.14,0,1
18.2,70.3,21.6,52.2,48.11,1,0
24.8,93.0,22.4,53.9,56.42,1,1
41.6,21.8,11.1,1.0,13.32,0,0
42.0,23.2,13.9,3.1,15.18,0,0
29.1,77.4,16.9,50.2,49.59,1,0
39.4,26.9,11.5,4.6,16.15,0,0
26.9,76.9,18.4,65.0,55.44,1,0
22.6,65.9,21.3,20.0,34.29,0,0
24.0,81.9,49.6,74.2,66.57000000000001,1,0
22.5,76.8,34.4,48.7,51.650000000000006,0,0
40.4,39.1,5.8,4.0,18.53,0,0
29.0,76.3,31.8,60.4,56.309999999999995,1,0
20.8,87.0,31.9,66.3,61.08,1,1
18.2,94.2,46.6,90.5,75.6,1,1
40.8,27.3,12.7,0.2,14.889999999999999,0,0
26.8,82.7,31.0,70.3,61.81,1,0
24.9,88.0,32.1,84.5,69.11,1,1
24.2,78.3,21.9,51.4,50.85,1,0
31.3,40.1,5.4,4.0,17.84,0,0
26.2,56.7,22.8,5.5,26.390000000000004,0,0
19.8,70.1,23.5,28.9,39.269999999999996,0,0
17.0,80.7,41.9,91.2,70.77000000000001,1,0
41.9,44.3,14.8,3.0,21.64,0,0
28.6,87.9,23.7,52.3,54.89000000000001,1,1
24.3,69.3,21.1,19.6,35.28,0,0
39.9,39.7,13.6,3.7,20.1,0,0
38.8,44.2,16.5,4.8,22.36,0,0
27.2,77.2,23.6,35.3,44.72,0,0
25.9,49.0,17.9,15.4,27.029999999999998,0,0
17.3,84.6,40.1,64.9,61.09,1,0
38.3,31.9,6.9,2.0,15.58,0,0
26.2,73.7,24.9,44.8,47.63,0,0
31.8,34.7,10.7,2.1,16.57,0,0
26.7,79.6,20.0,20.2,38.63,0,0
26.9,71.9,18.5,27.5,38.96,0,0
41.1,43.2,7.5,0.1,18.61,0,0
18.6,91.7,17.9,51.1,53.39,1,1
27.1,90.7,28.7,36.8,50.38,0,1
27.4,61.5,16.8,18.2,31.83,0,0
38.7,38.7,9.2,2.9,18.48,0,0
35.1,37.1,16.0,1.1,18.28,0,0
27.8,48.5,10.3,17.7,26.47,0,0
20.8,97.2,41.0,62.0,64.24000000000001,1,1
43.3,27.9,9.8,1.3,15.18,0,0
23.5,96.9,40.0,91.9,76.18,1,1
30.8,47.5,18.4,11.4,25.57,0,0
22.5,46.9,22.3,11.2,25.259999999999998,0,0
28.8,57.6,13.9,18.1,30.180000000000003,0,0
29.4,64.1,19.0,14.2,31.65,0,0
34.9,35.3,15.6,1.3,17.72,0,0
28.5,81.5,16.1,22.7,39.6,0,0
29.3,86.6,19.9,66.6,59.529999999999994,1,1
22.7,46.3,23.6,19.6,28.720000000000002,0,0
34.7,41.7,11.9,0.9,18.72,0,0
27.3,85.1,39.9,76.8,66.96000000000001,1,1
35.0,25.6,7.8,3.8,14.26,0,0
42.6,24.5,12.0,1.3,14.530000000000001,0,0
41.5,26.3,16.3,2.6,16.34,0,0
34.3,37.9,9.5,2.2,17.58,0,0
30.5,69.3,10.3,5.8,28.22,0,0
38.0,29.8,6.0,3.8,15.46,0,0
23.8,64.5,21.4,8.2,29.29,0,0
19.1,93.3,33.7,67.2,63.52000000000001,1,1
33.8,35.5,15.2,4.4,18.83,0,0
24.7,81.0,42.0,96.4,73.73,1,0
22.6,56.0,19.4,10.7,27.220000000000002,0,0
43.7,23.6,12.3,0.8,14.23,0,0
21.3,72.4,20.8,26.9,38.77,0,0
19.4,74.8,18.4,30.7,40.339999999999996,0,0
28.9,51.2,10.1,8.9,23.830000000000002,0,0
22.3,58.9,22.9,9.5,28.279999999999998,0,0
43.6,21.0,17.3,2.4,15.080000000000002,0,0
44.7,31.6,15.5,4.5,18.85,0,0
25.1,56.1,12.4,6.4,24.380000000000003,0,0
30.2,38.6,13.6,1.0,17.720000000000002,0,0
36.5,29.5,6.9,4.8,15.8,0,0
23.2,92.1,29.6,58.2,59.15,1,1
24.7,65.8,15.6,14.8,31.25,0,0
26.3,50.6,12.8,9.1,24.01,0,0
35.4,44.1,15.2,1.1,20.25,0,0
28.1,61.0,22.7,9.4,29.410000000000004,0,0
23.6,54.3,14.2,11.1,25.93,0,0
28.4,58.0,14.5,15.1,29.179999999999996,0,0
39.4,38.7,14.9,4.0,20.130000000000003,0,0
18.2,82.7,23.0,26.3,41.75,0,0
31.9,44.3,13.3,1.9,19.900000000000002,0,0
17.5,90.0,42.7,90.4,73.45,1,1
23.6,50.8,12.0,19.8,27.92,0,0
30.8,55.5,22.5,16.2,30.71,0,0
17.8,81.0,41.9,77.3,65.38,1,0
19.7,90.4,30.1,62.0,59.910000000000004,1,1
27.8,80.5,25.7,63.3,57.39,1,0
45.0,26.8,11.2,1.8,15.5,0,0
24.1,86.2,32.3,96.6,73.36999999999999,1,1
36.9,29.9,9.9,3.0,15.839999999999998,0,0
26.2,88.5,26.5,27.1,45.309999999999995,0,1
16.1,93.9,35.3,78.4,68.2,1,1
23.5,66.4,19.6,16.4,32.75,0,0
33.8,35.1,12.0,3.4,17.669999999999998,0,0
28.8,60.1,15.9,12.4,29.05,0,0
41.2,28.4,7.7,4.7,16.060000000000002,0,0
24.5,67.0,10.4,7.4,27.59,0,0
21.6,85.6,25.2,45.7,51.16,0,1
38.7,42.6,5.5,3.2,19.029999999999998,0,0
44.0,32.1,17.3,4.7,19.370000000000005,0,0
20.4,99.6,38.8,84.1,73.32000000000001,1,1
16.4,96.8,46.1,68.9,67.46000000000001,1,1
18.3,94.9,20.4,55.2,56.46,1,1
24.8,80.2,30.1,89.5,68.36,1,0
24.2,70.2,18.3,37.5,42.14,0,0
27.9,63.6,20.3,19.4,33.69,0,0
31.4,28.2,12.0,1.0,14.4,0,0
25.2,94.2,34.1,77.0,68.39999999999999,1,1
24.1,62.1,16.1,7.7,27.34,0,0
42.4,42.6,7.8,4.0,20.18,0,0
39.4,42.4,17.7,3.6,21.64,0,0
28.8,78.1,24.9,56.1,53.73,1,0
21.5,82.7,29.2,31.6,45.440000000000005,0,0
37.8,27.7,16.2,2.2,16.21,0,0
20.1,85.9,15.1,33.7,44.28,0,1
27.3,57.5,19.2,18.2,31.1,0,0
34.3,27.1,7.3,3.8,14.54,0,0
28.2,76.1,30.3,58.7,55.190000000000005,1,0
42.7,23.6,9.5,2.7,14.330000000000002,0,0
28.7,73.9,32.0,55.1,53.480000000000004,1,0
37.1,23.7,10.2,3.5,14.260000000000002,0,0
29.0,73.6,17.4,38.4,43.81999999999999,0,0
34.7,30.7,5.5,3.7,15.26,0,0
25.4,77.8,31.3,55.6,54.379999999999995,1,0
44.2,39.8,17.5,3.2,21.14,0,0
33.0,44.8,5.5,2.6,18.88,0,0
22.0,91.4,45.1,91.6,75.28,1,1
31.0,25.1,14.0,0.2,13.51,0,0
21.1,88.0,27.4,53.5,55.39,1,1
43.1,38.6,8.1,4.5,19.310000000000002,0,0
29.2,69.4,17.9,9.2,31.0,0,0
23.8,57.6,22.7,19.2,31.88,0,0
41.3,42.5,13.7,3.6,21.06,0,0
30.5,32.7,13.8,2.3,16.54,0,0
33.3,29.1,7.8,0.5,13.82,0,0
25.9,97.4,48.3,61.3,65.99,1,1
19.7,90.4,38.5,88.3,72.11,1,1
44.1,21.0,14.5,1.4,14.17,0,0
24.5,75.6,27.4,27.9,41.769999999999996,0,0
30.1,26.9,8.3,2.0,13.54,0,0
26.6,85.2,22.6,36.1,47.18000000000001,0,1
23.4,85.8,31.6,21.8,43.120000000000005,0,1
23.5,57.6,17.6,5.8,25.470000000000002,0,0
26.5,71.1,19.6,34.5,41.699999999999996,0,0
22.6,89.2,21.5,50.5,53.52,1,1
29.9,58.7,11.3,19.2,30.54,0,0
26.4,92.8,28.4,61.6,60.800000000000004,1,1
18.3,79.4,23.5,45.0,48.35,0,0
28.1,79.5,18.7,53.4,51.76,1,0
37.5,38.9,13.6,1.8,18.86,0,0
27.2,93.8,48.6,73.6,70.02,1,1
21.8,94.3,34.6,95.2,75.47000000000001,1,1
29.8,55.1,10.2,15.8,27.87,0,0
21.8,86.5,16.0,66.1,57.77,1,1
33.5,35.9,8.6,3.1,17.080000000000002,0,0
20.3,91.0,33.6,78.3,67.37,1,1
23.9,90.3,21.6,24.7,43.68,0,1
22.3,46.3,17.5,8.5,23.02,0,0
31.5,37.9,15.6,2.2,18.520000000000003,0,0
22.8,66.1,17.7,14.7,31.529999999999998,0,0
23.3,88.2,32.3,99.1,74.88999999999999,1,1
34.9,34.5,8.9,4.8,17.54,0,0
25.1,92.3,49.3,94.8,77.98,1,1
24.2,71.0,15.5,65.6,53.06,1,0
27.3,87.8,34.2,86.4,70.47000000000001,1,1
18.3,77.6,34.8,50.8,52.38999999999999,1,0
27.1,73.9,34.5,69.7,59.660000000000004,1,0
43.7,21.7,15.3,2.4,14.900000000000002,0,0
25.2,63.4,20.2,5.5,27.779999999999998,0,0
24.1,73.0,17.2,33.4,41.11,0,0
19.8,74.3,19.5,36.1,42.61,0,0
31.6,56.6,15.9,10.9,27.68,0,0
44.7,30.5,12.1,0.8,16.36,0,0
26.7,85.3,32.2,27.2,45.58,0,1
41.6,21.7,15.2,3.6,15.15,0,0
16.2,96.1,40.8,76.2,69.09,1,1
19.7,78.7,34.4,54.9,54.42,1,0
24.8,62.0,21.3,11.2,29.82,0,0
36.8,28.0,14.7,0.5,15.219999999999999,0,0
30.1,29.3,10.4,2.8,14.999999999999998,0,0
33.3,40.2,16.2,2.3,19.549999999999997,0,0
35.2,43.3,5.4,2.1,18.43,0,0
34.6,34.5,12.8,1.9,17.13,0,0
33.4,37.0,5.1,3.5,16.86,0,0
24.0,79.5,23.0,65.8,57.17,1,0
23.0,78.3,27.9,22.9,40.529999999999994,0,0
28.9,76.8,17.3,25.5,39.59,0,0
26.6,88.7,30.0,46.2,53.75,0,1
40.9,31.4,16.5,3.5,18.21,0,0
19.4,72.7,24.0,27.5,39.55,0,0
25.2,61.8,11.4,9.1,26.98,0,0
30.6,65.2,20.9,12.9,31.96,0,0
29.9,71.9,17.1,58.3,51.300000000000004,1,0
44.2,40.7,9.7,2.7,19.650000000000002,0,0
24.2,87.2,27.5,48.4,53.44,0,1
32.0,69.0,20.5,17.1,34.84,0,0
18.2,84.9,44.8,93.3,73.57,1,0
24.6,62.4,21.8,8.1,28.78,0,0
24.9,91.5,37.6,90.9,73.82,1,1
25.7,84.4,42.5,92.2,73.27000000000001,1,0
19.3,84.3,44.7,97.6,75.2,1,0
20.7,72.9,16.9,22.6,36.36000000000001,0,0
21.7,84.4,21.2,64.6,57.57,1,0
44.3,21.4,15.0,0.0,13.849999999999998,0,0
38.7,42.1,11.7,0.6,19.080000000000002,0,0
25.3,66.1,22.0,13.5,32.16,0,0
40.0,32.8,7.5,4.4,17.099999999999998,0,0
35.7,27.2,5.4,4.0,14.41,0,0
22.9,47.4,22.7,14.1,26.689999999999998,0,0
23.6,89.3,21.7,65.5,59.69,1,1
28.0,45.5,20.8,17.0,27.410000000000004,0,0
27.9,88.3,32.7,65.2,61.9,1,1
21.9,80.3,30.9,34.8,46.379999999999995,0,0
27.9,49.5,18.6,5.4,23.519999999999996,0,0
27.5,51.3,14.6,10.2,25.14,0,0
28.7,48.8,13.3,11.6,24.81,0,0
26.3,54.3,23.4,20.0,31.599999999999998,0,0
28.1,52.2,10.3,10.9,24.89,0,0
23.8,54.4,14.1,7.7,24.599999999999998,0,0
18.1,72.1,20.3,66.5,54.10000000000001,1,0
28.5,70.1,27.8,60.6,53.68,1,0
25.5,78.4,20.0,25.4,40.23,0,0
34.7,23.4,6.3,2.0,12.55,0,0
21.8,70.2,27.2,55.6,50.919999999999995,1,0
24.2,78.9,19.2,58.9,53.49000000000001,1,0
18.5,83.0,43.8,80.6,67.75,1,0
28.0,79.6,17.6,49.4,49.96,0,0
28.4,94.3,18.3,57.5,57.790000000000006,1,1
15.8,93.9,46.0,88.5,74.35,1,1
23.5,47.5,18.1,10.4,24.380000000000003,0,0
25.6,57.0,11.4,6.7,24.619999999999997,0,0
16.5,89.3,41.7,95.0,74.78,1,1
31.6,55.7,21.4,8.2,27.430000000000003,0,0
29.0,94.3,28.7,48.6,56.370000000000005,0,1
15.8,89.6,38.0,87.4,71.02,1,1
27.5,85.6,30.8,91.2,71.07,1,1
24.3,80.8,24.8,61.5,56.230000000000004,1,0
28.3,55.6,19.7,12.7,28.53,0,0
44.5,30.5,16.1,3.2,18.1,0,0
22.5,45.1,21.6,16.5,26.7,0,0
36.7,42.3,12.1,1.5,19.38,0,0
26.0,70.0,16.9,6.8,29.7,0,0
45.0,38.3,9.6,0.1,17.949999999999996,0,0
29.4,59.0,12.1,11.2,27.540000000000003,0,0
43.9,44.8,12.3,1.8,21.01,0,0
21.3,73.2,23.0,45.4,46.85000000000001,0,0
27.4,83.2,25.8,47.9,52.02,0,0
28.8,90.4,32.3,68.8,63.980000000000004,1,1
26.4,47.3,13.3,15.0,25.49,0,0
28.7,54.8,14.5,11.4,26.77,0,0
20.0,98.3,38.8,85.4,73.41000000000001,1,1
25.3,61.8,22.9,9.9,29.61,0,0
28.5,86.0,18.9,42.8,49.550000000000004,0,1
32.1,41.5,13.2,0.9,18.66,0,0
19.9,72.7,33.4,53.8,52.0,1,0
17.4,95.2,44.5,82.4,72.16,1,1
23.5,83.7,15.1,54.3,52.2,1,0
24.5,58.9,16.7,19.6,31.299999999999997,0,0
23.6,97.4,45.1,75.6,70.83999999999999,1,1
29.6,92.4,18.6,50.0,54.4,1,1
23.0,65.2,10.2,11.2,28.38,0,0
29.4,62.9,19.7,9.4,29.51,0,0
33.8,30.0,15.4,1.6,16.1,0,0
22.1,92.1,21.3,54.8,56.019999999999996,1,1
27.1,75.6,17.1,69.9,56.77,1,0
21.7,90.1,41.4,74.0,67.08,1,1
26.9,73.1,15.1,58.6,51.08,1,0
27.6,87.8,16.6,27.7,43.5,0,1
29.9,46.1,14.9,9.6,23.64,0,0
19.8,75.1,32.2,58.9,54.51,1,0
25.1,92.8,16.3,35.2,47.69,0,1
31.6,58.0,15.5,14.5,29.46,0,0
23.7,48.7,11.4,9.6,23.1,0,0
24.0,61.8,14.4,8.4,27.18,0,0
24.5,82.7,24.4,21.0,40.540000000000006,0,0
22.6,61.4,15.3,15.8,30.06,0,0
25.8,93.5,29.9,27.7,47.69,0,1
36.5,27.6,17.1,0.7,15.629999999999999,0,0
26.6,57.5,16.1,13.3,28.45,0,0
19.1,82.4,28.5,30.5,44.53,0,0
27.7,73.1,35.0,56.9,54.46,1,0
34.9,41.3,15.2,3.0,20.119999999999997,0,0
20.7,91.4,17.8,31.3,45.57000000000001,0,1
28.9,65.7,20.6,19.1,34.36,0,0
29.1,83.1,15.1,67.1,57.7,1,0
28.8,84.0,17.7,21.4,40.18,0,0
42.9,36.6,15.0,0.8,18.59,0,0
18.4,77.9,21.9,38.6,45.03,0,0
33.9,40.1,12.0,1.3,18.34,0,0
37.3,32.1,16.5,4.9,18.62,0,0
28.3,72.4,25.6,22.1,38.510000000000005,0,0
33.7,44.9,5.9,3.9,19.580000000000002,0,0
23.0,88.3,34.2,59.7,59.510000000000005,1,1
29.9,51.7,10.5,13.1,25.840000000000003,0,0
21.0,76.8,16.7,30.4,40.64000000000001,0,0
25.5,51.4,16.0,11.6,25.81,0,0
19.9,84.5,30.1,79.6,65.2,1,0
29.2,90.5,31.4,65.3,62.47,1,1
27.1,47.8,22.2,17.1,28.330000000000002,0,0
24.9,99.8,32.5,82.2,71.80999999999999,1,1
23.8,91.2,23.5,48.1,53.68000000000001,0,1
27.7,91.9,21.5,28.5,46.04,0,1
36.8,25.2,6.1,0.3,12.58,0,0
22.3,47.4,18.1,7.7,23.15,0,0
41.4,41.2,15.2,4.3,21.26,0,0
38.6,22.5,12.5,0.1,13.149999999999999,0,0
24.9,81.1,22.8,58.6,54.82,1,0
20.8,78.5,23.3,25.8,40.61,0,0
24.1,81.9,21.3,60.4,55.400000000000006,1,0
22.4,82.6,43.8,64.6,61.62,1,0
22.3,83.4,16.4,22.2,39.41,0,0
28.3,92.5,19.2,32.5,47.42,0,1
18.2,83.9,32.3,45.5,51.650000000000006,0,0
24.6,47.9,11.5,7.5,22.13,0,0
27.0,58.9,16.8,6.0,26.13,0,0
27.6,50.7,19.4,18.9,29.41,0,0
23.9,47.8,12.4,11.9,23.97,0,0
26.1,81.7,47.1,79.6,68.38,1,0
18.6,88.6,18.2,61.7,56.760000000000005,1,1
26.8,76.0,27.4,67.7,58.04,1,0
31.7,59.8,14.1,7.2,26.809999999999995,0,0
41.6,26.5,9.1,2.0,14.73,0,0
18.6,83.9,30.3,31.4,45.650000000000006,0,0
20.2,86.9,32.6,73.6,64.05,1,1
19.4,70.7,23.5,22.0,36.65,0,0
30.3,54.7,12.5,6.2,24.42,0,0
24.9,90.2,31.9,68.7,63.41000000000001,1,1
23.6,89.0,24.9,31.6,46.68000000000001,0,1
28.1,53.4,24.6,10.7,28.03,0,0
31.0,49.0,23.7,7.3,25.46,0,0
19.5,91.5,24.4,50.3,54.400000000000006,1,1
38.6,28.2,10.2,2.3,15.279999999999998,0,0
29.2,90.4,29.4,39.2,51.60000000000001,0,1
28.4,59.9,19.2,13.8,30.169999999999998,0,0
33.4,32.0,10.1,3.7,16.439999999999998,0,0
32.0,51.9,24.7,19.2,31.39,0,0
19.4,92.7,28.0,35.3,49.47,0,1
41.8,43.0,6.1,3.5,19.700000000000003,0,0
24.8,88.4,43.8,99.8,77.68,1,1
22.3,67.1,18.9,10.5,30.34,0,0
41.1,31.9,15.8,1.2,17.32,0,0
43.4,32.4,10.6,1.4,16.74,0,0
23.4,92.7,34.7,96.8,75.81,1,1
38.2,33.5,7.8,5.0,17.43,0,0
30.3,60.3,14.9,8.9,27.66,0,0
20.4,81.8,44.0,74.4,65.14000000000001,1,0
41.1,32.2,6.5,2.2,15.950000000000003,0,0
26.9,53.8,17.2,20.0,30.27,0,0
18.8,85.7,24.2,36.1,46.87000000000001,0,1
30.8,56.8,15.2,9.6,27.0,0,0
18.4,87.4,19.9,41.0,48.44,0,1
32.4,31.6,5.6,1.4,14.4,0,0
19.6,70.0,17.1,22.8,35.5,0,0
30.4,26.8,16.9,4.0,16.06,0,0
36.2,39.0,12.9,3.3,19.22,0,0
36.9,20.7,6.4,3.4,12.540000000000001,0,0
20.0,78.5,32.3,23.6,41.45,0,0
44.8,36.7,17.2,2.8,20.049999999999997,0,0
40.0,34.1,7.8,3.5,17.19,0,0
24.4,61.9,11.5,12.4,28.270000000000003,0,0
24.4,97.3,36.7,99.2,78.65,1,1
17.7,90.4,41.5,84.6,71.02999999999999,1,1
19.9,81.7,33.8,57.7,56.34,1,0
29.7,92.7,15.7,35.3,48.04,0,1
41.2,44.9,8.1,2.1,20.05,0,0
26.1,60.4,11.8,15.9,29.449999999999996,0,0
23.5,70.0,30.1,50.1,49.41000000000001,1,0
28.3,78.6,20.9,45.1,48.63,0,0
26.0,84.7,40.6,79.8,68.05,1,0
20.0,92.1,36.2,69.7,64.75,1,1
23.6,81.6,43.1,61.8,60.17999999999999,1,0
42.2,31.9,13.2,2.2,17.310000000000002,0,0
40.0,31.8,9.3,1.6,16.04,0,0
23.3,53.7,16.7,14.7,27.659999999999997,0,0
30.9,64.3,23.8,18.4,34.5,0,0
24.6,81.1,27.3,30.6,44.49,0,0
26.0,77.3,31.0,26.7,42.67,0,0
25.8,82.8,28.4,34.0,46.699999999999996,0,0
35.2,34.1,6.0,1.3,15.469999999999999,0,0
32.4,20.4,7.7,2.7,11.979999999999999,0,0
22.5,90.8,45.0,62.3,63.41,1,1
19.4,93.1,33.6,33.0,49.78999999999999,0,1
42.0,40.0,15.2,0.9,19.599999999999998,0,0
21.1,83.8,33.8,57.0,56.809999999999995,1,0
31.6,56.7,21.6,19.5,32.290000000000006,0,0
21.6,83.5,27.8,65.4,58.93000000000001,1,0
25.6,47.0,14.0,19.1,27.1,0,0
31.7,48.9,14.3,6.2,23.18,0,0
43.5,31.8,16.8,4.0,18.85,0,0
29.5,46.4,13.6,12.7,24.669999999999998,0,0
30.2,45.3,21.7,13.8,26.47,0,0
27.8,71.0,30.6,65.9,56.56,1,0
31.2,37.3,15.2,0.4,17.51,0,0
28.5,53.5,12.2,8.0,24.540000000000003,0,0
21.2,89.9,34.8,54.5,57.85,1,1
24.2,48.6,12.5,18.5,26.9,0,0
25.7,88.9,15.8,39.6,48.24,0,1
24.4,59.5,18.1,18.4,31.27,0,0
19.7,88.8,25.9,43.3,51.10999999999999,0,1
34.8,32.5,16.9,3.8,18.13,0,0
25.3,69.9,18.0,11.8,31.820000000000007,0,0
31.1,46.5,20.1,11.1,25.52,0,0
19.8,81.2,31.2,33.1,45.82,0,0
31.8,30.5,5.8,2.9,14.65,0,0
23.7,96.3,36.0,89.6,74.3,1,1
29.8,62.6,24.0,10.2,30.64,0,0
40.6,35.4,15.5,3.9,19.34,0,0
29.8,54.7,12.3,16.5,28.450000000000003,0,0
24.0,54.9,15.0,11.2,26.35,0,0
21.5,84.7,27.1,62.5,57.98,1,0
23.6,81.1,23.2,43.0,48.53,0,0
22.8,82.4,49.7,91.3,73.46000000000001,1,0
25.9,65.8,19.0,7.8,29.25,0,0
33.7,44.4,13.0,1.8,20.01,0,0
21.1,82.5,16.6,30.6,42.42,0,0
30.0,54.5,10.7,13.2,26.77,0,0
39.7,36.2,10.7,3.1,18.21,0,0
29.7,78.0,29.6,31.3,44.81,0,0
25.6,89.7,23.3,52.5,55.129999999999995,1,1
20.8,93.6,49.2,87.3,74.92,1,1
23.0,80.3,20.6,65.1,56.54999999999999,1,0
27.2,81.1,27.5,33.5,45.949999999999996,0,0
42.5,26.0,15.3,1.2,15.59,0,0
23.1,89.6,22.1,66.0,60.010000000000005,1,1
42.8,27.9,9.9,4.3,16.35,0,0
33.9,40.1,13.4,4.9,20.060000000000002,0,0
25.2,92.5,43.2,97.3,77.83,1,1
23.6,67.8,20.6,18.4,34.18,0,0
25.9,56.6,23.0,11.4,28.73,0,0
42.6,28.7,14.6,0.1,15.829999999999998,0,0
21.3,90.6,48.4,75.3,69.10999999999999,1,1
32.6,43.2,17.4,1.1,20.14,0,0
31.8,32.0,11.7,3.1,16.36,0,0
31.4,48.0,13.2,10.3,24.3,0,0
44.2,29.7,5.6,0.6,14.690000000000001,0,0
24.8,67.8,22.3,10.6,31.52,0,0
19.6,86.6,26.0,45.3,51.26,0,1
21.3,86.4,49.5,78.8,69.47,1,1
38.3,27.0,10.6,3.1,15.290000000000001,0,0
21.8,78.7,33.7,59.8,56.45,1,0
24.3,65.4,24.0,15.5,33.050000000000004,0,0
30.3,52.2,24.6,5.0,25.610000000000003,0,0
23.5,69.2,19.4,15.0,32.99,0,0
35.2,26.2,5.9,3.2,13.84,0,0
26.0,95.2,38.0,76.2,69.24,1,1
41.5,29.8,7.1,3.9,16.07,0,0
27.1,46.2,18.7,18.9,27.870000000000005,0,0
20.8,84.7,34.8,31.6,47.089999999999996,0,0
25.0,52.4,14.5,9.0,24.72,0,0
33.3,41.7,5.5,1.6,17.58,0,0
18.9,84.6,25.5,61.5,56.970000000000006,1,0
27.3,66.0,20.1,12.2,31.43,0,0
27.2,94.1,31.1,34.3,50.88999999999999,0,1
38.8,36.3,17.7,2.2,19.189999999999998,0,0
39.1,33.7,5.6,3.1,16.380000000000003,0,0
25.7,89.1,19.5,63.3,58.519999999999996,1,1
27.5,69.5,22.7,19.5,35.94,0,0
29.4,47.8,23.5,7.1,24.82,0,0
25.7,55.2,14.7,5.5,24.27,0,0
25.0,81.9,22.5,55.5,53.77,1,0
34.6,37.2,6.7,3.6,17.4,0,0
20.0,86.6,16.1,64.5,57.0,1,1
24.0,47.6,23.2,6.8,24.04,0,0
28.7,72.5,16.7,25.0,37.96,0,0
25.6,54.1,24.1,6.4,26.17,0,0
22.8,51.8,21.9,9.1,25.84,0,0
29.4,73.2,17.1,66.1,54.76,1,0
17.6,81.9,38.7,85.2,68.15,1,0
42.9,29.2,15.4,4.4,17.89,0,0
19.2,94.0,37.6,99.6,77.48,1,1
28.0,71.0,30.6,24.3,39.94,0,0
20.2,89.4,35.9,88.5,71.42,1,1
36.8,26.3,14.0,4.5,16.17,0,0
35.1,34.1,16.7,2.9,18.240000000000002,0,0
24.0,81.1,20.1,56.4,53.31,1,0
30.3,64.7,16.7,16.2,32.26,0,0
31.5,61.2,10.4,5.4,25.75,0,0
31.5,64.9,19.6,9.6,30.380000000000003,0,0
37.1,27.2,15.1,4.6,16.73,0,0
39.6,43.8,15.3,4.4,21.92,0,0
25.8,77.5,31.1,41.6,48.69,0,0
25.1,80.9,39.8,66.4,61.3,1,0
37.9,39.3,11.9,4.3,19.68,0,0
32.7,33.4,7.4,4.5,16.57,0,0
23.3,60.4,15.3,13.6,28.949999999999996,0,0
20.3,84.6,41.9,84.4,69.55,1,0
40.7,26.4,9.7,3.1,15.17,0,0
41.2,23.8,16.1,0.7,14.760000000000002,0,0
39.5,21.2,15.5,3.9,14.969999999999999,0,0
26.2,90.2,40.3,64.2,63.42,1,1
23.2,88.1,30.9,77.4,65.89,1,1
23.2,55.6,17.9,14.1,28.22,0,0
39.4,44.3,15.7,4.3,22.09,0,0
18.9,93.3,26.5,44.3,52.89999999999999,0,1
29.5,85.9,20.6,63.5,58.24,1,1
34.8,23.4,11.3,0.6,13.0,0,0
36.6,21.6,16.7,4.9,15.440000000000001,0,0
27.7,74.8,26.6,51.5,51.13,1,0
33.2,20.5,11.8,2.2,12.71,0,0
25.2,78.1,33.8,48.8,52.23,0,0
26.8,78.3,15.9,47.3,48.269999999999996,0,0
28.2,79.7,31.6,33.7,46.53,0,0
25.9,51.2,23.9,18.0,29.93,0,0
29.7,64.5,16.5,18.3,32.94,0,0
25.8,86.9,18.3,69.2,59.989999999999995,1,1
27.4,85.2,38.5,93.0,73.2,1,1
32.4,32.9,17.6,4.2,18.310000000000002,0,0
44.1,28.1,9.5,3.9,16.3,0,0
18.0,93.6,41.5,61.4,62.739999999999995,1,1
25.1,88.4,43.7,97.6,76.81,1,1
24.1,60.5,18.2,6.8,26.919999999999998,0,0
27.4,63.5,20.4,7.9,29.03,0,0
20.8,78.4,24.6,45.5,48.72,0,0
30.2,37.3,17.5,1.8,18.43,0,0
36.6,28.6,12.6,3.2,16.04,0,0
26.0,60.9,19.9,15.7,31.130000000000003,0,0
25.1,84.3,32.7,68.2,61.62,1,0
18.4,95.9,42.0,75.6,69.25,1,1
18.0,93.7,33.5,63.3,61.93,1,1
30.1,56.3,17.7,11.9,28.2,0,0
44.1,32.6,12.3,1.8,17.37,0,0
18.4,70.3,26.0,41.5,44.730000000000004,0,0
30.0,28.6,10.3,3.3,14.96,0,0
24.9,67.1,14.9,5.7,27.880000000000003,0,0
18.7,74.0,32.4,25.3,40.669999999999995,0,0
41.6,42.6,9.2,1.5,19.38,0,0
32.4,40.7,8.3,2.1,17.950000000000003,0,0
25.0,56.5,23.4,10.5,28.33,0,0
41.9,33.6,9.7,4.8,18.13,0,0
25.8,69.8,18.4,11.8,31.919999999999995,0,0
44.1,39.4,7.9,3.2,19.089999999999996,0,0
39.9,35.3,15.4,1.7,18.339999999999996,0,0
30.8,23.4,6.2,0.2,11.42,0,0
23.1,90.6,32.5,55.7,58.269999999999996,1,1
35.2,33.7,7.8,3.9,16.750000000000004,0,0
24.3,62.6,17.2,10.4,28.810000000000002,0,0
23.6,85.7,33.3,21.6,43.370000000000005,0,1
28.0,75.9,16.0,37.3,43.69,0,0
27.8,93.0,34.4,94.9,75.52,1,1
38.0,43.7,9.9,0.3,19.01,0,0
31.2,52.0,18.9,9.2,26.180000000000003,0,0
25.2,55.6,12.7,19.1,29.38,0,0
23.2,89.5,35.9,97.5,75.35,1,1
25.8,62.0,19.2,16.1,31.46,0,0
24.5,78.6,15.9,20.7,37.49,0,0
24.9,81.9,38.7,69.0,62.400000000000006,1,0
18.0,82.7,19.4,49.2,50.17,0,0
39.1,38.7,6.5,4.1,18.46,0,0
41.6,26.6,10.9,2.2,15.200000000000001,0,0
34.6,25.9,13.2,0.2,13.950000000000001,0,0
23.9,60.3,21.5,16.8,31.500000000000004,0,0
27.7,92.2,18.8,45.0,52.19,0,1
35.6,23.7,17.7,3.2,15.49,0,0
26.3,55.2,15.2,11.8,26.95,0,0
44.4,22.8,9.3,4.3,14.860000000000003,0,0
26.3,51.5,11.3,10.5,24.54,0,0
22.6,49.7,12.4,12.0,24.450000000000003,0,0
18.9,79.6,24.9,53.9,52.31,1,0
31.8,60.8,23.7,15.1,32.199999999999996,0,0
29.3,68.3,10.7,14.0,31.16,0,0
19.0,89.4,44.1,66.7,64.22,1,1
36.6,32.2,6.4,1.6,15.240000000000002,0,0
39.7,37.1,15.2,3.4,19.5,0,0
17.5,96.5,47.5,98.8,79.72,1,1
23.0,91.0,24.8,24.1,44.199999999999996,0,1
40.2,24.0,13.0,2.1,14.66,0,0
35.7,38.4,7.9,3.6,18.11,0,0
41.3,36.5,6.2,2.2,17.2,0,0
23.6,47.5,13.9,15.3,25.51,0,0
20.1,100.0,32.3,99.2,78.15,1,1
26.4,81.6,38.6,78.3,66.16,1,0
38.1,25.1,11.8,1.3,14.22,0,0
31.1,46.2,15.2,5.8,22.33,0,0
36.5,26.4,16.9,3.6,16.39,0,0
25.8,64.1,17.9,6.0,27.789999999999992,0,0
31.5,64.7,24.5,15.3,33.58,0,0
36.8,44.4,17.6,4.3,22.24,0,0
23.1,80.6,29.5,34.9,46.35,0,0
19.7,94.5,27.2,64.1,61.39999999999999,1,1
44.5,20.1,6.2,0.7,12.0,0,0
17.7,88.8,38.5,68.8,63.63,1,1
21.2,98.3,48.3,65.0,67.27,1,1
22.3,93.8,34.5,57.0,60.06999999999999,1,1
25.8,77.5,19.9,20.8,38.129999999999995,0,0
32.2,32.2,14.7,2.4,16.78,0,0
22.8,67.6,20.7,12.5,31.7,0,0
27.5,65.8,23.8,14.8,33.17,0,0
24.7,85.6,45.7,92.5,74.28999999999999,1,1
25.1,73.6,31.4,65.7,57.15,1,0
22.6,94.5,31.4,67.7,63.97,1,1
19.1,86.8,18.2,66.5,58.19,1,1
18.5,91.7,23.1,48.8,53.5,0,1
23.5,74.8,17.1,45.5,46.410000000000004,0,0
20.2,92.4,17.0,35.8,47.46000000000001,0,1
44.9,33.6,12.2,5.0,19.009999999999998,0,0
17.3,80.6,33.6,76.5,63.23,1,0
26.1,75.9,17.4,64.5,54.66,1,0
41.9,43.2,11.8,4.9,21.470000000000002,0,0
20.8,75.5,16.4,51.6,48.65,1,0
23.7,79.6,27.5,33.1,44.99,0,0
22.8,73.8,26.9,54.1,51.440000000000005,1,0
34.4,37.9,10.2,1.2,17.330000000000002,0,0
43.6,39.5,14.4,0.3,19.21,0,0
28.2,64.5,19.4,15.8,32.37,0,0
42.2,20.4,8.0,4.4,13.7,0,0
31.0,48.7,23.1,11.8,27.05,0,0
31.6,48.5,14.9,17.0,27.490000000000002,0,0
29.0,46.5,18.8,6.6,23.25,0,0
29.8,52.9,13.3,7.8,24.63,0,0
22.4,92.4,24.1,44.6,52.620000000000005,0,1
44.4,28.8,6.6,3.3,15.720000000000002,0,0
16.3,83.7,49.0,74.5,66.33999999999999,1,0
28.0,53.0,15.4,6.6,24.419999999999998,0,0
29.4,53.6,19.4,6.5,25.5,0,0
26.4,94.8,24.2,22.4,44.879999999999995,0,1
21.4,92.6,34.3,28.9,48.339999999999996,0,1
24.0,94.1,16.3,30.4,46.05,0,1
30.5,66.2,14.0,12.6,30.75,0,0
28.8,58.3,19.0,7.7,27.25,0,0
42.6,43.2,6.3,4.6,20.320000000000004,0,0
40.5,29.3,14.0,0.4,15.8,0,0
31.1,44.8,12.8,0.4,19.27,0,0
20.1,78.8,33.2,59.3,56.01,1,0
23.5,60.1,13.8,19.5,30.940000000000005,0,0
21.9,78.9,34.4,27.8,43.86000000000001,0,0
26.0,62.4,13.0,6.4,26.480000000000004,0,0
25.1,69.7,10.1,12.3,30.360000000000003,0,0
25.4,92.2,16.4,30.5,45.68,0,1
26.4,81.4,17.2,42.0,47.3,0,0
18.1,85.9,39.8,76.7,66.22,1,1
37.2,27.0,14.5,3.0,15.920000000000002,0,0
16.6,91.7,45.1,71.2,66.67,1,1
30.7,57.7,17.4,15.8,30.18,0,0
25.6,88.6,36.6,65.4,62.620000000000005,1,1
19.4,87.0,34.4,78.7,66.39999999999999,1,1
39.7,21.7,12.6,0.1,13.040000000000001,0,0
25.5,70.2,23.9,34.9,42.349999999999994,0,0
25.6,61.1,22.9,15.2,31.549999999999997,0,0
31.2,58.7,13.3,19.8,31.310000000000002,0,0
23.2,58.9,21.3,12.6,29.29,0,0
27.4,78.7,15.1,31.8,42.09,0,0
27.8,46.3,14.4,11.2,24.029999999999998,0,0
27.9,90.1,23.0,52.6,55.46,1,1
29.6,77.3,25.4,55.1,53.27,1,0
26.2,87.0,20.8,20.2,40.96,0,1
30.7,26.7,16.1,0.2,14.38,0,0
35.4,41.7,17.8,0.4,19.77,0,0
22.2,96.5,34.1,77.7,69.07,1,1
44.5,36.5,5.1,3.6,17.86,0,0
28.0,46.6,18.6,18.5,27.900000000000002,0,0
36.9,40.9,5.8,3.5,18.52,0,0
21.5,96.2,42.5,95.1,77.55000000000001,1,1
25.5,81.2,41.5,72.1,64.05,1,0
30.7,31.7,5.3,4.2,15.32,0,0
24.9,51.7,19.7,9.1,25.58,0,0
41.6,29.7,8.5,3.7,16.25,0,0
34.0,36.9,16.4,0.7,18.029999999999998,0,0
17.0,80.5,40.6,72.4,62.93000000000001,1,0
25.8,76.2,32.7,38.6,47.419999999999995,0,0
23.1,84.3,30.9,38.9,49.34,0,0
41.0,40.1,12.5,4.6,20.47,0,0
23.5,75.8,24.0,68.9,57.449999999999996,1,0
24.3,88.5,32.9,79.7,67.44000000000001,1,1
35.8,44.0,8.0,0.8,18.7,0,0
26.0,70.6,26.3,21.2,37.519999999999996,0,0
19.5,94.8,20.7,24.6,44.370000000000005,0,1
22.5,51.5,14.7,15.6,26.88,0,0
33.5,23.8,16.3,2.5,14.75,0,0
44.8,38.6,6.2,2.5,18.3,0,0
27.4,93.0,41.7,69.9,66.94,1,1
44.2,34.3,17.9,3.0,19.49,0,0
38.3,22.3,9.9,2.9,13.66,0,0
35.1,43.6,13.8,3.8,20.87,0,0
19.1,84.7,33.3,38.1,49.22,0,0
30.1,40.8,17.6,1.4,19.330000000000002,0,0
24.8,91.1,33.3,89.6,72.31,1,1
26.4,45.3,12.6,17.2,25.63,0,0
28.4,69.7,11.5,17.0,32.85,0,0
18.7,91.1,24.5,42.2,50.98,0,1
33.1,21.5,9.6,1.4,12.24,0,0
26.5,81.4,32.7,72.0,62.41,1,0
38.0,33.0,15.5,1.7,17.48,0,0
23.1,70.2,16.5,64.2,52.35,1,0
20.9,79.9,28.4,35.0,45.739999999999995,0,0
25.4,54.3,20.8,16.7,29.669999999999998,0,0
39.1,35.1,11.4,1.0,17.12,0,0
18.7,78.5,29.3,53.3,52.6,1,0
29.5,93.0,27.2,45.2,54.370000000000005,0,1
27.1,58.1,17.7,17.0,30.48,0,0
19.3,75.3,29.4,64.7,56.28,1,0
28.6,80.2,27.4,27.7,43.480000000000004,0,0
29.0,53.6,16.1,18.8,29.72,0,0
31.4,20.7,14.2,1.8,12.91,0,0
32.9,41.5,12.6,1.3,18.779999999999998,0,0
19.5,83.3,32.7,73.2,62.76,1,0
36.4,25.1,8.3,2.8,13.950000000000001,0,0
15.1,80.1,34.7,83.5,65.88,1,0
31.3,36.1,12.0,4.1,18.0,0,0
23.7,66.3,12.9,9.2,28.52,0,0
26.8,46.3,23.8,6.5,23.93,0,0
31.1,65.8,13.9,17.4,32.59,0,0
29.8,73.0,16.3,63.2,53.42,1,0
23.4,88.2,31.5,32.9,48.260000000000005,0,1
19.4,96.2,33.9,71.4,66.14,1,1
26.9,47.5,24.5,8.8,25.360000000000003,0,0
31.4,21.7,16.5,3.0,14.15,0,0
20.9,81.1,20.7,57.4,53.519999999999996,1,0
29.2,91.9,26.4,30.4,47.93000000000001,0,1
26.7,92.2,17.8,50.1,53.93000000000001,1,1
18.3,94.1,31.4,94.9,74.3,1,1
22.4,81.5,47.4,82.8,69.28999999999999,1,0
20.6,97.8,45.5,75.5,70.7,1,1
35.2,36.8,17.8,3.3,19.44,0,0
24.2,45.5,14.2,18.8,26.43,0,0
32.0,41.3,11.0,0.9,18.15,0,0
22.4,76.7,18.9,54.7,50.910000000000004,1,0
21.7,88.5,29.8,26.0,45.080000000000005,0,1
41.0,31.5,16.2,4.3,18.51,0,0
29.7,85.5,23.9,61.9,58.16,1,1
26.2,78.7,33.2,42.6,49.910000000000004,0,0
30.6,20.1,9.1,1.1,11.350000000000001,0,0
27.1,63.7,19.8,18.8,33.3,0,0
36.1,26.0,7.0,1.4,13.370000000000001,0,0
35.6,28.0,8.5,3.0,14.860000000000001,0,0
23.5,76.3,23.9,37.0,44.82,0,0
24.6,99.8,39.1,62.6,65.26,1,1
29.3,62.5,24.5,18.1,33.82,0,0
39.8,23.9,17.8,2.4,15.67,0,0
25.8,49.3,10.3,15.3,25.549999999999997,0,0
29.9,90.1,17.0,26.8,44.14,0,1
35.1,34.6,11.2,3.4,17.490000000000002,0,0
22.6,70.4,34.5,51.4,50.84,1,0
21.3,71.9,22.5,45.1,46.24,0,0
25.7,71.5,24.7,50.8,49.279999999999994,1,0
28.0,77.0,29.6,56.8,54.53999999999999,1,0
27.0,88.3,26.4,57.8,57.59,1,1
24.3,65.6,21.3,8.1,29.609999999999996,0,0
20.8,93.0,20.2,35.6,48.26,0,1
22.1,60.1,24.8,16.4,31.76,0,0
28.0,75.9,24.0,29.3,42.09,0,0
25.9,67.9,12.9,10.9,29.900000000000002,0,0
21.8,78.7,15.5,20.9,37.25,0,0
23.2,50.0,12.1,16.9,26.5,0,0
27.0,72.9,33.1,66.8,57.91000000000001,1,0
23.6,47.9,12.7,6.1,21.709999999999997,0,0
22.0,86.8,33.5,46.9,53.7,0,1
32.8,35.2,15.2,0.6,17.12,0,0
43.3,26.0,6.6,4.0,15.05,0,0
22.9,69.7,17.9,10.7,31.060000000000002,0,0
26.1,62.8,14.6,18.4,31.729999999999997,0,0
27.3,53.5,11.6,17.8,28.220000000000002,0,0
24.8,60.5,23.9,17.9,32.57,0,0
24.2,78.6,30.1,41.4,48.580000000000005,0,0
31.5,33.4,16.6,4.0,18.09,0,0
35.1,33.1,14.0,1.0,16.64,0,0
19.0,86.1,26.2,69.6,60.81,1,1
19.9,92.7,41.7,80.8,70.46,1,1
26.2,48.7,15.6,16.3,26.87,0,0
25.5,94.6,22.9,67.4,62.47,1,1
24.1,94.8,26.6,23.2,45.45,0,1
26.1,77.9,30.0,50.7,52.260000000000005,1,0
23.2,90.7,41.9,74.0,67.50999999999999,1,1
18.3,89.6,22.9,46.9,52.05,0,1
32.8,31.1,6.9,3.2,15.27,0,0
20.5,92.8,48.9,91.1,76.11,1,1
24.0,68.6,16.4,11.5,30.86,0,0
26.9,91.2,30.8,61.5,60.81,1,1
23.1,45.4,11.8,11.9,23.049999999999997,0,0
31.6,69.9,18.3,15.8,34.11,0,0
24.3,76.0,23.5,62.6,54.970000000000006,1,0
23.4,71.2,29.3,22.2,38.44,0,0
33.8,29.9,15.5,1.4,16.009999999999998,0,0
27.1,55.1,18.8,9.1,26.640000000000004,0,0
24.9,66.7,17.4,16.0,32.38,0,0
28.5,68.6,23.6,5.3,30.270000000000003,0,0
39.4,39.6,9.5,3.0,18.92,0,0
27.5,53.0,23.2,5.3,25.41,0,0
23.3,61.4,16.7,11.7,28.769999999999996,0,0
24.8,68.4,20.9,6.7,29.86,0,0
23.6,82.8,24.4,56.7,54.760000000000005,1,0
38.5,39.2,7.2,0.5,17.25,0,0
30.0,62.0,24.3,7.1,29.299999999999997,0,0
22.4,68.1,22.5,14.2,32.849999999999994,0,0
19.7,91.7,49.3,76.6,69.98,1,1
23.0,84.5,29.5,33.1,46.79,0,0
30.8,62.0,20.5,14.4,31.54,0,0
29.0,79.3,23.3,48.1,50.589999999999996,0,0
28.1,89.5,25.8,67.7,61.900000000000006,1,1
18.3,75.3,21.1,49.2,48.32,0,0
43.6,29.0,11.1,2.3,16.2,0,0
19.4,77.4,30.1,29.8,43.1,0,0
23.9,58.5,20.6,18.5,31.460000000000004,0,0
29.0,71.3,25.6,31.4,41.96999999999999,0,0
36.8,35.8,9.7,1.2,16.839999999999996,0,0
25.3,77.0,22.8,29.1,41.83,0,0
26.9,84.8,46.6,62.2,62.33,1,0
22.4,75.0,20.3,26.8,39.52,0,0
41.5,32.2,14.9,0.4,16.950000000000003,0,0
15.1,93.4,38.9,96.2,75.79,1,1
27.1,82.9,25.1,46.7,51.28000000000001,0,0
41.8,22.2,15.8,1.6,14.639999999999999,0,0
31.7,46.3,16.6,17.6,27.42,0,0
32.3,27.9,12.3,1.9,14.82,0,0
29.9,67.9,12.4,17.8,32.96,0,0
27.4,64.5,14.8,14.5,30.85,0,0
26.6,63.4,18.7,14.9,31.38,0,0
26.2,83.4,39.4,75.7,65.8,1,0
27.9,88.3,29.3,22.7,44.22,0,1
28.7,65.4,19.0,14.2,31.970000000000002,0,0
21.1,79.4,25.0,41.5,47.53,0,0
24.0,68.2,22.2,12.1,32.14,0,0
25.0,47.9,21.4,16.4,27.71,0,0
27.5,45.0,14.1,11.5,23.67,0,0
42.2,28.0,14.7,3.2,16.84,0,0
25.6,48.6,19.6,7.6,24.1,0,0
42.6,32.8,5.8,0.1,15.299999999999997,0,0
33.2,34.6,14.7,5.0,18.64,0,0
29.4,79.4,34.7,32.9,46.86,0,0
22.4,85.7,24.7,38.9,48.45,0,1
25.9,89.6,35.5,91.4,73.13,1,1
22.6,94.4,49.3,71.6,69.08,1,1
27.8,51.7,16.2,11.8,26.25,0,0
24.5,80.6,33.2,42.6,50.31,0,0
35.0,36.9,6.2,4.8,17.729999999999997,0,0
25.7,71.1,20.0,24.2,37.58,0,0
23.7,85.4,15.8,44.6,48.99,0,1
23.2,72.2,23.0,40.9,44.94,0,0
26.6,95.1,43.6,91.9,76.67,1,1
35.7,38.6,5.0,4.3,17.87,0,0
43.4,37.4,13.9,4.9,20.3,0,0
42.7,34.2,16.0,0.8,18.05,0,0
35.4,42.6,5.0,4.7,19.2,0,0
27.2,72.7,23.5,28.8,40.75,0,0
25.4,80.2,36.4,83.0,67.08000000000001,1,0
40.5,41.6,12.5,1.1,19.47,0,0
23.0,66.0,23.7,14.5,32.64,0,0
32.6,27.4,17.5,4.0,16.58,0,0
43.7,37.0,16.4,0.7,19.029999999999998,0,0
22.8,52.7,14.5,5.3,23.11,0,0
18.2,71.7,20.2,22.0,36.17,0,0
28.8,78.0,18.0,59.7,53.760000000000005,1,0
37.1,20.2,13.3,3.7,13.91,0,0
41.5,25.9,7.7,4.5,15.26,0,0
22.0,76.1,25.8,65.3,56.31,1,0
30.0,67.0,19.3,10.1,30.999999999999996,0,0
28.3,48.0,18.7,15.5,27.169999999999995,0,0
36.4,31.9,5.8,3.1,15.61,0,0
18.3,88.3,39.3,87.2,71.06,1,1
23.3,55.1,17.5,10.9,26.72,0,0
25.6,92.7,28.7,55.4,58.27,1,1
26.7,98.5,35.9,62.1,64.24,1,1
24.0,92.0,38.9,64.0,63.38,1,1
24.0,55.7,25.0,10.5,28.310000000000002,0,0
30.2,54.0,18.7,9.9,26.919999999999998,0,0
25.7,69.5,18.5,15.6,33.36,0,0
25.6,73.1,16.7,41.4,44.39,0,0
31.0,61.1,20.0,11.4,29.990000000000002,0,0
24.4,50.1,17.8,5.9,23.390000000000004,0,0
26.9,83.3,30.2,60.9,58.07999999999999,1,0
21.9,79.1,15.2,26.0,39.35999999999999,0,0
29.9,88.9,22.8,46.4,52.78000000000001,0,1
19.0,75.0,28.6,29.8,42.04,0,0
22.3,88.6,32.5,77.2,66.19,1,1
44.0,32.9,17.9,2.7,18.93,0,0
31.9,22.4,9.7,1.6,12.489999999999998,0,0
25.2,84.0,16.2,21.0,39.36000000000001,0,0
19.4,79.1,32.8,69.5,60.03,1,0
19.5,84.2,27.8,26.8,43.49000000000001,0,0
17.4,87.1,32.0,79.7,66.15,1,1
29.4,73.3,20.9,52.4,50.07,1,0
23.2,86.8,45.0,81.0,69.75999999999999,1,1
41.6,31.4,8.8,0.2,15.42,0,0
24.5,50.4,13.2,5.5,22.41,0,0
41.4,28.5,6.0,3.4,15.25,0,0
24.5,65.0,24.9,18.1,34.17,0,0
27.7,87.5,16.1,63.3,57.56,1,1
32.1,35.4,11.2,3.6,17.509999999999998,0,0
31.6,31.1,16.3,1.3,16.27,0,0
27.3,48.1,20.6,15.2,27.36,0,0
27.7,55.2,10.1,15.4,27.509999999999998,0,0
41.9,30.9,7.5,3.3,16.28,0,0
35.8,39.9,13.4,4.1,19.869999999999997,0,0
25.1,90.5,49.3,90.6,75.76,1,1
21.4,94.3,31.8,54.6,58.63,1,1
24.4,73.4,25.5,38.1,44.800000000000004,0,0
30.9,21.0,16.0,3.4,13.95,0,0
26.8,82.9,16.7,57.2,53.77,1,0
27.6,91.4,29.3,22.1,44.88,0,1
21.5,97.4,44.0,86.0,74.57000000000001,1,1
24.2,46.3,21.0,10.9,24.869999999999997,0,0
43.3,33.8,5.0,4.5,17.27,0,0
24.9,83.3,25.2,52.9,53.68,1,0
25.7,61.2,13.9,19.3,31.43,0,0
38.1,42.1,14.8,3.7,20.880000000000003,0,0
26.1,57.2,16.8,7.0,25.93,0,0
27.4,57.3,23.2,6.7,27.25,0,0
29.9,65.1,25.0,7.0,30.32,0,0
23.9,50.7,22.5,17.0,28.900000000000002,0,0
24.5,92.7,40.9,70.6,66.67999999999999,1,1
24.2,50.4,12.0,13.2,25.22,0,0
36.8,33.9,14.2,4.1,18.33,0,0
25.2,66.4,24.2,16.6,33.92,0,0
38.5,26.6,12.0,0.6,14.47,0,0
19.7,71.6,30.2,34.1,43.129999999999995,0,0
40.1,43.3,10.1,3.0,20.22,0,0
24.5,49.5,16.1,17.4,27.48,0,0
17.4,83.2,47.6,72.4,65.18,1,0
28.5,46.1,24.8,15.2,27.720000000000002,0,0
31.3,29.2,15.3,2.8,16.07,0,0
33.1,41.5,8.5,2.9,18.619999999999997,0,0
25.6,63.4,17.8,15.0,31.14,0,0
27.5,94.4,30.9,53.6,58.690000000000005,1,1
15.2,90.0,40.4,80.3,68.72,1,1
30.6,28.2,13.3,0.2,14.26,0,0
39.6,34.6,7.9,4.7,17.8,0,0
38.1,31.8,14.2,2.5,17.189999999999998,0,0
19.5,87.4,16.6,32.1,44.330000000000005,0,1
40.9,27.0,9.0,0.0,13.99,0,0
22.2,54.8,14.6,19.3,29.299999999999997,0,0
42.8,27.7,15.0,4.7,17.47,0,0
19.1,83.6,18.7,64.3,56.45,1,0
39.3,39.2,15.4,3.1,20.009999999999998,0,0
35.9,44.8,6.4,3.0,19.51,0,0
24.9,89.9,29.1,48.1,54.52000000000001,0,1
24.8,79.5,16.4,66.8,56.33,1,0
40.4,33.3,7.2,0.7,15.749999999999996,0,0
19.2,92.0,38.8,64.1,62.919999999999995,1,1
27.0,89.0,19.0,26.7,43.879999999999995,0,1
28.9,65.7,15.4,13.6,31.120000000000005,0,0
30.7,64.6,21.1,13.4,32.03,0,0
27.4,94.7,30.9,31.2,49.81,0,1
44.6,25.6,10.9,3.2,15.600000000000001,0,0
26.9,90.9,19.6,61.4,58.44,1,1
18.3,71.1,15.2,55.7,48.48,1,0
39.3,31.7,6.3,2.8,15.819999999999999,0,0
26.5,73.8,19.0,42.6,45.629999999999995,0,0
34.4,44.4,14.4,2.3,20.56,0,0
32.5,23.4,16.5,0.6,13.81,0,0
25.6,60.2,10.0,16.1,29.060000000000002,0,0
26.7,93.2,24.8,69.6,63.43,1,1
39.1,26.0,16.5,2.4,15.97,0,0
18.3,80.7,38.7,92.3,70.7,1,0
26.5,69.7,18.4,12.0,32.04,0,0
22.1,68.4,19.3,9.2,30.27,0,0
32.9,31.2,17.2,0.9,16.45,0,0
25.1,97.8,32.1,92.3,75.19,1,1
33.8,30.9,8.7,1.0,14.79,0,0
16.2,99.7,30.4,73.1,66.85000000000001,1,1
36.4,29.0,9.2,1.8,14.9,0,0
28.8,61.5,10.6,6.6,26.09,0,0
25.9,73.3,29.8,33.5,43.94,0,0
43.2,21.7,17.1,4.3,15.97,0,0
28.5,61.0,10.1,8.5,26.570000000000004,0,0
19.3,94.6,17.4,48.9,53.349999999999994,0,1
40.8,40.7,7.5,5.0,19.79,0,0
21.9,91.7,34.8,57.4,59.62,1,1
22.5,81.7,32.9,65.6,59.58,1,0
32.3,43.8,11.1,1.7,19.27,0,0
31.3,60.3,21.0,18.1,32.660000000000004,0,0
26.1,50.9,14.4,12.6,25.799999999999997,0,0
19.8,89.0,35.6,96.0,74.20000000000002,1,1
25.7,69.7,20.6,13.2,32.88,0,0
42.3,26.6,16.2,1.0,15.850000000000001,0,0
26.2,55.4,20.4,16.8,30.039999999999996,0,0
42.6,31.9,13.8,0.9,16.95,0,0
20.9,84.9,43.0,94.4,73.92,1,0
25.5,86.9,49.5,64.5,64.32000000000001,1,1
28.5,46.2,18.8,17.4,27.430000000000003,0,0
28.1,74.1,16.2,36.0,42.68,0,0
43.4,35.4,13.4,2.3,18.56,0,0
25.1,93.9,30.6,30.2,48.88,0,1
38.0,20.6,9.2,3.4,13.180000000000001,0,0
19.8,78.4,33.7,49.5,52.04,0,0
29.6,77.4,18.5,54.1,51.52,1,0
28.1,85.0,16.5,49.9,51.57,0,1
25.7,59.0,11.5,18.1,29.810000000000002,0,0
40.6,41.1,14.6,3.5,20.71,0,0
27.4,55.0,12.7,16.3,28.299999999999997,0,0
28.6,89.9,32.7,27.1,47.21,0,1
37.9,44.1,7.3,1.9,19.24,0,0
21.1,82.5,22.8,53.8,52.94,1,0
26.7,56.6,23.2,11.9,29.050000000000004,0,0
34.6,32.6,13.2,0.5,16.08,0,0
34.0,42.6,15.8,3.2,20.619999999999997,0,0
31.5,40.3,17.2,3.7,20.159999999999997,0,0
25.0,75.5,27.2,58.4,53.949999999999996,1,0
16.7,89.9,34.9,98.3,74.94000000000001,1,1
23.0,58.2,18.6,19.7,31.360000000000003,0,0
40.0,24.8,11.9,1.7,14.5,0,0
23.9,88.1,33.0,62.9,60.58,1,1
21.7,94.0,22.3,60.6,59.07,1,1
25.2,90.0,33.7,38.4,51.620000000000005,0,1
27.5,51.2,15.2,9.8,25.07,0,0
39.1,23.4,15.8,0.5,14.29,0,0
29.9,63.9,20.8,11.9,31.08,0,0
29.8,51.5,24.8,10.5,27.59,0,0
31.2,26.4,15.9,2.7,15.3,0,0
26.3,61.5,10.0,8.8,26.599999999999998,0,0
39.7,24.4,5.9,0.8,12.790000000000001,0,0
28.9,65.5,16.5,5.3,27.96,0,0
25.6,50.9,16.7,19.1,28.810000000000002,0,0
27.6,88.1,45.9,96.5,76.97000000000001,1,1
25.9,91.1,27.9,45.8,53.81999999999999,0,1
18.4,80.5,35.0,72.5,61.989999999999995,1,0
18.0,95.6,45.5,63.7,65.06,1,1
24.2,88.5,33.9,33.3,49.07000000000001,0,1
27.1,50.3,18.7,16.6,28.18,0,0
31.3,57.2,24.6,17.4,32.17,0,0
27.2,68.7,11.2,7.8,28.689999999999998,0,0
39.0,28.6,13.5,0.3,15.299999999999999,0,0
27.4,94.3,33.5,37.2,52.61000000000001,0,1
24.2,79.4,33.1,45.8,51.18000000000001,0,0
38.6,32.4,14.2,4.3,18.14,0,0
26.9,57.1,10.7,5.3,24.080000000000002,0,0
33.7,37.7,14.4,1.7,18.240000000000002,0,0
23.4,68.4,12.6,12.3,30.3,0,0
17.5,81.9,38.5,99.1,73.66000000000001,1,0
39.6,25.7,10.3,2.6,14.770000000000001,0,0
27.9,81.3,32.0,75.9,63.94,1,0
31.6,23.3,5.1,4.2,12.85,0,0
40.9,25.6,12.0,3.9,15.73,0,0
26.5,73.8,28.6,68.6,57.949999999999996,1,0
23.8,51.4,19.9,16.4,28.339999999999996,0,0
18.9,85.1,30.5,80.5,65.72,1,1
40.4,22.1,15.7,2.9,14.969999999999999,0,0
43.3,36.2,6.6,4.3,18.230000000000004,0,0
33.8,35.1,17.6,1.5,18.029999999999998,0,0
20.2,70.3,18.6,48.4,46.190000000000005,0,0
30.6,27.3,15.4,1.6,14.97,0,0
32.2,35.7,8.3,4.8,17.51,0,0
21.5,89.9,31.6,61.6,60.08,1,1
31.0,59.3,11.5,11.1,27.630000000000003,0,0
27.9,69.8,11.8,17.6,33.129999999999995,0,0
29.1,86.6,25.0,39.2,49.56999999999999,0,1
41.3,23.3,5.7,3.5,13.66,0,0
31.6,63.0,16.6,7.9,28.54,0,0
26.5,62.5,22.2,16.2,32.32,0,0
22.3,62.5,22.9,10.8,29.88,0,0
29.7,77.3,33.2,35.3,46.919999999999995,0,0
23.2,84.1,34.2,22.7,43.47,0,0
26.7,81.4,16.0,34.1,43.93000000000001,0,0
27.1,90.4,26.8,51.8,55.910000000000004,1,1
23.4,68.7,14.6,12.4,30.830000000000002,0,0
28.3,84.5,19.2,67.0,58.81999999999999,1,0
27.5,71.3,26.4,30.0,41.42,0,0
25.0,92.3,35.3,86.5,71.85,1,1
23.2,88.1,25.8,63.3,59.23,1,1
28.9,69.0,15.4,15.8,32.99,0,0
40.1,33.6,11.9,4.1,18.110000000000003,0,0
32.4,33.4,16.2,1.1,16.939999999999998,0,0
35.1,42.4,6.7,4.8,19.49,0,0
42.0,25.7,6.2,2.9,14.309999999999999,0,0
30.8,44.5,13.5,3.0,20.33,0,0
30.2,59.6,16.4,19.4,31.94,0,0
40.0,43.5,6.7,0.6,18.63,0,0
36.5,44.5,15.1,2.0,20.82,0,0
21.5,89.7,33.0,29.2,47.34,0,1
23.0,53.6,15.4,10.3,25.580000000000002,0,0
23.9,90.2,20.1,45.5,51.67,0,1
29.9,52.9,13.2,10.3,25.619999999999997,0,0
24.7,63.6,20.9,13.8,31.249999999999996,0,0
17.3,94.5,44.5,79.7,70.86000000000001,1,1
44.4,35.0,12.3,0.1,17.44,0,0
44.1,24.5,5.6,2.9,14.04,0,0
19.0,93.7,19.0,30.3,45.93,0,1
31.2,27.9,15.6,0.1,14.649999999999999,0,0
24.5,79.5,17.2,38.9,45.3,0,0
23.2,60.4,17.3,14.9,29.86,0,0
29.1,91.5,25.1,63.3,60.7,1,1
43.8,41.5,6.9,4.3,19.93,0,0
24.2,68.0,12.8,10.8,29.700000000000003,0,0
17.9,90.6,43.9,96.6,76.39,1,1
27.4,65.9,23.4,9.0,30.79,0,0
31.4,48.9,21.3,17.2,28.95,0,0
25.6,46.4,13.4,12.0,23.96,0,0
34.0,44.9,11.2,4.4,20.869999999999997,0,0
30.6,48.8,18.7,12.6,26.480000000000004,0,0
43.9,31.2,15.4,4.2,18.509999999999998,0,0
23.5,98.2,33.6,93.9,76.09,1,1
29.2,89.2,33.8,30.1,48.480000000000004,0,1
29.4,70.2,21.4,36.7,42.96,0,0
21.6,85.2,30.6,62.5,58.84,1,1
25.7,75.5,29.2,61.0,55.46,1,0
23.2,90.4,45.0,66.2,64.92,1,1
19.5,93.2,47.0,87.7,74.39000000000001,1,1
28.6,94.2,23.0,26.4,46.28,0,1
24.3,69.8,11.9,13.0,30.949999999999996,0,0
29.2,48.0,20.3,18.5,28.78,0,0
33.4,40.2,9.6,4.3,19.04,0,0
41.7,40.9,12.4,1.9,19.68,0,0
25.5,62.2,20.0,6.6,27.85,0,0
30.9,46.6,14.0,19.9,27.830000000000002,0,0
43.2,31.2,14.6,2.6,17.64,0,0
21.7,93.4,31.1,75.4,66.57000000000001,1,1
32.3,27.0,17.7,1.4,15.43,0,0
25.7,71.8,27.2,65.0,55.55,1,0
17.2,98.8,47.7,64.8,66.82000000000001,1,1
40.0,44.8,10.7,4.2,21.259999999999998,0,0
33.4,39.8,15.9,4.7,20.34,0,0
37.0,40.5,14.4,0.1,18.77,0,0
29.8,67.2,20.3,19.1,34.84,0,0
19.0,81.3,17.6,27.8,40.93,0,0
36.9,37.2,6.8,2.1,17.05,0,0
24.1,64.6,20.8,10.4,30.11,0,0
41.1,28.9,10.8,2.0,15.740000000000002,0,0
20.2,75.4,22.3,21.6,37.74,0,0
25.9,74.4,18.0,66.4,55.07000000000001,1,0
26.3,53.4,12.0,8.0,24.249999999999996,0,0
34.2,20.7,10.9,1.5,12.41,0,0
17.9,95.7,47.8,88.2,75.34,1,1
29.8,72.5,23.1,37.0,44.14999999999999,0,0
28.9,89.2,26.1,52.7,55.95,1,1
30.5,25.8,17.5,1.9,15.05,0,0
23.0,70.1,27.4,30.7,41.09,0,0
44.9,21.0,10.4,1.8,13.59,0,0
28.1,68.1,10.1,17.2,32.13999999999999,0,0
20.8,93.7,43.2,84.7,72.71,1,1
24.5,72.3,25.1,66.0,55.56000000000001,1,0
24.8,89.3,32.6,92.5,72.79,1,1
18.9,82.6,24.1,64.9,57.45,1,0
25.0,83.6,23.8,43.4,49.699999999999996,0,0
44.8,35.1,7.4,1.4,17.05,0,0
27.8,88.1,15.9,37.5,47.38999999999999,0,1
25.2,81.4,41.7,63.4,60.64000000000001,1,0
31.4,46.9,10.9,15.7,25.669999999999998,0,0
24.4,56.0,18.9,13.1,28.26,0,0
23.2,87.8,49.4,84.9,72.49999999999999,1,1
36.6,30.0,6.6,1.8,14.700000000000001,0,0
19.0,91.8,31.4,34.6,49.56,0,1
25.4,54.2,10.1,13.8,26.34,0,0
32.5,22.0,16.8,0.1,13.25,0,0
21.6,89.4,28.5,62.2,59.56,1,1
23.2,57.6,21.8,12.0,28.76,0,0
20.8,83.9,45.4,79.6,68.17,1,0
29.7,51.3,15.5,15.4,27.619999999999997,0,0
21.5,92.4,33.9,76.4,67.21000000000001,1,1
19.3,85.4,34.5,27.7,45.53,0,1
23.8,71.2,30.0,56.6,52.38,1,0
28.1,88.2,24.2,22.8,43.230000000000004,0,1
23.1,46.1,16.5,15.4,25.6,0,0
29.8,64.9,17.5,10.8,30.270000000000003,0,0
26.4,51.8,21.3,6.7,25.12,0,0
27.2,65.3,20.1,11.7,31.009999999999998,0,0
17.0,94.3,38.9,90.8,74.09,1,1
24.3,85.9,30.2,35.9,48.599999999999994,0,1
43.9,28.7,15.0,1.8,16.72,0,0
27.8,89.8,49.5,71.1,68.06,1,1
29.5,92.9,29.1,49.1,56.28000000000001,0,1
19.8,90.2,17.2,24.5,42.279999999999994,0,1
36.1,28.6,14.8,4.7,17.03,0,0
31.9,55.1,23.0,5.3,26.440000000000005,0,0
19.8,93.7,20.5,66.8,60.91,1,1
24.7,91.5,28.5,42.7,52.7,0,1
17.8,91.7,38.3,67.5,63.95,1,1
24.1,85.0,32.9,54.0,56.09,1,1
20.5,81.2,32.3,44.8,50.79,0,0
42.9,21.0,11.7,4.2,14.61,0,0
38.5,40.8,5.7,0.0,17.23,0,0
26.8,46.9,10.8,5.7,21.189999999999998,0,0
21.6,80.4,42.0,87.9,69.84,1,0
41.2,31.7,5.2,3.8,16.19,0,0
22.7,52.0,13.4,17.8,27.669999999999998,0,0
40.8,30.5,17.6,4.8,18.67,0,0
24.2,59.7,21.6,15.2,30.730000000000004,0,0
36.3,24.8,5.2,1.9,12.869999999999997,0,0
39.8,41.4,17.7,1.4,20.5,0,0
28.6,75.9,18.7,32.5,42.37,0,0
39.2,31.0,6.9,3.0,15.8,0,0
30.6,62.0,21.1,13.3,31.200000000000003,0,0
22.2,69.1,15.7,8.2,29.369999999999997,0,0
25.6,86.7,43.8,66.6,63.970000000000006,1,1
38.4,21.0,9.6,4.1,13.7,0,0
22.3,81.5,28.3,64.1,57.98,1,0
27.7,75.2,22.8,39.2,45.57000000000001,0,0
30.1,43.4,14.7,2.7,20.05,0,0
40.6,41.1,10.8,2.2,19.43,0,0
26.4,61.1,24.9,19.8,33.87,0,0
20.8,93.6,33.7,29.5,48.699999999999996,0,1
31.9,56.5,19.3,7.8,27.12,0,0
30.7,47.4,24.0,8.2,25.37,0,0
32.8,26.5,17.6,3.4,16.11,0,0
24.9,91.2,19.7,45.1,51.830000000000005,0,1
30.1,43.1,13.2,0.4,18.740000000000002,0,0
43.9,24.3,7.1,2.1,13.940000000000001,0,0
41.7,35.8,5.7,0.8,16.37,0,0
16.7,94.9,32.4,83.5,70.02000000000001,1,1
25.5,53.2,14.7,11.7,26.130000000000003,0,0
29.2,87.9,24.1,32.8,47.230000000000004,0,1
27.6,86.9,16.4,63.1,57.35,1,1
25.5,55.5,15.2,15.7,28.52,0,0
31.5,51.0,23.1,9.1,26.71,0,0
28.6,92.6,27.7,20.0,44.18,0,1
43.7,20.7,11.4,1.3,13.380000000000003,0,0
26.3,75.2,27.8,46.2,49.230000000000004,0,0
34.2,38.3,12.9,3.6,18.93,0,0
44.9,40.4,10.1,2.8,19.75,0,0
27.7,86.9,48.6,92.5,75.56,1,1
20.3,73.1,18.5,58.1,50.900000000000006,1,0
24.0,94.4,23.5,66.7,62.1,1,1
31.3,38.2,12.8,3.7,18.630000000000003,0,0
25.5,73.2,21.9,37.6,43.93,0,0
33.3,24.4,14.9,1.3,14.15,0,0
35.0,37.0,10.3,0.8,16.98,0,0
36.2,31.4,8.3,2.3,15.620000000000001,0,0
31.5,38.6,11.0,3.9,18.490000000000002,0,0
22.4,89.8,49.2,75.0,69.02,1,1
24.8,64.0,10.5,16.4,30.34,0,0
28.2,52.7,24.7,16.4,30.130000000000003,0,0
30.8,68.5,16.9,8.7,30.490000000000002,0,0
39.4,25.2,14.1,2.5,15.319999999999999,0,0
28.9,76.4,31.1,47.6,51.07000000000001,0,0
23.8,91.0,21.7,27.6,45.06000000000001,0,1
31.4,33.2,9.4,1.2,15.460000000000003,0,0
32.0,30.0,6.4,3.8,15.0,0,0
25.2,97.0,33.4,90.5,74.49999999999999,1,1
27.0,47.0,18.0,11.6,25.04,0,0
26.3,100.0,48.0,99.0,81.82999999999998,1,1
27.0,80.9,15.4,25.8,40.370000000000005,0,0
32.8,23.6,18.0,0.1,14.0,0,0
35.0,32.2,11.9,1.1,15.98,0,0
22.3,89.4,30.8,21.4,43.77,0,1
23.8,86.9,24.2,41.3,49.81000000000001,0,1
36.0,39.1,6.2,0.8,16.89,0,0
21.7,72.9,16.8,58.5,50.800000000000004,1,0
26.0,82.4,22.5,26.5,42.42000000000001,0,0
23.2,95.0,20.1,52.6,55.88000000000001,1,1
42.9,39.6,8.7,2.5,18.91,0,0
31.4,28.2,11.2,3.2,15.12,0,0
28.0,100.0,33.7,69.2,67.22,1,1
23.0,51.6,24.7,8.7,26.200000000000003,0,0
22.9,91.0,18.8,64.2,59.03,1,1
32.0,25.1,13.1,1.3,13.870000000000001,0,0
31.8,33.4,14.9,0.9,16.54,0,0
31.6,69.2,14.4,15.4,32.96,0,0
21.3,92.6,34.2,76.6,67.39,1,1
29.1,93.3,25.6,35.3,50.14,0,1
25.1,80.2,15.8,66.1,56.169999999999995,1,0
36.2,31.7,16.3,0.7,16.669999999999998,0,0
44.7,43.2,6.4,1.1,19.15,0,0
44.9,21.7,14.7,2.9,15.1,0,0
23.0,45.4,18.6,7.9,22.8,0,0
38.9,36.1,12.0,4.0,18.72,0,0
41.2,39.1,17.0,1.5,19.85,0,0
25.2,94.2,34.5,61.2,62.16000000000001,1,1
27.1,85.6,30.5,68.5,61.89,1,1
43.3,21.9,6.0,0.1,12.14,0,0
30.5,54.7,14.9,7.1,25.28,0,0
22.7,63.5,23.1,15.7,32.220000000000006,0,0
27.5,81.0,24.3,43.3,49.230000000000004,0,0
26.0,75.7,31.6,43.7,49.11,0,0
31.8,37.9,13.2,1.3,17.71,0,0
30.2,42.8,12.9,1.9,19.2,0,0
28.1,74.3,27.6,62.8,55.74,1,0
26.9,76.9,20.8,67.2,56.8,1,0
31.6,63.8,22.3,8.1,29.999999999999996,0,0
26.0,94.5,15.2,68.2,61.269999999999996,1,1
20.4,87.7,26.9,38.8,49.25,0,1
28.1,86.5,32.6,25.0,45.28000000000001,0,1
22.7,51.6,14.9,7.0,23.53,0,0
24.0,77.6,29.0,31.6,44.12,0,0
38.1,27.7,11.9,4.2,16.18,0,0
36.9,22.8,9.9,0.9,12.87,0,0
24.7,62.0,23.3,10.9,30.089999999999996,0,0
20.0,77.1,31.9,64.6,57.35,1,0
18.3,96.3,41.8,74.2,68.76,1,1
36.1,36.2,14.3,3.7,18.810000000000002,0,0
22.8,70.3,29.9,54.0,50.95,1,0
20.0,82.0,24.6,50.5,51.72,1,0
26.4,76.9,25.8,23.3,40.19,0,0
24.1,78.4,33.7,59.7,56.55000000000001,1,0
19.8,85.8,46.7,76.2,67.54,1,1
41.1,23.2,17.5,0.9,14.93,0,0
27.2,55.4,15.6,18.0,29.659999999999997,0,0
41.6,44.3,11.1,2.7,20.75,0,0
22.9,68.3,20.4,17.9,34.019999999999996,0,0
24.1,84.4,33.5,25.7,44.71000000000001,0,0
18.7,89.3,19.0,25.5,42.66,0,1
15.6,80.6,47.0,96.2,73.62,1,0
22.4,56.4,22.0,12.8,28.679999999999996,0,0
38.2,27.5,7.0,0.5,13.67,0,0
27.6,75.5,20.6,64.2,55.209999999999994,1,0
28.1,69.3,24.9,14.2,34.26,0,0
25.5,59.8,13.7,16.6,29.87,0,0
37.3,36.7,11.6,0.1,17.099999999999998,0,0
25.5,88.6,38.0,74.2,66.41000000000001,1,1
25.3,80.7,37.1,78.3,65.48,1,0
41.6,37.4,7.7,2.2,17.8,0,0
32.2,41.1,15.8,4.1,20.35,0,0
30.3,56.6,17.3,6.4,26.03,0,0
24.0,76.1,24.7,33.5,43.56999999999999,0,0
25.7,90.6,24.5,44.2,52.33,0,1
29.4,46.1,23.8,17.2,28.410000000000004,0,0
42.1,38.3,16.1,0.0,18.919999999999998,0,0
35.5,33.7,5.7,3.5,16.200000000000003,0,0
26.3,80.2,29.4,44.2,50.25000000000001,0,0
24.9,63.6,20.4,7.2,28.53,0,0
23.3,83.0,24.6,28.5,43.55,0,0
22.8,80.1,26.6,52.8,52.75,1,0
28.2,63.3,22.1,14.1,31.87,0,0
20.6,74.0,24.4,62.5,54.14000000000001,1,0
29.3,92.3,17.0,59.4,57.78,1,1
23.2,80.0,26.4,49.7,51.480000000000004,0,0
27.6,82.4,15.4,67.9,57.720000000000006,1,0
36.5,29.0,16.0,2.5,16.549999999999997,0,0
18.5,96.4,49.5,92.9,77.83000000000001,1,1
25.5,49.6,24.7,18.8,29.89,0,0
19.1,92.3,21.2,26.2,44.32000000000001,0,1
36.6,22.6,6.9,0.5,12.020000000000001,0,0
19.6,87.6,32.3,25.9,45.06,0,1
31.0,61.5,23.0,9.6,29.990000000000002,0,0
38.4,33.1,11.0,0.1,16.009999999999998,0,0
28.5,48.9,17.0,19.5,28.72,0,0
29.1,47.3,11.8,6.5,22.06,0,0
23.0,71.7,25.6,45.3,47.05,0,0
19.2,85.5,33.0,35.9,48.53,0,1
25.3,51.0,12.2,7.3,23.19,0,0
31.4,36.0,14.3,1.4,17.36,0,0
33.2,25.1,15.3,1.4,14.47,0,0
30.2,29.5,11.4,3.8,15.669999999999998,0,0
36.1,44.0,6.2,3.5,19.45,0,0
22.9,96.3,35.3,79.8,70.16000000000001,1,1
24.7,87.3,24.8,32.9,46.779999999999994,0,1
44.6,43.2,11.7,3.5,21.160000000000004,0,0
22.1,81.5,40.8,63.3,60.13999999999999,1,0
28.0,76.2,24.1,65.9,56.839999999999996,1,0
21.3,80.8,31.5,33.7,46.15,0,0
43.8,26.5,5.7,2.6,14.509999999999998,0,0
28.0,90.3,27.8,55.8,57.769999999999996,1,1
42.1,34.7,5.8,1.6,16.42,0,0
24.8,85.5,31.2,88.1,69.61,1,1
25.1,88.0,30.8,28.4,46.43,0,1
18.5,84.8,31.2,60.4,57.69,1,0
19.9,80.7,43.4,87.9,70.04,1,0
29.4,58.4,18.7,17.0,31.000000000000004,0,0
24.1,84.5,21.9,30.7,44.42,0,0
18.3,89.7,19.9,26.3,43.239999999999995,0,1
36.5,21.3,9.0,2.7,12.92,0,0
22.0,84.8,33.1,51.1,54.7,1,0
21.3,89.4,26.1,64.0,59.77,1,1
27.8,71.9,17.5,29.0,39.45,0,0
23.9,64.2,14.9,16.3,31.150000000000002,0,0
21.0,91.7,32.3,65.8,62.39,1,1
25.2,56.8,16.6,18.4,30.24,0,0
20.9,88.5,34.0,61.2,59.92,1,1
20.5,87.9,39.4,62.1,61.14000000000001,1,1
22.3,83.1,31.3,79.3,65.13999999999999,1,0
43.6,24.7,16.4,1.4,15.61,0,0
36.6,29.6,5.4,2.5,14.620000000000001,0,0
24.0,77.2,20.8,28.0,40.919999999999995,0,0
30.4,21.9,13.6,1.2,12.809999999999999,0,0
33.7,28.3,13.3,1.8,15.240000000000002,0,0
24.7,69.7,18.4,9.8,30.98,0,0
31.7,33.0,17.3,3.8,18.05,0,0
25.9,89.7,40.2,96.8,76.26,1,1
31.7,28.5,17.8,1.2,15.76,0,0
43.8,38.0,8.2,0.6,17.66,0,0
24.9,62.3,22.3,16.9,32.4,0,0
26.1,59.1,24.9,8.4,28.68,0,0
38.9,37.3,10.8,0.5,17.439999999999998,0,0
25.9,92.2,18.7,43.7,51.47,0,1
16.2,89.9,47.7,63.6,63.57,1,1
26.5,89.8,15.4,60.4,56.82999999999999,1,1
21.2,92.9,25.3,40.6,51.29,0,1
29.8,86.5,20.3,54.6,54.83000000000001,1,1
24.5,60.8,18.1,7.9,27.47,0,0
40.3,38.8,12.4,3.0,19.35,0,0
30.4,45.0,14.6,0.4,19.619999999999997,0,0
32.6,21.9,5.0,2.3,11.749999999999998,0,0
23.1,88.9,28.0,38.3,49.900000000000006,0,1
32.0,41.9,5.0,2.2,17.65,0,0
18.4,90.9,21.3,35.6,47.61,0,1
21.2,88.5,44.2,68.2,64.79,1,1
24.5,59.2,10.7,12.7,27.430000000000003,0,0
21.4,77.5,34.6,33.6,45.75,0,0
26.4,86.6,30.4,98.8,74.22,1,1
15.3,94.4,49.1,87.1,74.50999999999999,1,1
29.6,78.2,15.7,34.8,43.480000000000004,0,0
17.6,84.3,33.4,81.4,66.29,1,0
30.7,23.0,5.9,4.2,12.83,0,0
25.4,80.5,26.7,46.1,50.470000000000006,0,0
22.5,51.0,22.9,6.8,24.85,0,0
34.4,29.6,11.1,1.3,15.06,0,0
27.5,89.2,30.5,94.1,73.25,1,1
19.9,76.4,22.8,22.8,38.59000000000001,0,0
29.3,92.1,19.8,21.6,43.16,0,1
19.4,94.7,29.0,51.6,56.78999999999999,1,1
34.9,32.2,6.8,0.0,14.51,0,0
29.0,54.7,17.4,14.7,28.67,0,0
41.2,33.2,5.0,4.5,16.880000000000003,0,0
26.3,92.3,30.5,27.8,47.540000000000006,0,1
22.0,91.5,27.6,28.1,46.410000000000004,0,1
41.2,22.5,9.1,1.1,13.129999999999999,0,0
30.4,61.6,21.0,13.9,31.279999999999998,0,0
26.4,84.5,28.5,67.6,60.730000000000004,1,0
37.0,36.1,16.7,2.3,18.79,0,0
28.4,77.6,31.8,59.8,56.400000000000006,1,0
24.2,81.7,44.7,87.7,70.95,1,0
43.0,31.2,11.0,1.4,16.42,0,0
18.1,86.5,38.5,65.3,61.580000000000005,1,1
23.1,82.4,34.4,67.1,60.75000000000001,1,0
32.2,26.7,8.9,4.1,14.65,0,0
38.4,29.6,16.5,0.1,16.060000000000002,0,0
25.8,76.1,28.8,42.8,48.29,0,0
44.9,30.6,7.1,1.0,15.49,0,0
42.2,37.7,15.9,1.6,19.35,0,0
24.8,86.4,23.6,21.0,41.519999999999996,0,1
23.1,56.0,19.9,6.3,25.61,0,0
29.4,45.8,16.9,16.6,26.7,0,0
20.2,84.5,44.9,63.7,61.830000000000005,1,0
24.8,80.6,26.7,45.7,50.28,0,0
20.1,85.7,33.8,71.9,63.24,1,1
23.8,83.2,49.9,83.0,70.52,1,0
16.9,98.6,39.1,75.5,69.28999999999999,1,1
23.0,81.1,32.5,35.3,47.24999999999999,0,0
29.0,76.9,31.2,66.1,58.65,1,0
27.6,68.9,14.6,10.2,30.430000000000003,0,0
33.5,24.8,12.2,0.3,13.35,0,0
37.9,39.7,9.2,1.4,18.1,0,0
33.3,32.9,10.2,1.2,15.72,0,0
28.6,64.6,22.2,14.1,32.32,0,0
44.6,22.3,17.0,2.9,15.71,0,0
24.5,86.5,27.6,23.7,43.400000000000006,0,1
22.5,70.1,29.3,37.1,43.98,0,0
18.2,93.9,44.8,89.0,74.55,1,1
19.5,86.3,49.8,94.3,75.52,1,1
36.2,25.1,10.9,3.8,14.850000000000001,0,0
22.0,87.6,20.4,32.6,45.6,0,1
28.3,65.2,22.1,18.3,34.13,0,0
31.8,58.8,19.4,10.6,28.939999999999994,0,0
17.1,82.8,39.2,75.9,64.75,1,0
42.7,34.5,7.2,0.4,16.22,0,0
34.6,36.2,12.3,2.9,17.94,0,0
23.7,50.1,10.7,17.3,26.46,0,0
26.2,90.6,32.8,73.3,65.68,1,1
17.4,87.3,42.0,61.5,60.93,1,1
20.1,93.4,21.5,49.9,54.29,0,1
25.5,91.7,45.2,95.6,77.34,1,1
25.8,76.1,21.7,56.6,52.39,1,0
38.1,45.0,9.5,3.3,20.53,0,0
32.9,20.3,6.3,1.2,11.120000000000001,0,0
28.6,82.8,28.0,42.2,50.18,0,0
33.5,24.2,13.3,3.9,14.83,0,0
31.2,59.2,20.0,8.7,28.360000000000003,0,0
38.3,34.0,9.1,2.5,16.85,0,0
28.2,70.0,34.7,24.4,40.52,0,0
30.0,71.1,26.3,62.8,54.71,1,0
32.9,33.2,15.6,1.3,16.89,0,0
24.7,82.1,24.0,38.3,47.22,0,0
42.9,23.4,11.3,4.1,15.21,0,0
42.4,30.9,9.1,0.3,15.45,0,0
19.0,94.3,31.4,58.0,59.67,1,1
25.2,85.6,22.6,30.9,45.08,0,1
19.7,87.5,15.4,49.2,50.980000000000004,0,1
40.9,31.5,14.3,2.6,17.439999999999998,0,0
20.1,94.9,15.9,26.5,44.260000000000005,0,1
15.4,94.0,49.0,82.5,72.54,1,1
26.6,54.4,11.0,13.6,26.62,0,0
28.9,45.3,13.2,13.7,24.6,0,0
42.1,44.4,15.2,3.0,21.77,0,0
36.5,33.9,13.0,0.8,16.740000000000002,0,0
18.3,81.9,34.3,59.1,56.9,1,0
42.5,38.8,8.9,5.0,19.669999999999998,0,0
22.1,64.4,23.5,17.8,33.35,0,0
24.4,79.7,15.3,29.4,41.17,0,0
26.8,68.2,13.1,17.7,32.84,0,0
20.8,79.4,19.6,38.6,45.260000000000005,0,0
32.6,32.3,12.1,4.3,17.09,0,0
42.1,34.5,15.0,2.5,18.56,0,0
38.2,29.4,17.3,2.5,17.1,0,0
30.1,27.1,7.3,4.8,14.520000000000001,0,0
27.5,77.4,29.5,37.0,46.67,0,0
33.2,26.5,7.5,3.6,14.209999999999999,0,0
27.6,84.4,41.3,97.5,75.34,1,0
34.9,21.7,12.2,2.7,13.52,0,0
22.1,63.9,11.0,5.8,25.9,0,0
36.4,35.9,6.2,1.7,16.33,0,0
27.8,90.3,19.1,49.0,53.29,0,1
18.4,75.6,33.0,37.4,46.08,0,0
40.9,36.6,17.2,3.5,19.91,0,0
28.5,52.9,21.2,5.4,25.120000000000005,0,0
27.7,79.0,30.8,61.1,57.07,1,0
26.0,71.3,15.9,37.7,42.25,0,0
27.1,50.4,24.8,15.3,28.910000000000004,0,0
27.7,93.5,32.5,78.5,68.72,1,1
26.0,50.9,21.7,9.1,25.85,0,0
25.4,76.8,27.5,29.4,42.839999999999996,0,0
23.5,93.7,35.2,85.3,71.61999999999999,1,1
23.3,64.7,12.6,8.9,27.82,0,0
24.0,51.4,14.8,5.2,22.86,0,0
26.7,83.9,15.6,68.4,58.32,1,0
33.0,25.8,14.9,3.4,15.38,0,0
30.5,64.5,15.0,7.8,28.52,0,0
22.3,77.1,30.0,41.4,47.919999999999995,0,0
29.7,82.7,25.2,20.7,41.099999999999994,0,0
15.9,92.4,48.9,68.5,66.49000000000001,1,1
26.9,77.9,17.1,20.3,37.6,0,0
26.9,78.0,24.6,60.4,55.17,1,0
41.4,38.3,10.5,1.3,18.249999999999996,0,0
22.4,69.9,24.4,6.6,30.73,0,0
24.2,65.2,22.5,6.2,28.96,0,0
22.6,88.3,30.5,45.5,53.05,0,1
30.0,45.2,22.5,5.4,23.22,0,0
30.5,37.9,12.7,3.4,18.32,0,0
23.7,77.4,27.8,66.3,57.67,1,0
24.6,100.0,35.0,66.1,65.89999999999999,1,1
27.5,80.4,19.8,65.0,56.830000000000005,1,0
21.5,71.4,33.0,67.7,57.25,1,0
25.2,69.1,24.5,16.1,34.59,0,0
23.5,87.5,43.8,91.8,74.08,1,1
30.3,36.4,12.6,2.7,17.55,0,0
26.0,63.2,24.7,13.9,32.06,0,0
27.4,91.1,27.5,33.0,48.77,0,1
20.9,81.6,32.9,60.8,57.47,1,0
30.2,36.3,9.9,1.0,16.29,0,0
19.8,75.1,33.7,60.2,55.33,1,0
26.2,48.7,12.9,11.2,24.290000000000003,0,0
29.3,72.9,26.9,23.3,39.5,0,0
36.2,35.8,16.4,5.0,19.64,0,0
22.3,92.9,40.7,79.2,69.92,1,1
20.3,79.2,28.6,30.6,43.75,0,0
25.5,63.5,24.5,13.0,31.7,0,0
28.0,72.1,30.6,48.1,49.790000000000006,0,0
31.4,47.2,19.9,6.3,23.8,0,0
26.4,51.9,21.3,7.2,25.35,0,0
19.6,90.9,33.1,39.0,51.45000000000001,0,1
19.5,77.2,27.1,31.9,43.290000000000006,0,0
29.5,50.6,22.2,18.4,29.93,0,0
23.5,65.0,21.7,18.0,33.39,0,0
17.8,94.0,43.7,88.7,74.2,1,1
23.5,84.1,33.9,47.2,53.24,0,0
18.5,85.1,27.3,50.4,53.0,1,1
26.6,86.8,29.3,46.0,52.959999999999994,0,1
38.8,31.1,5.6,3.5,15.73,0,0
26.0,91.9,33.3,90.9,73.19,1,1
28.5,84.7,34.8,32.6,48.260000000000005,0,0
29.5,53.4,16.5,11.9,27.03,0,0
42.4,21.5,7.9,2.1,13.110000000000001,0,0
29.3,69.7,13.9,12.3,31.540000000000003,0,0
35.1,29.9,14.5,4.3,17.1,0,0
24.0,93.6,31.5,71.5,65.38000000000001,1,1
29.9,83.0,19.3,66.9,58.510000000000005,1,0
22.0,69.2,15.7,15.8,32.42,0,0
22.1,50.3,15.7,10.1,24.48,0,0
30.3,52.1,11.0,14.1,26.5,0,0
28.9,54.7,14.9,5.1,24.32,0,0
25.2,53.0,14.3,12.2,26.159999999999997,0,0
19.6,79.8,27.8,31.1,43.9,0,0
39.5,43.8,6.8,4.5,20.25,0,0
27.2,93.6,21.6,61.1,59.559999999999995,1,1
22.8,63.3,17.1,11.4,29.25,0,0
23.3,80.4,30.4,32.3,45.449999999999996,0,0
36.0,40.6,15.0,1.8,19.5,0,0
21.2,71.3,16.4,67.4,53.75,1,0
17.2,90.9,44.7,79.7,69.81,1,1
23.8,50.4,24.2,12.3,27.259999999999998,0,0
24.5,50.5,16.2,7.3,23.76,0,0
27.1,54.2,24.5,9.6,27.71,0,0
27.3,97.7,34.5,97.9,78.10000000000001,1,1
19.4,92.4,33.0,49.6,56.1,0,1
26.5,81.7,41.1,84.3,69.10000000000001,1,0
26.6,64.3,21.3,11.5,30.810000000000002,0,0
26.7,81.9,19.6,36.5,45.760000000000005,0,0
34.8,21.9,5.8,2.4,12.17,0,0
29.8,89.4,24.1,32.7,47.7,0,1
21.1,78.3,29.2,27.7,42.519999999999996,0,0
31.5,69.3,18.7,5.2,29.759999999999998,0,0
24.4,82.7,15.4,55.2,52.41,1,0
27.5,90.7,33.0,32.4,49.52,0,1
19.8,93.3,42.3,89.6,74.27,1,1
42.8,38.5,15.6,4.1,20.59,0,0
27.9,59.1,15.9,9.6,27.54,0,0
17.9,93.8,33.9,76.2,67.19000000000001,1,1
28.0,60.3,24.5,5.6,28.029999999999998,0,0
29.2,86.5,22.4,41.4,49.91,0,1
27.0,96.6,42.0,70.4,68.24000000000001,1,1
19.4,78.2,23.2,64.0,55.64,1,0
32.7,28.1,14.3,1.2,15.04,0,0
28.2,55.4,14.5,9.0,25.939999999999998,0,0
23.0,70.7,28.0,69.1,56.75,1,0
27.2,68.6,21.1,17.6,34.559999999999995,0,0
30.1,48.3,18.9,16.5,27.880000000000003,0,0
24.7,52.0,15.3,11.3,25.65,0,0
27.2,87.9,24.5,69.6,61.83,1,1
21.6,88.0,48.8,99.9,78.28000000000002,1,1
26.9,88.4,48.7,64.4,64.71000000000001,1,1
25.0,64.7,17.4,5.1,27.43,0,0
20.7,73.6,30.9,53.8,51.849999999999994,1,0
41.1,36.9,14.6,0.3,18.22,0,0
36.8,34.5,13.8,4.4,18.549999999999997,0,0
30.6,67.8,22.3,8.5,31.260000000000005,0,0
29.3,58.7,22.7,7.6,28.119999999999997,0,0
31.9,38.3,6.9,3.2,17.34,0,0
22.0,75.5,26.9,44.5,48.03000000000001,0,0
27.9,66.6,21.2,15.7,33.29,0,0
25.4,84.3,30.3,31.3,46.410000000000004,0,0
23.5,83.7,46.5,92.9,73.92,1,0
37.4,23.6,15.0,1.1,14.26,0,0
27.4,85.8,29.2,40.1,50.36000000000001,0,1
36.0,30.0,17.0,3.7,17.48,0,0
21.8,86.2,15.5,68.3,58.46,1,1
17.4,97.8,42.9,97.2,78.53999999999999,1,1
22.0,70.7,21.3,47.9,46.830000000000005,0,0
26.8,82.4,27.3,70.0,60.86,1,0
35.0,44.0,17.6,1.5,20.82,0,0
22.9,84.2,26.7,67.1,59.73,1,0
25.6,82.8,18.3,33.7,44.540000000000006,0,0
25.5,53.6,19.4,6.4,25.07,0,0
24.8,70.2,21.9,24.8,37.84,0,0
43.0,23.2,13.2,0.7,14.18,0,0
16.4,94.3,41.8,79.2,69.97,1,1
22.1,58.4,15.2,16.2,29.25,0,0
43.2,40.6,6.4,2.1,18.62,0,0
38.1,30.6,12.7,0.6,15.770000000000001,0,0
29.7,84.3,31.3,65.2,60.6,1,0
26.5,84.3,47.9,86.8,72.24000000000001,1,0
44.2,36.3,12.6,1.6,18.47,0,0
30.5,28.1,15.7,0.5,14.82,0,0
42.6,39.3,12.3,0.4,18.67,0,0
27.7,93.3,17.3,22.1,43.06,0,1
41.5,35.5,11.5,3.7,18.580000000000002,0,0
19.3,88.6,22.6,52.7,54.11,1,1
25.0,86.7,33.6,78.2,66.51,1,1
44.1,34.3,8.4,1.3,16.9,0,0
21.6,96.7,46.7,88.1,75.75,1,1
21.7,84.6,26.3,38.2,48.089999999999996,0,0
37.6,38.8,13.4,2.5,19.08,0,0
21.8,91.2,45.3,73.0,67.80000000000001,1,1
31.1,31.3,12.4,2.7,16.060000000000002,0,0
31.9,26.4,6.0,1.2,12.789999999999997,0,0
31.1,21.1,6.4,2.1,11.559999999999999,0,0
27.9,84.8,49.5,67.7,65.21,1,0
20.0,92.8,16.2,65.1,59.12,1,1
44.5,31.0,8.3,2.9,16.57,0,0
20.3,85.3,33.3,92.5,71.28,1,1
44.1,27.2,12.1,2.5,15.99,0,0
18.7,73.5,19.1,36.3,42.26,0,0
30.1,66.4,21.4,18.7,34.690000000000005,0,0
30.8,60.4,19.2,19.1,32.68,0,0
24.5,64.2,23.0,19.9,34.27,0,0
23.2,99.4,41.7,73.2,69.75999999999999,1,1
26.3,83.1,45.5,68.2,63.94,1,0
27.7,76.0,16.6,61.7,53.57000000000001,1,0
24.7,47.5,19.8,10.9,25.04,0,0
22.7,45.5,20.3,11.5,24.580000000000002,0,0
30.9,60.3,17.7,13.0,29.919999999999998,0,0
33.1,43.8,12.7,0.8,19.310000000000002,0,0
26.0,87.7,22.5,32.2,46.29,0,1
24.9,79.4,17.4,32.2,42.67,0,0
43.5,32.9,17.4,4.1,19.34,0,0
24.7,75.9,30.7,59.9,55.34,1,0
27.1,82.8,20.6,57.0,54.47,1,0
24.1,81.9,44.9,72.7,65.04,1,0
23.8,99.4,47.5,93.1,78.94,1,1
31.8,40.6,6.3,1.1,17.06,0,0
21.5,76.9,25.8,28.4,41.74,0,0
28.3,91.9,30.7,56.7,59.22,1,1
36.6,40.4,8.6,4.3,19.22,0,0
37.4,40.4,13.8,4.4,20.380000000000003,0,0
29.7,90.8,28.2,59.4,59.61,1,1
27.7,89.1,34.2,53.9,57.900000000000006,1,1
22.9,78.6,34.9,21.8,41.57,0,0
31.0,20.3,13.4,2.0,12.67,0,0
31.2,56.7,22.6,15.7,30.930000000000003,0,0
39.1,27.1,5.2,4.5,14.880000000000003,0,0
33.7,38.1,17.9,3.0,19.580000000000002,0,0
44.8,27.8,16.7,4.9,18.12,0,0
29.4,74.2,20.0,23.8,38.72,0,0
19.3,84.3,24.4,24.6,41.940000000000005,0,0
40.6,34.6,10.3,4.8,18.42,0,0
35.8,22.1,16.7,4.5,15.35,0,0
25.7,67.1,14.4,7.8,28.7,0,0
20.7,87.5,25.9,25.7,43.78,0,1
42.4,34.7,8.3,0.0,16.310000000000002,0,0
42.4,26.1,16.7,3.2,16.689999999999998,0,0
26.9,55.8,19.5,17.4,30.290000000000003,0,0
22.0,72.4,20.8,44.1,45.72,0,0
29.0,48.5,15.1,6.4,23.03,0,0
31.7,36.9,15.9,1.2,17.9,0,0
21.7,81.4,23.9,28.0,42.57000000000001,0,0
27.0,78.6,21.8,69.5,58.44,1,0
24.6,93.0,32.9,61.7,61.62,1,1
43.4,41.5,8.4,3.8,19.99,0,0
29.0,56.4,22.7,19.5,32.16,0,0
26.0,85.4,24.7,44.4,50.92,0,1
37.6,25.7,13.0,0.8,14.389999999999999,0,0
38.4,28.0,9.1,1.4,14.620000000000001,0,0
29.8,91.2,29.7,49.8,56.2,0,1
42.2,28.0,11.1,0.2,14.920000000000002,0,0
31.2,22.4,12.7,4.0,13.98,0,0
27.3,52.7,14.1,18.0,28.560000000000002,0,0
34.2,41.4,5.2,0.6,17.12,0,0
32.5,37.7,10.8,0.3,16.84,0,0
26.1,66.3,20.7,15.6,32.879999999999995,0,0
42.1,44.3,9.3,2.5,20.36,0,0
32.2,35.6,13.7,4.1,18.28,0,0
28.1,48.2,17.2,19.5,28.510000000000005,0,0
25.7,57.1,15.1,18.7,30.2,0,0
31.1,37.3,14.9,3.7,18.76,0,0
34.6,39.4,16.1,1.1,18.939999999999998,0,0
44.9,25.3,16.3,0.4,15.5,0,0
33.7,29.4,6.3,1.6,14.09,0,0
33.4,31.8,6.9,1.4,14.82,0,0
21.8,80.1,15.3,44.8,47.19,0,0
25.7,83.0,36.2,89.9,70.66999999999999,1,0
30.7,40.5,11.6,3.1,18.78,0,0
19.1,85.9,24.6,56.6,55.239999999999995,1,1
18.6,87.6,18.4,21.2,40.3,0,1
40.4,42.2,9.3,3.2,19.84,0,0
23.7,79.7,17.4,29.1,41.39999999999999,0,0
27.4,79.3,20.9,53.1,51.95,1,0
26.8,93.3,31.2,20.9,45.269999999999996,0,1
21.3,95.3,48.8,77.6,71.52,1,1
22.1,62.8,23.7,7.5,28.79,0,0
31.0,27.8,8.2,1.9,13.84,0,0
16.6,90.3,32.1,84.9,69.13,1,1
27.6,92.6,41.2,73.8,68.3,1,1
17.6,83.0,34.3,93.6,70.96,1,0
23.4,93.9,26.9,20.3,44.010000000000005,0,1
22.6,68.4,16.3,16.8,32.760000000000005,0,0
20.3,84.3,38.5,86.4,69.58,1,0
20.0,91.7,32.9,50.6,56.33,1,1
28.5,93.0,31.9,63.3,62.45,1,1
28.6,69.9,24.6,16.6,35.39,0,0
29.2,83.0,34.5,25.2,44.8,0,0
28.1,84.7,15.3,41.8,48.0,0,0
42.2,32.9,9.1,0.0,15.91,0,0
23.6,66.3,16.2,7.9,28.65,0,0
41.1,32.1,14.3,3.3,17.92,0,0
18.4,93.2,21.3,68.1,61.3,1,1
28.7,76.6,29.0,47.4,50.60999999999999,0,0
22.5,96.9,42.3,78.5,71.17999999999999,1,1
15.4,83.5,32.1,87.1,67.85000000000001,1,0
31.2,51.0,11.6,11.3,25.26,0,0
34.1,29.9,8.4,3.7,15.54,0,0
30.8,20.9,8.5,0.3,11.17,0,0
31.9,41.6,15.2,4.7,20.590000000000003,0,0
31.1,53.7,20.9,17.3,30.32,0,0
21.5,77.5,20.0,36.1,43.839999999999996,0,0
24.0,88.9,33.4,30.4,47.91,0,1
22.3,94.6,28.4,33.5,49.69,0,1
29.8,75.8,25.0,31.8,43.44,0,0
43.3,31.9,10.8,1.8,16.78,0,0
19.9,87.1,36.0,84.7,69.2,1,1
28.5,87.7,20.9,39.4,49.1,0,1
23.2,94.6,34.4,46.2,56.06,0,1
26.4,55.1,23.6,7.5,26.89,0,0
20.9,90.2,33.0,62.2,60.629999999999995,1,1
27.9,82.9,32.7,44.2,51.88,0,0
44.9,24.7,6.6,3.1,14.459999999999999,0,0
19.8,85.2,45.0,87.9,71.7,1,1
31.0,39.5,9.8,1.9,17.67,0,0
22.4,78.8,32.3,45.0,50.34,0,0
22.1,61.7,20.8,10.0,28.880000000000003,0,0
33.4,40.1,6.3,4.6,18.47,0,0
35.1,21.2,7.1,2.0,12.089999999999998,0,0
31.8,29.2,6.8,3.7,14.78,0,0
25.5,67.2,19.8,14.1,32.31,0,0
22.7,50.5,14.5,14.0,25.919999999999998,0,0
20.3,84.6,27.6,62.0,57.730000000000004,1,0
34.4,34.5,9.2,3.3,16.95,0,0
24.3,48.7,15.5,6.1,22.580000000000002,0,0
29.5,55.2,18.4,6.1,25.63,0,0
37.3,24.6,9.5,4.4,14.770000000000001,0,0
26.6,58.9,21.9,18.4,32.06999999999999,0,0
33.6,25.1,13.4,4.6,15.41,0,0
33.2,43.1,13.5,0.8,19.27,0,0
42.7,37.4,7.1,4.4,18.669999999999998,0,0
20.4,82.4,16.1,30.3,42.1,0,0
20.8,80.7,31.5,63.7,58.07000000000001,1,0
22.0,61.7,21.7,19.6,32.89,0,0
16.7,85.4,39.9,80.3,67.39,1,1
26.6,67.8,23.6,17.6,34.760000000000005,0,0
29.5,57.1,11.0,13.2,27.56,0,0
37.6,40.8,13.8,4.3,20.48,0,0
25.0,76.8,30.8,52.2,52.58,1,0
28.2,89.6,16.7,53.6,54.48,1,1
28.9,53.8,11.1,6.2,23.729999999999997,0,0
34.4,24.4,10.5,2.1,13.7,0,0
25.2,74.4,32.2,46.4,49.839999999999996,0,0
43.6,32.2,5.6,3.6,16.58,0,0
33.8,20.2,15.5,4.5,14.34,0,0
31.3,65.1,23.0,17.2,34.14,0,0
27.0,87.9,44.4,86.7,72.63,1,1
44.3,23.1,16.3,2.8,15.74,0,0
29.0,50.0,12.7,19.2,28.119999999999997,0,0
17.9,94.3,48.8,91.2,76.32000000000002,1,1
22.2,79.8,29.0,52.1,52.8,1,0
23.3,76.1,30.9,23.0,40.54,0,0
29.3,81.8,23.3,62.1,56.970000000000006,1,0
24.6,49.7,17.8,7.1,23.770000000000003,0,0
19.0,72.5,31.5,35.9,44.309999999999995,0,0
30.8,39.3,9.5,4.1,18.41,0,0
24.1,64.1,25.0,9.8,30.56,0,0
22.0,81.0,19.6,51.6,51.06,1,0
31.4,54.2,20.6,7.4,26.480000000000004,0,0
29.3,67.2,17.3,9.8,30.470000000000002,0,0
28.7,62.8,11.0,11.5,28.51,0,0
41.5,44.3,13.7,3.3,21.5,0,0
32.6,22.3,16.1,3.7,14.65,0,0
19.2,70.1,20.6,62.3,51.99,1,0
33.1,26.6,14.4,3.3,15.490000000000002,0,0
22.6,55.8,10.0,14.1,26.64,0,0
24.4,52.8,15.3,17.4,28.3,0,0
28.6,62.9,22.9,6.7,28.989999999999995,0,0
16.1,87.5,40.4,84.4,69.7,1,1
31.9,69.9,23.4,19.0,36.44,0,0
29.1,60.7,16.8,14.7,30.36,0,0
44.0,22.0,13.4,2.6,14.72,0,0
42.3,30.8,8.7,0.3,15.329999999999998,0,0
25.2,57.8,10.4,9.1,25.580000000000002,0,0
18.8,91.1,16.3,59.6,56.31,1,1
16.9,88.7,48.9,68.9,65.64,1,1
25.9,93.4,37.8,65.5,64.37,1,1
28.0,77.3,30.9,60.8,56.489999999999995,1,0
35.0,26.2,12.8,3.2,15.200000000000001,0,0
23.9,82.9,34.1,93.0,71.28000000000002,1,0
29.0,78.7,28.1,44.4,49.89000000000001,0,0
18.6,82.1,43.8,94.6,73.09,1,0
37.5,40.9,13.1,0.9,19.0,0,0
20.3,78.9,30.6,63.3,57.14,1,0
28.5,63.0,16.8,13.7,30.59,0,0
28.5,72.7,25.7,20.3,37.92,0,0
20.5,87.5,23.7,25.3,43.160000000000004,0,1
24.6,84.9,21.1,54.0,53.75000000000001,1,0
31.5,38.3,9.0,1.4,17.0,0,0
26.9,58.7,23.8,9.0,28.660000000000004,0,0
27.8,87.9,23.4,68.1,61.07,1,1
40.4,29.5,8.0,2.1,15.329999999999998,0,0
24.7,48.1,11.5,17.9,26.36,0,0
28.0,55.1,10.2,13.9,26.930000000000003,0,0
25.2,45.1,21.1,19.6,28.110000000000003,0,0
27.0,86.5,35.9,95.8,74.14999999999999,1,1
26.4,72.4,17.7,43.9,45.46,0,0
24.9,80.7,32.0,41.4,49.66,0,0
28.4,87.6,24.2,51.8,54.68000000000001,1,1
25.7,47.5,13.4,18.2,26.78,0,0
21.2,70.9,17.1,62.9,51.97,1,0
41.3,37.2,7.3,1.6,17.39,0,0
40.5,39.9,7.1,0.5,17.639999999999997,0,0
42.8,23.2,13.5,4.5,15.740000000000002,0,0
23.0,88.4,32.7,69.2,63.04,1,1
25.1,90.6,25.2,54.7,56.61,1,1
20.2,88.8,19.2,21.8,41.220000000000006,0,1
19.7,82.2,23.3,24.6,41.129999999999995,0,0
39.4,21.0,12.4,0.3,12.84,0,0
26.8,94.1,45.3,61.4,64.53,1,1
23.0,68.5,24.5,11.5,32.35,0,0
28.8,90.5,19.7,49.9,53.93,0,1
27.1,94.0,24.2,43.0,52.949999999999996,0,1
42.9,33.5,11.8,0.9,17.06,0,0
28.0,87.9,39.9,97.5,76.15,1,1
27.0,81.0,37.2,81.7,67.12,1,0
22.4,85.4,33.1,56.5,57.080000000000005,1,1
21.9,86.6,40.1,84.2,69.86999999999999,1,1
40.3,28.1,8.1,0.1,14.120000000000001,0,0
40.4,39.5,5.7,4.7,18.91,0,0
23.4,94.1,32.9,85.3,71.27,1,1
33.0,37.7,10.0,3.5,18.01,0,0
23.9,96.1,36.9,67.0,65.39999999999999,1,1
26.6,65.2,23.8,9.6,30.82,0,0
38.6,22.7,6.6,4.1,13.629999999999999,0,0
28.9,91.6,26.5,37.9,50.83,0,1
19.0,79.1,31.8,41.7,48.669999999999995,0,0
23.4,60.8,10.5,16.2,29.16,0,0
33.5,44.5,15.3,3.8,21.28,0,0
32.0,29.9,6.0,1.1,13.809999999999999,0,0
24.3,94.4,28.0,34.4,50.11,0,1
41.3,33.6,16.3,4.1,19.11,0,0
27.6,78.1,28.0,59.6,55.629999999999995,1,0
24.0,77.8,16.5,26.9,39.8,0,0
23.2,96.7,35.2,96.4,76.92999999999999,1,1
25.1,91.2,34.8,47.0,55.629999999999995,0,1
25.7,71.4,31.0,31.4,42.75000000000001,0,0
18.3,90.0,26.1,35.9,48.41,0,1
25.1,83.8,24.5,54.9,54.50999999999999,1,0
28.3,81.7,34.5,53.9,55.800000000000004,1,0
20.3,88.2,29.4,27.8,45.49,0,1
43.7,33.4,12.3,2.4,17.810000000000002,0,0
22.0,97.0,43.9,73.5,69.48,1,1
24.3,90.5,47.0,62.2,63.86,1,1
32.4,24.6,8.4,4.7,14.18,0,0
26.3,71.2,20.6,30.4,40.269999999999996,0,0
30.5,35.5,12.6,4.3,17.94,0,0
29.1,60.3,12.7,6.9,26.3,0,0
24.3,81.5,34.1,68.3,61.019999999999996,1,0
26.3,84.5,43.1,84.1,70.24,1,0
28.9,45.3,20.5,7.9,23.740000000000002,0,0
28.0,45.1,19.7,7.8,23.39,0,0
29.1,93.8,24.5,55.0,57.95,1,1
28.1,68.3,24.7,7.2,31.119999999999997,0,0
25.6,97.8,36.0,79.9,71.06,1,1
22.0,80.1,31.3,86.8,67.21000000000001,1,0
29.5,69.7,13.7,9.4,30.360000000000003,0,0
26.0,93.4,39.0,71.0,66.82,1,1
27.4,95.5,43.2,81.6,72.67,1,1
22.5,72.0,34.1,37.5,45.669999999999995,0,0
31.0,68.9,20.9,18.7,35.43,0,0
21.6,80.9,21.4,61.5,55.31,1,0
33.9,25.3,14.9,3.2,15.240000000000002,0,0
25.0,88.9,23.1,28.5,45.19,0,1
41.9,43.4,11.5,1.3,20.03,0,0
18.7,83.7,25.1,48.6,51.44,0,0
35.3,32.8,13.8,1.3,16.65,0,0
23.7,93.2,29.0,32.9,49.29,0,1
24.8,77.2,17.5,54.4,50.900000000000006,1,0
19.7,70.3,31.6,69.1,57.02,1,0
44.9,36.3,6.3,3.4,18.0,0,0
28.3,91.6,31.1,60.8,60.849999999999994,1,1
23.8,54.6,24.4,10.6,27.879999999999995,0,0
35.6,43.6,13.8,1.3,19.92,0,0
26.1,49.6,10.6,17.1,26.45,0,0
38.5,32.0,8.8,3.8,16.73,0,0
15.7,99.9,34.4,93.9,75.97999999999999,1,1
23.6,53.1,16.0,8.1,24.73,0,0
28.2,83.2,16.0,43.6,48.42000000000001,0,0
34.1,37.3,17.3,2.9,19.22,0,0
27.2,51.9,20.7,11.2,26.909999999999997,0,0
27.3,75.7,15.6,35.8,42.879999999999995,0,0
31.0,36.5,7.0,4.5,17.25,0,0
31.7,35.7,12.9,2.1,17.3,0,0
18.5,84.2,18.8,60.7,55.150000000000006,1,0
27.0,89.1,39.4,90.1,73.35,1,1
27.7,73.0,26.6,32.6,43.03,0,0
37.3,24.7,6.6,4.8,14.379999999999999,0,0
27.4,90.9,24.7,49.9,54.910000000000004,0,1
29.8,71.5,22.5,28.4,40.290000000000006,0,0
22.2,47.6,21.6,5.6,23.06,0,0
24.8,71.1,29.2,67.5,56.650000000000006,1,0
30.4,21.2,8.2,1.7,11.719999999999999,0,0
44.0,35.5,5.1,4.6,17.91,0,0
44.7,29.3,8.4,0.7,15.219999999999999,0,0
23.6,85.5,35.7,92.7,72.23,1,1
26.7,94.7,17.2,23.0,43.72,0,1
24.2,81.5,29.2,23.5,42.11,0,0
41.8,22.5,14.1,0.4,13.91,0,0
18.8,72.7,29.5,55.5,51.790000000000006,1,0
26.9,61.1,21.1,18.2,32.519999999999996,0,0
32.1,35.9,7.1,4.8,17.32,0,0
44.8,42.0,11.4,1.5,19.96,0,0
26.4,60.9,17.8,13.6,29.910000000000004,0,0
23.2,70.5,28.9,25.4,39.41,0,0
25.0,48.2,16.3,19.1,27.860000000000003,0,0
32.0,34.4,8.0,0.5,15.319999999999997,0,0
22.0,64.4,12.9,16.2,30.580000000000002,0,0
34.1,41.0,12.2,2.7,19.229999999999997,0,0
19.1,86.9,49.2,96.4,76.38,1,1
34.6,42.1,8.4,1.1,18.21,0,0
22.8,58.8,13.5,6.2,25.099999999999998,0,0
25.6,86.2,36.1,76.8,66.36,1,1
18.1,88.7,40.0,82.4,69.38,1,1
22.6,71.9,33.0,59.0,54.03,1,0
38.0,31.3,18.0,2.4,17.75,0,0
44.9,30.1,5.4,4.5,16.4,0,0
30.5,39.1,5.2,1.3,16.34,0,0
42.3,45.0,16.1,3.2,22.23,0,0
44.5,42.8,14.1,2.9,21.27,0,0
35.6,38.8,6.8,0.6,16.799999999999997,0,0
24.5,94.3,21.4,41.9,51.78,0,1
25.6,50.5,21.3,13.0,27.17,0,0
31.6,39.7,15.6,3.0,19.39,0,0
41.2,43.7,10.5,3.8,20.85,0,0
22.9,46.0,13.4,11.9,23.529999999999998,0,0
31.9,38.5,5.7,3.8,17.4,0,0
24.8,68.5,17.8,16.3,33.11,0,0
43.8,25.3,14.1,1.6,15.43,0,0
30.7,64.6,19.0,18.0,33.45,0,0
44.6,42.1,8.5,0.6,19.03,0,0
27.2,80.5,46.8,89.3,71.94999999999999,1,0
25.2,48.3,13.8,11.4,24.33,0,0
26.1,64.8,11.6,19.4,32.129999999999995,0,0
33.5,21.7,10.3,2.1,12.76,0,0
43.4,38.9,10.5,0.3,18.229999999999997,0,0
29.6,46.2,19.4,10.0,24.7,0,0
24.2,67.5,24.0,16.6,34.11,0,0
27.8,84.9,40.8,65.2,62.49000000000001,1,0
33.2,22.4,17.6,4.0,15.16,0,0
20.0,76.1,32.0,40.0,47.23,0,0
16.1,95.4,49.2,72.1,68.91,1,1
20.5,93.7,46.1,88.8,74.9,1,1
26.8,84.7,22.0,21.2,40.97,0,0
35.0,36.5,14.6,2.5,18.369999999999997,0,0
29.3,83.5,24.5,50.6,53.120000000000005,1,0
19.4,89.2,42.0,60.6,61.339999999999996,1,1
40.3,20.9,5.3,2.7,12.440000000000001,0,0
24.1,76.2,24.4,47.9,49.31,0,0
15.6,96.0,37.5,69.2,65.54,1,1
29.5,52.3,11.6,15.1,26.999999999999996,0,0
40.9,29.5,18.0,0.4,16.7,0,0
20.9,77.8,33.3,43.7,49.57000000000001,0,0
38.4,43.3,8.2,1.8,19.189999999999998,0,0
20.6,96.8,48.5,63.8,66.32000000000001,1,1
40.9,27.7,15.7,2.4,16.5,0,0
20.2,85.4,27.4,41.0,49.52,0,1
32.8,42.4,13.0,4.2,20.28,0,0
30.2,23.3,17.3,2.2,14.35,0,0
27.9,83.2,25.6,21.7,41.550000000000004,0,0
31.2,59.6,21.8,13.2,30.64,0,0
42.2,37.2,14.6,3.3,19.62,0,0
27.3,78.6,18.0,56.6,52.55,1,0
19.7,94.9,33.9,98.2,76.5,1,1
25.7,69.7,21.9,13.0,33.06,0,0
42.4,44.0,5.8,1.3,19.119999999999997,0,0
22.7,56.2,22.5,5.2,25.709999999999997,0,0
27.3,88.6,38.1,94.5,74.73,1,1
25.1,76.9,31.1,63.6,57.24,1,0
29.5,93.1,31.1,68.6,64.53999999999999,1,1
31.5,36.2,5.9,3.4,16.55,0,0
30.5,34.8,16.7,1.3,17.349999999999998,0,0
40.0,22.7,17.0,4.7,16.09,0,0
28.9,74.1,25.7,63.4,55.62,1,0
32.1,33.5,15.4,4.3,18.06,0,0
24.4,80.6,34.3,70.2,61.559999999999995,1,0
36.9,37.9,7.4,3.9,18.1,0,0
25.4,77.9,21.3,63.3,55.489999999999995,1,0
28.1,50.5,14.5,14.0,26.46,0,0
29.1,77.7,20.3,43.1,47.519999999999996,0,0
23.3,63.5,16.9,17.1,31.6,0,0
22.1,79.1,19.8,60.9,54.26,1,0
34.2,40.2,14.8,0.0,18.44,0,0
33.0,22.2,10.4,1.8,12.76,0,0
26.4,85.5,15.6,30.8,43.73,0,1
25.7,73.9,23.2,43.9,46.940000000000005,0,0
32.0,24.9,10.0,2.5,13.669999999999998,0,0
27.2,89.2,41.5,66.2,64.26,1,1
21.9,81.3,29.7,45.0,50.519999999999996,0,0
17.5,85.2,47.0,60.5,60.910000000000004,1,1
25.7,70.8,20.4,68.8,55.41,1,0
35.0,39.9,17.3,3.9,20.49,0,0
28.3,89.0,16.9,39.0,48.51,0,1
44.5,28.1,13.6,0.6,15.84,0,0
25.7,74.3,20.0,39.4,44.62,0,0
21.8,92.2,30.1,68.8,63.38,1,1
30.0,78.5,30.5,56.7,55.330000000000005,1,0
26.7,87.2,30.9,68.4,62.370000000000005,1,1
36.1,27.5,14.3,4.4,16.48,0,0
31.3,66.2,12.2,6.1,27.87,0,0
28.0,74.9,20.9,58.6,52.89,1,0
27.1,53.7,15.1,17.8,28.96,0,0
27.7,57.6,20.0,19.9,32.010000000000005,0,0
31.5,28.1,16.7,3.7,16.4,0,0
26.6,61.9,16.3,19.3,32.21,0,0
31.3,42.3,6.9,3.2,18.48,0,0
30.4,56.1,16.5,5.3,25.29,0,0
23.4,93.1,42.6,74.6,68.63,1,1
24.9,98.4,46.1,63.2,66.50999999999999,1,1
21.6,77.1,33.5,25.1,42.03,0,0
23.3,99.1,38.6,96.7,78.46,1,1
31.8,46.5,17.9,17.6,27.75,0,0
35.5,32.7,7.7,4.9,16.860000000000003,0,0
22.1,98.1,31.0,70.4,66.0,1,1
39.2,27.6,14.3,1.2,15.540000000000001,0,0
18.5,80.1,31.6,50.3,52.32,1,0
32.6,44.7,13.0,1.0,19.67,0,0
19.9,85.0,33.2,71.4,62.690000000000005,1,1
19.2,93.9,34.1,46.5,55.510000000000005,0,1
32.0,54.2,13.5,7.3,25.08,0,0
23.0,47.5,20.7,13.0,25.89,0,0
35.9,25.1,9.6,1.6,13.68,0,0
32.6,32.7,10.6,0.1,15.229999999999999,0,0
27.3,80.4,32.4,57.4,56.290000000000006,1,0
36.2,42.1,5.4,4.5,19.130000000000003,0,0
27.7,60.3,15.6,10.5,28.18,0,0
20.9,76.5,21.5,36.7,44.019999999999996,0,0
33.6,23.7,14.0,3.9,14.830000000000002,0,0
32.4,44.3,6.7,0.5,18.07,0,0
26.1,78.4,26.3,27.3,42.309999999999995,0,0
21.8,79.8,33.0,57.7,55.8,1,0
31.1,41.5,14.3,0.6,18.66,0,0
22.1,58.5,20.9,5.0,25.94,0,0
32.0,32.0,14.3,4.4,17.419999999999998,0,0
22.8,57.7,11.4,13.5,27.270000000000003,0,0
28.3,61.7,18.3,5.1,27.04,0,0
30.3,34.8,16.2,4.9,18.67,0,0
31.3,62.6,19.9,7.2,28.77,0,0
19.5,72.6,33.1,36.4,44.91,0,0
22.7,88.7,19.7,41.1,49.26,0,1
30.8,67.6,12.9,14.3,31.659999999999997,0,0
28.8,45.4,17.9,15.0,26.079999999999995,0,0
21.1,83.9,20.0,47.2,50.160000000000004,0,0
22.6,86.1,42.5,76.1,67.03,1,1
35.5,38.6,8.2,5.0,18.77,0,0
18.2,93.9,32.7,21.6,45.17,0,1
17.7,84.3,45.4,89.1,71.78,1,0
28.9,45.7,19.9,11.3,25.1,0,0
29.5,68.1,12.0,5.2,27.859999999999996,0,0
29.0,82.5,29.2,41.2,49.970000000000006,0,0
23.5,62.4,19.5,9.5,28.770000000000003,0,0
27.6,81.1,41.3,69.9,63.31,1,0
21.3,93.4,27.5,51.9,56.410000000000004,1,1
19.0,87.5,45.8,92.5,74.31,1,1
23.6,87.7,49.1,85.2,72.57000000000001,1,1
43.1,20.6,16.3,2.1,14.590000000000002,0,0
23.7,70.3,30.5,60.7,53.84,1,0
21.9,84.0,19.0,30.7,43.47,0,0
30.0,84.8,33.9,33.3,48.54,0,0
31.3,54.7,12.4,18.1,29.26,0,0
24.7,74.4,30.2,64.7,56.71,1,0
27.2,83.3,24.6,22.4,41.589999999999996,0,0
40.5,32.6,15.8,4.0,18.59,0,0
20.2,87.1,18.0,48.2,51.03,0,1
29.4,66.0,23.4,17.4,34.38,0,0
20.7,79.4,19.4,34.7,43.650000000000006,0,0
22.5,52.6,21.2,16.8,28.990000000000002,0,0
31.6,30.5,10.6,0.6,14.670000000000002,0,0
28.2,72.5,20.7,49.8,48.63,0,0
38.3,24.5,12.2,1.4,14.18,0,0
23.1,99.4,45.5,60.5,65.43,1,1
29.4,58.2,10.1,19.2,30.1,0,0
34.7,36.5,6.4,3.1,16.939999999999998,0,0
26.3,60.1,10.5,15.0,28.76,0,0
27.4,50.3,20.5,10.2,26.009999999999998,0,0
35.2,26.5,13.3,1.7,14.809999999999999,0,0
15.4,82.1,49.8,88.0,71.33,1,0
25.7,83.9,34.3,46.2,53.080000000000005,0,0
18.9,88.4,16.1,40.4,47.79,0,1
22.2,63.8,21.9,17.5,32.739999999999995,0,0
41.3,43.5,10.8,2.3,20.259999999999998,0,0
25.9,86.6,30.3,28.5,46.03,0,1
20.9,85.9,46.4,78.4,68.5,1,1
29.0,47.5,23.0,7.0,24.550000000000004,0,0
27.7,72.1,30.3,26.7,41.14000000000001,0,0
23.2,72.3,22.4,65.0,54.489999999999995,1,0
25.9,87.7,26.3,60.7,58.44,1,1
28.6,60.1,22.7,9.7,29.31,0,0
43.8,32.9,9.1,1.4,16.63,0,0
23.5,47.8,11.3,16.9,25.71,0,0
35.2,43.1,10.8,4.6,20.45,0,0
20.5,92.3,31.8,62.0,60.89999999999999,1,1
36.8,27.2,6.5,3.5,14.540000000000001,0,0
25.0,50.6,20.0,6.8,24.4,0,0
30.0,81.6,30.8,36.5,48.239999999999995,0,0
42.8,23.6,10.1,0.5,13.580000000000002,0,0
41.0,43.4,14.5,2.9,21.18,0,0
38.1,38.2,7.6,1.6,17.43,0,0
29.2,68.4,23.7,7.6,31.22,0,0
30.9,20.5,5.1,0.7,10.54,0,0
42.9,33.1,15.4,1.8,18.02,0,0
36.0,40.2,11.8,4.6,19.860000000000003,0,0
24.0,89.0,28.9,69.9,62.84,1,1
31.5,48.8,14.9,19.7,28.65,0,0
34.0,44.9,14.2,2.9,20.869999999999997,0,0
27.9,81.2,15.4,30.6,42.47,0,0
17.4,83.7,38.2,94.3,72.21,1,0
29.9,47.8,24.0,9.6,25.97,0,0
42.6,32.8,17.4,2.1,18.419999999999998,0,0
26.9,79.3,24.9,50.4,51.620000000000005,1,0
22.6,70.9,16.7,55.2,48.949999999999996,1,0
28.1,51.0,21.8,6.2,24.950000000000003,0,0
32.4,31.7,8.3,2.7,15.49,0,0
23.8,82.8,25.0,24.9,42.18,0,0
37.6,22.5,13.4,4.2,14.87,0,0
38.6,21.0,7.0,1.9,12.32,0,0
18.3,76.1,21.2,38.8,44.419999999999995,0,0
40.9,37.7,10.1,5.0,19.42,0,0
42.9,28.0,15.6,1.2,16.29,0,0
25.9,94.2,18.7,29.6,46.43000000000001,0,1
28.4,83.8,27.1,64.8,59.32000000000001,1,0
29.6,62.2,20.7,10.1,29.8,0,0
34.7,38.4,9.2,4.8,18.75,0,0
30.3,48.1,16.7,19.5,28.6,0,0
28.7,82.9,20.5,33.6,45.28,0,0
37.7,22.3,8.8,3.7,13.7,0,0
21.2,81.6,34.9,91.2,70.06,1,0
30.3,56.1,12.0,11.0,26.659999999999997,0,0
36.2,29.9,11.3,0.2,14.93,0,0
24.5,49.3,15.1,13.2,25.54,0,0
31.4,54.0,16.5,12.1,27.48,0,0
23.5,75.2,16.2,28.8,39.67,0,0
39.4,44.5,8.1,1.8,19.630000000000003,0,0
38.9,25.2,6.8,3.8,14.33,0,0
21.3,75.4,24.5,55.7,51.93000000000001,1,0
28.0,60.6,16.9,11.0,28.759999999999998,0,0
41.4,25.5,11.4,1.3,14.59,0,0
27.3,87.5,29.4,46.2,53.34,0,1
44.8,27.4,14.2,3.3,16.86,0,0
25.6,91.0,39.1,72.6,66.72,1,1
32.0,65.2,23.6,11.3,31.999999999999996,0,0
28.8,49.7,13.0,6.7,23.07,0,0
22.1,78.3,17.5,40.4,45.36,0,0
26.7,52.8,17.8,13.0,27.270000000000003,0,0
16.2,91.9,42.3,79.3,69.37,1,1
43.9,36.1,10.9,2.7,18.48,0,0
29.0,46.7,15.0,10.3,24.03,0,0
30.4,37.9,12.5,2.0,17.71,0,0
18.1,80.5,43.9,77.0,65.54,1,0
37.8,20.6,10.2,4.0,13.6,0,0
39.3,35.1,17.4,0.1,17.979999999999997,0,0
26.4,85.3,34.7,52.7,56.25,1,1
42.9,23.7,6.5,0.9,13.059999999999999,0,0
20.2,82.5,24.6,37.2,46.57000000000001,0,0
15.3,85.3,37.1,65.2,60.620000000000005,1,1
31.8,26.6,12.2,4.7,15.48,0,0
24.5,87.7,46.5,92.6,75.1,1,1
20.7,75.0,16.8,55.9,50.29,1,0
27.1,91.0,37.8,77.9,68.73,1,1
28.0,70.4,19.2,50.6,48.0,1,0
30.1,44.0,7.7,3.7,19.23,0,0
29.3,72.4,27.3,64.0,55.71000000000001,1,0
25.5,67.4,11.4,15.0,31.050000000000004,0,0
35.6,40.4,17.3,4.8,21.060000000000002,0,0
25.8,61.5,22.3,7.1,28.33,0,0
41.7,38.8,10.1,4.5,19.63,0,0
23.8,46.5,12.8,19.2,26.569999999999997,0,0
24.0,58.5,24.0,15.4,30.910000000000004,0,0
22.0,85.6,32.1,65.0,60.3,1,1
43.5,24.8,11.7,4.7,16.01,0,0
21.2,96.6,48.4,83.6,74.22,1,1
27.2,94.0,30.1,57.8,60.06,1,1
19.5,99.8,47.2,82.6,74.37,1,1
22.7,52.4,14.1,15.0,26.81,0,0
23.1,67.9,13.7,13.1,30.66,0,0
40.5,32.5,17.3,1.7,17.94,0,0
38.3,20.8,14.0,2.4,13.83,0,0
23.0,90.8,24.1,24.1,43.99999999999999,0,1
17.9,95.5,46.3,99.6,79.54000000000002,1,1
18.4,89.6,15.4,53.7,53.28,1,1
26.6,62.4,15.8,18.9,32.099999999999994,0,0
37.1,44.0,7.2,4.0,19.95,0,0
31.3,47.1,10.2,11.0,23.7,0,0
44.6,41.8,10.1,1.1,19.459999999999997,0,0
29.1,93.0,27.6,68.9,63.89,1,1
23.5,98.0,33.7,91.5,75.08999999999999,1,1
36.7,26.1,17.7,0.8,15.360000000000001,0,0
37.6,38.1,11.9,4.1,19.21,0,0
36.2,32.6,5.8,2.8,15.68,0,0
23.6,70.2,28.6,29.3,40.86,0,0
24.7,52.2,13.6,9.3,24.57,0,0
31.7,52.0,10.5,19.8,28.79,0,0
26.5,56.1,22.9,19.9,32.019999999999996,0,0
35.5,43.5,6.3,2.2,18.74,0,0
22.5,51.2,22.7,11.8,26.869999999999997,0,0
37.3,38.4,5.3,1.4,16.87,0,0
31.5,33.9,11.5,4.9,17.580000000000002,0,0
26.5,62.4,11.3,13.5,29.03,0,0
19.0,78.6,25.8,68.5,58.04,1,0
30.8,33.4,9.7,1.8,15.76,0,0
24.7,95.2,40.4,99.5,78.91,1,1
29.0,48.6,21.6,13.4,27.160000000000004,0,0
34.2,20.2,8.4,3.1,12.4,0,0
31.3,46.5,10.3,10.1,23.179999999999996,0,0
22.3,68.1,24.5,19.9,35.519999999999996,0,0
36.8,30.0,8.4,4.6,16.2,0,0
40.2,33.6,13.5,1.6,17.44,0,0
18.8,71.2,18.1,27.6,37.9,0,0
21.8,80.2,37.8,85.6,68.04,1,0
30.7,36.1,9.2,0.3,15.86,0,0
43.7,44.6,12.6,1.1,20.71,0,0
34.7,26.5,14.1,4.9,16.200000000000003,0,0
22.5,93.5,30.0,50.8,56.620000000000005,1,1
20.0,90.4,32.3,52.2,56.46,1,1
22.7,79.8,17.9,41.1,46.23,0,0
31.9,29.8,10.2,1.5,14.769999999999998,0,0
29.0,65.1,10.9,16.5,31.21,0,0
31.6,62.4,12.7,18.3,31.74,0,0
38.6,34.7,8.6,4.3,17.71,0,0
39.7,37.1,15.3,1.8,18.880000000000003,0,0
31.6,38.4,11.7,2.4,17.98,0,0
19.7,79.0,19.6,46.6,48.230000000000004,0,0
25.6,94.4,28.8,62.7,61.720000000000006,1,1
30.7,40.5,7.6,1.9,17.5,0,0
39.7,43.8,17.7,1.1,21.089999999999996,0,0
27.8,58.3,15.9,13.2,28.73,0,0
20.3,84.3,27.7,32.8,45.98,0,0
24.2,67.5,10.3,5.1,26.769999999999996,0,0
27.3,90.6,33.5,59.8,60.53,1,1
39.4,34.8,7.5,0.5,16.08,0,0
31.0,53.3,21.3,7.1,26.19,0,0
15.0,85.8,41.7,92.3,72.5,1,1
23.3,81.0,24.1,49.8,51.37,0,0
22.9,82.9,37.3,69.9,62.580000000000005,1,0
26.5,79.3,25.3,29.2,43.18,0,0
44.0,21.6,13.1,3.7,14.980000000000002,0,0
39.7,29.7,11.1,4.8,17.020000000000003,0,0
25.8,83.4,15.5,44.0,48.300000000000004,0,0
32.8,36.0,6.6,3.4,16.759999999999998,0,0
35.2,30.5,11.2,3.4,16.27,0,0
30.0,50.5,22.1,11.4,27.130000000000003,0,0
25.8,87.0,16.0,44.9,49.84,0,1
37.6,24.3,16.6,4.0,15.97,0,0
21.9,89.9,49.7,98.0,78.3,1,1
21.9,85.9,19.5,57.8,54.98,1,1
44.0,38.4,11.3,2.8,19.299999999999997,0,0
24.4,88.4,45.4,85.3,72.16,1,1
22.5,45.5,22.4,14.1,26.02,0,0
26.9,64.8,12.1,13.8,30.069999999999997,0,0
23.7,86.1,39.9,88.5,71.58,1,1
20.5,87.9,20.9,38.7,48.08,0,1
30.5,55.7,13.9,5.1,24.580000000000002,0,0
29.2,66.2,20.1,8.0,30.0,0,0
29.6,75.5,22.0,34.9,43.97,0,0
27.1,93.3,48.9,86.2,74.96,1,1
28.1,46.3,22.5,9.7,25.08,0,0
17.0,93.6,42.6,73.6,67.74,1,1
21.3,98.7,38.0,89.6,75.17999999999998,1,1
29.4,77.5,29.5,20.6,40.33,0,0
28.4,53.0,10.2,5.6,23.019999999999996,0,0
26.2,55.3,10.4,13.4,26.650000000000002,0,0
41.5,28.7,8.1,2.1,15.22,0,0
21.8,97.4,39.6,91.2,75.80000000000001,1,1
22.8,81.7,42.9,89.8,71.29,1,0
44.7,39.4,5.9,2.0,18.27,0,0
23.4,57.8,18.2,15.2,29.400000000000002,0,0
31.0,36.9,17.8,4.8,19.65,0,0
31.8,49.8,12.3,14.1,26.22,0,0
29.7,48.5,24.3,7.8,25.499999999999996,0,0
19.7,89.8,49.6,84.0,72.43,1,1
22.2,95.5,37.6,81.3,70.91,1,1
28.1,72.7,20.7,44.0,46.36,0,0
24.9,53.1,18.7,7.5,25.160000000000004,0,0
31.7,21.0,13.9,4.3,13.97,0,0
22.9,74.7,28.2,49.4,50.1,0,0
40.1,27.8,8.4,3.8,15.55,0,0
28.0,81.6,16.7,54.3,52.33999999999999,1,0
44.5,33.9,5.0,1.2,16.1,0,0
32.6,28.6,13.9,2.3,15.540000000000001,0,0
23.5,98.0,46.8,76.2,71.59,1,1
17.1,92.4,40.3,89.3,73.21,1,1
31.6,51.8,15.8,17.8,28.98,0,0
42.0,20.9,11.3,2.6,13.77,0,0
22.2,51.7,15.1,17.5,27.749999999999996,0,0
32.0,58.2,24.6,17.9,32.74,0,0
33.1,33.6,15.1,2.7,17.490000000000002,0,0
23.6,80.6,32.3,72.9,62.160000000000004,1,0
26.1,86.8,22.1,60.6,57.31,1,1
27.2,93.4,40.5,73.2,68.11999999999999,1,1
35.8,44.3,5.5,4.1,19.61,0,0
38.0,43.5,16.2,1.8,20.81,0,0
16.6,83.2,41.4,86.6,69.53999999999999,1,0
27.1,95.0,28.7,26.4,47.510000000000005,0,1
17.9,95.4,40.5,76.4,69.07000000000001,1,1
18.6,77.3,23.0,35.2,43.73,0,0
27.1,52.2,15.9,11.7,26.23,0,0
20.9,70.1,27.4,65.9,54.96000000000001,1,0
19.4,90.9,32.2,42.6,52.69,0,1
44.0,44.0,6.4,3.9,20.439999999999998,0,0
32.0,44.7,7.1,3.8,19.55,0,0
29.0,66.8,14.3,20.0,33.8,0,0
35.0,32.8,13.3,3.5,17.4,0,0
37.5,27.7,13.1,4.5,16.48,0,0
21.7,88.4,23.3,55.1,55.39,1,1
27.3,81.9,31.5,77.7,64.68,1,0
21.7,93.7,34.2,38.4,52.480000000000004,0,1
38.4,35.2,9.0,5.0,18.200000000000003,0,0
20.1,82.1,25.2,41.4,48.239999999999995,0,0
34.5,24.6,8.8,5.0,14.59,0,0
20.2,94.7,30.3,78.1,67.72999999999999,1,1
23.5,87.8,30.3,84.9,68.71,1,1
31.9,42.0,16.4,4.6,20.91,0,0
24.0,62.6,14.4,5.6,26.299999999999997,0,0
15.1,80.6,43.5,94.7,72.27000000000001,1,0
26.2,81.6,47.5,74.0,66.2,1,0
17.1,96.5,37.8,61.5,62.82,1,1
22.6,96.6,39.5,88.1,74.38000000000001,1,1
26.3,82.9,20.9,31.0,44.080000000000005,0,0
24.6,89.1,32.8,86.6,70.38999999999999,1,1
20.3,79.8,26.2,60.8,55.53,1,0
28.2,87.7,24.2,28.2,45.25000000000001,0,1
19.6,71.6,16.4,27.6,37.76,0,0
34.1,26.9,14.2,2.3,15.239999999999998,0,0
43.1,25.1,14.9,0.9,15.180000000000001,0,0
26.6,65.3,23.7,15.4,33.150000000000006,0,0
38.0,38.5,9.1,0.6,17.41,0,0
18.8,97.8,47.9,76.7,71.47999999999999,1,1
41.6,29.8,11.9,3.2,16.759999999999998,0,0
26.8,55.2,13.5,18.3,29.259999999999998,0,0
33.5,34.2,6.3,4.9,16.830000000000002,0,0
22.0,53.7,20.8,6.1,24.91,0,0
17.8,82.3,42.7,73.0,64.21,1,0
21.8,73.0,29.5,22.1,38.82,0,0
21.9,94.4,26.5,26.9,46.56999999999999,0,1
21.4,82.4,33.3,69.0,61.120000000000005,1,0
26.2,68.4,10.9,19.7,33.199999999999996,0,0
25.4,71.2,16.5,57.9,50.35999999999999,1,0
25.9,62.9,20.3,14.2,31.2,0,0
31.9,56.8,14.6,11.7,27.830000000000002,0,0
25.1,84.0,22.4,45.1,50.23,0,0
22.8,86.3,30.6,39.2,49.97,0,1
18.8,86.9,26.2,34.7,47.07000000000001,0,1
25.5,67.1,12.4,18.0,32.36,0,0
16.2,98.4,42.7,67.7,66.76,1,1
30.0,48.5,15.1,19.1,28.209999999999997,0,0
23.4,88.1,28.2,66.3,60.92999999999999,1,1
26.1,90.2,33.2,25.4,46.47,0,1
25.0,94.3,25.5,48.5,55.29,0,1
26.9,80.9,20.0,43.2,48.239999999999995,0,0
24.4,90.0,31.9,24.4,45.58,0,1
26.1,62.7,11.9,12.7,28.88,0,0
44.8,44.0,16.2,4.7,22.8,0,0
20.5,78.5,24.5,32.0,43.3,0,0
26.4,95.3,48.0,80.3,72.95,1,1
18.7,84.0,33.8,40.8,50.14999999999999,0,0
26.9,46.1,22.0,13.5,26.320000000000004,0,0
26.2,60.7,22.9,11.5,30.01,0,0
35.6,29.8,12.2,4.6,16.78,0,0
30.3,56.7,10.3,15.8,28.42,0,0
17.8,86.6,31.3,75.2,64.1,1,1
18.1,80.7,31.1,94.8,70.16000000000001,1,0
25.0,67.9,21.6,6.0,29.590000000000003,0,0
20.5,82.6,31.4,75.3,63.23,1,0
26.3,55.5,15.6,18.9,29.959999999999997,0,0
30.7,38.5,11.7,3.3,18.28,0,0
24.2,65.6,11.6,17.2,31.299999999999997,0,0
24.4,65.0,22.5,18.8,33.96,0,0
27.5,52.5,10.0,16.2,26.98,0,0
24.6,90.2,34.7,49.0,56.059999999999995,0,1
26.6,46.0,20.1,7.5,23.479999999999997,0,0
27.7,89.5,19.9,60.7,57.879999999999995,1,1
39.9,21.5,13.8,1.8,13.92,0,0
22.0,92.3,47.7,80.2,71.51,1,1
41.7,23.6,13.6,3.2,15.25,0,0
27.5,77.8,22.3,39.4,46.31,0,0
24.7,95.4,32.5,70.3,65.71000000000001,1,1
42.5,37.7,9.8,3.5,18.92,0,0
26.7,72.5,17.8,52.8,49.10000000000001,1,0
16.2,84.8,46.7,87.5,71.4,1,0
26.6,72.9,30.2,31.1,43.010000000000005,0,0
25.7,63.0,15.5,12.0,29.37,0,0
34.5,38.5,8.0,4.7,18.48,0,0
23.0,87.7,27.2,62.6,59.089999999999996,1,1
31.9,33.5,16.1,0.1,16.5,0,0
35.1,31.3,10.4,0.5,15.18,0,0
25.6,48.9,19.8,8.8,24.71,0,0
28.2,59.3,16.1,6.1,26.270000000000003,0,0
39.6,29.2,11.9,1.3,15.620000000000001,0,0
35.5,25.2,17.5,2.6,15.65,0,0
22.8,63.1,13.7,17.6,30.990000000000002,0,0
30.0,83.4,21.7,47.1,51.2,0,0
31.2,58.0,22.0,15.9,31.279999999999998,0,0
15.9,81.8,46.0,69.7,63.21000000000001,1,0
30.9,33.1,14.9,2.8,17.119999999999997,0,0
20.2,81.9,34.4,64.4,59.23000000000001,1,0
19.8,78.4,26.4,25.6,41.02,0,0
32.0,38.8,7.5,2.7,17.419999999999998,0,0
31.7,36.8,16.3,3.7,18.95,0,0
23.0,50.5,23.5,14.5,27.95,0,0
30.2,36.2,8.2,3.5,16.92,0,0
26.9,46.3,20.6,10.8,25.020000000000003,0,0
28.9,77.0,31.7,37.3,47.25,0,0
27.4,69.0,23.4,16.0,34.52,0,0
30.6,37.9,13.5,0.0,17.130000000000003,0,0
37.5,34.5,9.6,1.8,16.740000000000002,0,0
35.5,25.6,7.5,3.6,14.17,0,0
39.1,29.4,6.3,3.2,15.269999999999998,0,0
27.4,64.1,11.4,13.1,29.490000000000002,0,0
36.5,20.7,12.8,0.0,12.42,0,0
41.2,32.3,17.2,0.7,17.529999999999998,0,0
25.0,55.5,17.5,6.1,25.09,0,0
29.5,72.3,25.7,68.0,56.980000000000004,1,0
31.5,39.9,12.6,3.8,19.159999999999997,0,0
19.4,80.6,31.3,69.5,60.17999999999999,1,0
29.0,51.6,14.3,19.7,29.119999999999997,0,0
21.5,90.7,27.9,68.3,62.26,1,1
27.5,58.1,19.6,10.9,28.46,0,0
30.9,36.4,15.9,2.0,17.990000000000002,0,0
27.0,73.2,21.8,47.0,47.82000000000001,0,0
37.2,31.7,9.7,2.7,16.25,0,0
30.4,22.5,16.2,3.5,14.43,0,0
26.4,81.7,31.4,29.5,45.230000000000004,0,0
23.1,70.1,16.3,26.9,37.36,0,0
42.1,24.0,8.6,2.2,14.010000000000002,0,0
39.8,39.5,15.8,3.9,20.55,0,0
22.3,63.1,10.9,15.9,29.7,0,0
19.1,72.8,23.1,26.5,38.97,0,0
26.3,87.9,31.2,31.1,47.68000000000001,0,1
26.3,77.2,18.1,64.1,55.05,1,0
24.5,78.0,16.6,53.0,50.370000000000005,1,0
24.4,46.2,19.3,16.3,26.680000000000003,0,0
17.2,97.5,45.5,74.8,69.99,1,1
22.6,91.3,27.8,32.7,48.29,0,1
30.0,66.6,15.1,6.3,28.519999999999996,0,0
23.8,84.2,33.7,37.9,49.540000000000006,0,0
20.1,99.9,49.3,61.3,66.36,1,1
39.3,38.2,5.5,2.9,17.65,0,0
32.7,37.6,11.5,4.5,18.650000000000002,0,0
34.5,39.5,13.4,5.0,19.98,0,0
24.0,80.4,45.1,68.7,63.02000000000001,1,0
23.9,88.0,24.1,36.5,48.21,0,1
39.9,25.6,6.4,4.2,14.63,0,0
24.3,73.4,34.9,68.8,58.949999999999996,1,0
37.3,42.6,11.2,2.7,19.83,0,0
17.3,99.4,40.7,99.2,79.37,1,1
28.4,85.8,15.3,30.9,44.0,0,1
23.8,80.5,17.8,61.5,54.690000000000005,1,0
27.5,52.7,16.9,5.4,24.099999999999998,0,0
27.7,57.3,16.0,15.2,29.239999999999995,0,0
41.2,40.5,6.3,0.1,17.57,0,0
16.2,96.6,48.7,69.3,68.06,1,1
31.2,44.3,5.8,0.1,17.61,0,0
20.0,78.5,24.7,37.7,45.57,0,0
27.5,94.0,25.9,62.7,61.21,1,1
19.5,74.4,23.6,37.0,43.790000000000006,0,0
44.0,41.0,13.4,4.0,20.979999999999997,0,0
39.9,36.4,6.7,0.4,16.41,0,0
40.3,41.0,17.7,0.7,20.15,0,0
43.0,43.7,13.8,1.3,20.69,0,0
19.7,75.4,21.6,29.4,40.67,0,0
17.6,83.4,35.7,81.5,66.52000000000001,1,0
28.6,85.3,30.6,34.9,48.53,0,1
36.8,41.8,10.7,3.3,19.68,0,0
38.6,41.0,7.0,1.8,18.28,0,0
25.7,84.5,38.9,78.1,66.94,1,0
26.6,71.1,32.9,59.1,54.209999999999994,1,0
24.9,98.4,41.9,66.1,66.82999999999998,1,1
26.7,47.9,10.3,9.7,22.979999999999997,0,0
33.3,20.5,10.5,1.3,12.1,0,0
28.0,85.8,19.7,47.2,51.36,0,1
19.3,94.9,31.9,62.8,61.900000000000006,1,1
26.4,54.5,20.5,14.7,28.97,0,0
27.9,94.8,21.7,52.8,56.690000000000005,1,1
23.2,95.8,49.0,82.4,73.82,1,1
21.8,94.5,44.0,68.9,66.89,1,1
38.0,21.0,17.4,2.2,14.46,0,0
29.9,94.4,29.7,37.1,52.09,0,1
25.4,67.1,12.1,12.0,29.89,0,0
44.0,31.1,9.7,0.4,15.83,0,0
26.7,81.5,43.3,76.2,66.26,1,0
44.0,42.6,10.5,1.4,19.84,0,0
30.3,67.4,12.8,5.0,27.810000000000002,0,0
37.5,22.3,10.5,1.7,13.22,0,0
26.3,86.1,24.8,59.6,57.260000000000005,1,1
26.2,91.5,18.6,67.9,60.949999999999996,1,1
19.6,91.3,32.9,27.2,46.809999999999995,0,1
21.5,73.6,19.4,57.4,51.07,1,0
28.0,61.8,14.8,9.5,28.1,0,0
36.5,41.4,17.6,1.9,20.35,0,0
28.7,93.9,30.6,68.2,64.44000000000001,1,1
23.1,76.2,34.1,65.7,58.27,1,0
20.1,94.6,17.5,56.8,56.60999999999999,1,1
30.4,27.1,8.4,4.5,14.650000000000002,0,0
35.8,24.9,13.5,3.4,15.109999999999998,0,0
38.4,28.3,15.0,2.0,16.130000000000003,0,0
42.8,23.5,11.2,3.0,14.77,0,0
17.9,96.8,41.8,62.7,64.27000000000001,1,1
34.4,28.0,9.1,3.5,15.06,0,0
28.0,47.7,14.2,18.4,27.310000000000002,0,0
17.6,83.6,39.4,95.8,73.04,1,0
41.0,44.8,16.2,1.1,21.22,0,0
27.4,92.4,38.8,99.9,78.18,1,1
25.8,70.8,15.7,65.9,53.32,1,0
41.3,20.0,13.7,2.6,13.91,0,0
22.6,47.8,14.3,5.0,21.459999999999997,0,0
44.3,38.4,6.6,1.1,17.71,0,0
44.7,23.3,17.8,4.1,16.660000000000004,0,0
26.7,82.8,31.0,98.8,73.23,1,0
29.3,66.5,11.5,19.6,33.02,0,0
20.4,87.3,23.1,60.5,57.05,1,1
27.6,63.2,14.6,8.7,28.12,0,0
18.7,97.5,38.2,67.6,65.8,1,1
25.0,65.1,18.6,8.0,28.949999999999996,0,0
23.5,67.9,11.7,14.6,30.900000000000002,0,0
24.9,72.9,28.3,53.6,51.46,1,0
38.1,24.1,12.0,2.6,14.48,0,0
22.5,48.4,15.0,12.1,24.61,0,0
27.0,65.1,24.3,9.0,30.689999999999998,0,0
24.8,82.4,33.8,30.5,46.16,0,0
44.5,36.3,6.8,1.1,17.139999999999997,0,0
24.3,93.6,48.4,65.2,66.27,1,1
22.5,71.4,22.1,36.5,42.690000000000005,0,0
19.5,85.4,30.8,64.4,59.49000000000001,1,1
30.8,65.6,11.7,7.5,28.099999999999994,0,0
25.9,91.6,32.3,32.8,49.64999999999999,0,1
23.4,64.4,21.1,17.8,33.0,0,0
30.1,20.3,9.0,4.7,12.78,0,0
24.4,93.3,41.7,82.0,71.57000000000001,1,1
30.3,33.6,15.3,4.0,17.77,0,0
30.6,47.1,16.5,18.3,27.810000000000002,0,0
23.4,94.0,23.2,22.3,44.099999999999994,0,1
30.5,62.9,10.9,9.2,27.779999999999998,0,0
30.1,39.5,8.2,4.2,18.18,0,0
19.9,88.4,30.0,85.6,68.75,1,1
22.5,60.6,22.7,11.4,29.53,0,0
26.9,49.1,16.1,8.7,24.12,0,0
27.9,87.5,25.1,37.6,49.1,0,1
39.3,25.7,15.4,2.6,15.76,0,0
40.1,25.1,6.6,0.4,13.02,0,0
25.7,81.0,19.0,52.8,51.79,1,0
22.5,92.7,45.5,96.0,77.56,1,1
26.1,82.0,20.5,28.1,42.550000000000004,0,0
25.0,49.2,17.4,10.1,24.78,0,0
26.2,89.8,21.4,43.9,51.4,0,1
40.6,40.2,14.1,2.5,19.94,0,0
30.0,31.7,8.1,1.2,14.61,0,0
18.2,90.5,21.7,31.6,45.949999999999996,0,1
30.3,66.6,10.8,6.4,27.73,0,0
18.0,88.1,24.8,34.9,47.15,0,1
41.1,29.2,11.8,0.9,15.59,0,0
27.0,45.3,14.8,12.6,24.29,0,0
31.3,57.0,16.0,9.7,27.309999999999995,0,0
37.7,44.1,10.6,2.2,20.0,0,0
31.4,24.6,8.5,4.9,14.18,0,0
20.4,78.8,21.0,57.4,52.839999999999996,1,0
26.2,66.7,23.2,5.5,29.470000000000002,0,0
42.1,37.5,9.4,0.8,17.66,0,0
23.2,93.0,24.1,53.7,56.52,1,1
30.7,45.1,19.5,9.9,24.46,0,0
19.2,94.1,40.4,93.2,75.50999999999999,1,1
40.5,22.7,15.7,3.6,15.440000000000001,0,0
34.7,29.9,8.5,4.8,16.060000000000002,0,0
43.5,22.9,16.0,3.5,15.82,0,0
25.6,67.9,23.8,17.2,34.57,0,0
20.6,83.1,17.2,48.5,49.83,0,0
18.0,71.7,26.2,30.4,40.71,0,0
34.3,26.8,9.2,2.7,14.389999999999999,0,0
25.0,71.7,28.9,50.1,49.830000000000005,1,0
18.8,81.4,21.1,31.2,43.00000000000001,0,0
23.3,88.2,19.3,32.5,45.65,0,1
41.5,39.6,16.1,3.1,20.490000000000002,0,0
25.7,63.8,16.9,15.1,31.129999999999995,0,0
22.1,82.4,46.3,76.7,66.87,1,0
38.6,38.7,15.8,3.4,19.990000000000002,0,0
27.1,63.3,17.2,12.7,30.220000000000002,0,0
23.8,90.4,41.9,62.9,63.040000000000006,1,1
18.8,80.4,34.2,44.9,50.800000000000004,0,0
28.7,78.1,32.2,37.8,47.85999999999999,0,0
39.5,31.1,12.6,0.0,15.8,0,0
20.9,83.2,30.0,64.6,58.89,1,0
22.7,72.7,33.3,58.1,53.98,1,0
26.5,88.9,17.7,29.3,44.58,0,1
43.5,43.1,14.7,1.5,20.82,0,0
27.4,49.3,17.7,8.7,24.549999999999997,0,0
29.1,53.0,19.0,15.7,28.89,0,0
25.0,83.8,34.2,72.7,63.56,1,0
20.0,87.6,25.8,40.5,49.64,0,1
16.9,93.3,32.8,75.0,66.24,1,1
26.9,88.1,34.6,89.1,71.67999999999999,1,1
40.1,40.4,12.0,4.3,20.250000000000004,0,0
22.3,94.6,16.0,48.6,53.25,0,1
26.7,49.7,16.4,19.6,28.700000000000003,0,0
44.4,35.3,12.7,4.2,19.25,0,0
25.1,83.5,28.4,69.5,61.04,1,0
24.5,64.4,12.7,9.6,28.15,0,0
26.2,81.2,15.2,39.2,45.699999999999996,0,0
38.7,42.4,7.6,2.8,19.229999999999997,0,0
28.6,65.0,14.5,15.2,31.339999999999996,0,0
25.2,53.1,16.7,8.2,25.07,0,0
21.7,70.9,27.4,67.5,55.92,1,0
23.9,68.7,24.1,16.1,34.26,0,0
18.6,80.1,31.9,65.8,58.589999999999996,1,0
41.6,42.5,13.3,4.7,21.45,0,0
30.3,28.2,14.9,3.7,15.95,0,0
35.3,23.4,16.7,2.2,14.769999999999998,0,0
31.0,46.8,22.9,14.3,27.439999999999998,0,0
30.3,24.9,16.3,2.7,14.84,0,0
42.2,41.2,9.5,2.3,19.400000000000002,0,0
21.9,96.4,36.2,70.5,66.55,1,1
32.3,20.7,13.5,2.4,13.100000000000001,0,0
21.4,73.5,28.5,54.1,51.53,1,0
25.4,94.9,38.6,88.1,73.97000000000001,1,1
29.8,91.7,22.2,55.8,57.25,1,1
23.3,84.1,45.8,93.2,74.0,1,0
36.6,34.0,12.7,4.4,18.16,0,0
34.4,23.5,17.3,2.3,14.87,0,0
24.0,71.5,29.5,46.8,48.47,0,0
19.4,93.8,22.4,66.0,60.959999999999994,1,1
34.9,31.5,16.2,2.8,17.299999999999997,0,0
27.2,81.2,28.3,62.2,57.620000000000005,1,0
21.7,87.9,44.7,82.3,70.4,1,1
17.3,82.9,47.3,79.8,67.98,1,0
18.2,94.2,22.1,34.6,48.34,0,1
18.6,72.7,26.1,38.1,44.129999999999995,0,0
18.9,73.1,17.2,47.4,46.22,0,0
38.9,23.5,17.2,4.3,16.099999999999998,0,0
39.9,38.0,12.9,4.2,19.65,0,0
24.7,94.0,28.0,60.0,60.27,1,1
36.2,43.2,15.9,2.9,20.92,0,0
29.8,82.1,27.8,49.0,52.77000000000001,0,0
33.4,40.8,7.4,3.8,18.58,0,0
33.1,44.1,12.9,3.2,20.400000000000006,0,0
25.8,46.1,11.9,13.2,24.07,0,0
24.3,69.4,21.4,6.9,30.290000000000003,0,0
18.2,75.6,23.5,32.9,42.36,0,0
22.6,91.0,20.7,25.2,43.78,0,1
38.3,40.0,8.7,4.4,19.33,0,0
23.7,49.8,23.5,10.5,26.209999999999997,0,0
38.1,29.3,10.4,3.8,16.2,0,0
37.6,32.9,17.4,1.5,17.71,0,0
27.4,66.2,20.9,19.3,34.5,0,0
24.5,60.1,24.8,17.0,32.24,0,0
31.7,54.3,20.3,11.5,28.120000000000005,0,0
27.3,60.4,17.3,12.3,29.23,0,0
44.9,25.7,13.5,4.6,16.740000000000002,0,0
29.2,69.7,14.0,10.8,30.950000000000003,0,0
36.5,36.0,6.9,4.3,17.55,0,0
30.2,59.0,10.9,17.4,29.86,0,0
37.9,24.4,16.7,0.1,14.489999999999998,0,0
25.8,56.8,12.5,17.5,29.119999999999997,0,0
23.5,81.7,28.2,22.7,41.580000000000005,0,0
42.2,23.5,12.4,2.3,14.67,0,0
28.0,88.7,15.5,24.0,42.11,0,1
26.9,67.6,20.3,8.2,30.31,0,0
22.4,95.1,35.8,64.0,63.529999999999994,1,1
25.9,68.7,16.2,15.2,32.519999999999996,0,0
40.8,34.2,17.3,3.6,19.240000000000002,0,0
23.7,69.9,22.8,9.0,31.500000000000004,0,0
22.4,88.1,25.6,30.7,46.07,0,1
34.1,32.2,5.3,2.8,15.25,0,0
42.3,21.9,12.4,2.2,14.16,0,0
29.6,50.8,24.2,16.3,29.56,0,0
19.7,70.4,30.6,38.1,44.45,0,0
30.3,30.1,10.3,5.0,16.12,0,0
22.9,49.9,22.3,11.5,26.32,0,0
34.6,41.7,12.7,4.2,20.19,0,0
31.5,51.2,12.4,18.0,28.189999999999998,0,0
40.6,34.8,12.8,1.3,17.58,0,0
38.9,33.4,17.3,1.5,17.97,0,0
40.6,20.8,15.6,2.4,14.38,0,0
15.2,92.5,39.6,88.5,72.58999999999999,1,1
27.6,66.0,13.2,12.9,30.360000000000003,0,0
42.9,32.1,14.1,2.9,17.900000000000002,0,0
29.2,74.0,35.0,64.9,58.080000000000005,1,0
32.0,63.2,11.9,12.8,29.66,0,0
28.4,82.5,16.9,32.2,43.85000000000001,0,0
21.2,80.4,27.9,29.4,43.58,0,0
34.1,21.6,10.3,4.5,13.750000000000002,0,0
24.7,49.7,20.7,5.1,23.56,0,0
22.0,86.6,25.5,53.4,54.64,1,1
20.0,88.0,33.6,98.6,74.56,1,1
27.0,57.9,19.9,11.8,28.769999999999996,0,0
44.2,35.2,6.3,4.1,17.880000000000003,0,0
27.2,76.1,20.9,52.1,50.57,1,0
25.7,92.4,32.6,26.3,47.330000000000005,0,1
31.2,55.0,12.7,9.5,25.96,0,0
44.6,26.5,8.8,1.8,14.89,0,0
22.6,57.2,21.7,18.5,31.160000000000004,0,0
29.2,86.6,34.4,69.7,63.660000000000004,1,1
21.1,90.8,16.8,65.1,58.75,1,1
23.2,47.2,24.2,13.6,26.76,0,0
23.7,48.6,17.0,14.3,26.070000000000004,0,0
15.8,86.1,37.9,74.4,64.75,1,1
30.1,52.0,23.1,14.3,28.950000000000003,0,0
28.2,90.7,24.6,25.5,45.150000000000006,0,1
19.9,80.4,17.0,44.5,47.31,0,0
41.3,33.3,9.3,3.1,17.22,0,0
31.9,66.3,12.6,19.4,33.36,0,0
24.5,74.8,25.3,30.5,42.150000000000006,0,0
24.5,46.7,20.6,11.2,25.06,0,0
40.2,43.6,16.7,2.5,21.44,0,0
22.6,57.4,10.9,13.7,27.14,0,0
21.0,84.0,22.3,45.6,50.0,0,0
30.2,32.2,11.9,0.1,15.1,0,0
39.8,39.9,12.8,3.4,19.869999999999997,0,0
27.4,48.1,17.5,13.6,26.11,0,0
22.1,83.5,42.0,86.0,70.06,1,0
31.5,45.0,14.5,19.2,27.229999999999997,0,0
35.9,35.9,6.2,3.3,16.92,0,0
44.9,28.2,11.0,4.5,16.950000000000003,0,0
24.8,57.5,23.9,19.2,32.19,0,0
42.2,43.1,14.0,4.1,21.590000000000003,0,0
22.1,56.0,14.4,12.2,26.77,0,0
32.3,38.8,12.8,0.9,17.79,0,0
31.8,21.2,7.1,1.4,11.52,0,0
25.0,88.5,39.3,65.7,63.19,1,1
31.1,64.3,13.5,12.8,30.22,0,0
25.8,57.8,17.5,16.8,30.14,0,0
23.8,93.1,20.3,26.8,45.09,0,1
22.1,84.3,45.0,89.4,72.26,1,0
